id,links
0,http://www.cissamagazine.com.br
1,http://www.cissamagazine.com.br/#
2,http://www.cissamagazine.com.br/cliente
3,http://www.cissamagazine.com.br/acessorios
4,http://www.cissamagazine.com.br/ar-e-ventilacao
5,http://www.cissamagazine.com.br/hardware/armazenamento
6,http://www.cissamagazine.com.br/audio
7,http://www.cissamagazine.com.br/automacao
8,http://www.cissamagazine.com.br/automotivo
9,http://www.cissamagazine.com.br/bebes
10,http://www.cissamagazine.com.br/beleza-e-saude
11,http://www.cissamagazine.com.br/brinquedos
12,http://www.cissamagazine.com.br/cameras-e-drones
13,http://www.cissamagazine.com.br/acessorios/carregadores
14,http://www.cissamagazine.com.br/acessorios/cartao-memoria
15,http://www.cissamagazine.com.br/casa-e-jardim
16,http://www.cissamagazine.com.br/celular
17,http://www.cissamagazine.com.br/informatica/computador
18,http://www.cissamagazine.com.br/hardware/coolers
19,http://www.cissamagazine.com.br/hardware/drive-optico
20,http://www.cissamagazine.com.br/eletrodomesticos
21,http://www.cissamagazine.com.br/eletronicos
22,http://www.cissamagazine.com.br/eletroportateis
23,http://www.cissamagazine.com.br/esporte-e-lazer
24,http://www.cissamagazine.com.br/informatica/energia/estabilizador
25,http://www.cissamagazine.com.br/fitness-e-musculacao
26,http://www.cissamagazine.com.br/audio/fone-de-ouvido
27,http://www.cissamagazine.com.br/hardware/fontes
28,http://www.cissamagazine.com.br/hardware/gabinete
29,http://www.cissamagazine.com.br/games
30,http://www.cissamagazine.com.br/acessorios/gps
31,http://www.cissamagazine.com.br/informatica/impressoras
32,http://www.cissamagazine.com.br/informatica
33,http://www.cissamagazine.com.br/instrumentos-musicais
34,http://www.cissamagazine.com.br/industria
35,http://www.cissamagazine.com.br/informatica/monitor
36,http://www.cissamagazine.com.br/smart-gadgets/oculos
37,http://www.cissamagazine.com.br/papelaria
38,http://www.cissamagazine.com.br/acessorios/pen-drives
39,http://www.cissamagazine.com.br/informatica/perifericos
40,http://www.cissamagazine.com.br/pet-shop
41,http://www.cissamagazine.com.br/hardware/placa-mae
42,http://www.cissamagazine.com.br/hardware/placa-de-video
43,http://www.cissamagazine.com.br/hardware/processador
44,http://www.cissamagazine.com.br/hardware/rede
45,http://www.cissamagazine.com.br/relogios
46,http://www.cissamagazine.com.br/seguranca
47,http://www.cissamagazine.com.br/smartphones
48,http://www.cissamagazine.com.br/smart-gadgets/smartwatch
49,http://www.cissamagazine.com.br/tablets
50,http://www.cissamagazine.com.br/telefonia
51,http://www.cissamagazine.com.br/eletronicos/tvs-e-acessorios
52,http://www.cissamagazine.com.br/smartphones/alcatel
53,http://www.cissamagazine.com.br/smartphones/apple
54,http://www.cissamagazine.com.br/smartphones/asus
55,http://www.cissamagazine.com.br/smartphones/blu
56,http://www.cissamagazine.com.br/smartphones/caterpillar
57,http://www.cissamagazine.com.br/smartphones/huawei
58,http://www.cissamagazine.com.br/smartphones/lenovo
59,http://www.cissamagazine.com.br/smartphones/lg
60,http://www.cissamagazine.com.br/smartphones/motorola
61,http://www.cissamagazine.com.br/smartphones/multilaser
62,http://www.cissamagazine.com.br/smartphones/oneplus
63,http://www.cissamagazine.com.br/smartphones/positivo
64,http://www.cissamagazine.com.br/smartphones/qbex
65,http://www.cissamagazine.com.br/smartphones/quantum
66,http://www.cissamagazine.com.br/smartphones/tcl
67,http://www.cissamagazine.com.br/smartphones/samsung
68,http://www.cissamagazine.com.br/smartphones/sony
69,http://www.cissamagazine.com.br/smartphones/xiaomi
70,http://www.cissamagazine.com.br/smartphones/zte
71,http://www.cissamagazine.com.br/smartphones/4gb
72,http://www.cissamagazine.com.br/smartphones/8gb
73,http://www.cissamagazine.com.br/smartphones/16gb
74,http://www.cissamagazine.com.br/smartphones/32gb
75,http://www.cissamagazine.com.br/smartphones/64gb
76,http://www.cissamagazine.com.br/smartphones/128gb
77,http://www.cissamagazine.com.br/smartphones/256gb
78,http://www.cissamagazine.com.br/smartphones/single-chip
79,http://www.cissamagazine.com.br/smartphones/dual-chip
80,http://www.cissamagazine.com.br/smartphones/4g
81,http://www.cissamagazine.com.br/smartphones/3g
82,http://www.cissamagazine.com.br/smartphones/dual-core
83,http://www.cissamagazine.com.br/smartphones/quad-core
84,http://www.cissamagazine.com.br/smartphones/hexa-core
85,http://www.cissamagazine.com.br/smartphones/octa-core
86,http://www.cissamagazine.com.br/smartphones/prova-da-agua
87,http://www.cissamagazine.com.br/audio/caixa-de-som
88,http://www.cissamagazine.com.br/audio/caixa-de-som/portatil
89,http://www.cissamagazine.com.br/audio/caixa-de-som/acustica
90,http://www.cissamagazine.com.br/audio/caixa-som-amplificada
91,http://www.cissamagazine.com.br/audio/caixa-som-acustica/arandela
92,http://www.cissamagazine.com.br/audio/soundbar
93,http://www.cissamagazine.com.br/audio/fone-de-ouvido/bluetooth
94,http://www.cissamagazine.com.br/audio/fone-de-ouvido/profissional
95,http://www.cissamagazine.com.br/audio/fone-de-ouvido/headphone
96,http://www.cissamagazine.com.br/audio/fone-de-ouvido/auricular
97,http://www.cissamagazine.com.br/instrumentos-musicais/guitarra
98,http://www.cissamagazine.com.br/instrumentos-musicais/microfone
99,http://www.cissamagazine.com.br/instrumentos-musicais/bateria-e-percussao
100,http://www.cissamagazine.com.br/instrumentos-musicais/violao
101,http://www.cissamagazine.com.br/instrumentos-musicais/teclado
102,http://www.cissamagazine.com.br/audio/receiver
103,http://www.cissamagazine.com.br/audio/home-theater
104,http://www.cissamagazine.com.br/audio/radio
105,http://www.cissamagazine.com.br/audio/mini-system
106,http://www.cissamagazine.com.br/audio/micro-system
107,http://www.cissamagazine.com.br/audio/profissional
108,http://www.cissamagazine.com.br/audio/profissional/mesa-de-som
109,http://www.cissamagazine.com.br/audio/profissional/equalizador
110,http://www.cissamagazine.com.br/audio/profissional/mixer
111,http://www.cissamagazine.com.br/audio/profissional/mesa-controladora
112,http://www.cissamagazine.com.br/instrumentos-musicais/guitarra/pedal
113,http://www.cissamagazine.com.br/instrumentos-musicais/pedestal
114,http://www.cissamagazine.com.br/informatica/perifericos/teclado
115,http://www.cissamagazine.com.br/informatica/perifericos/mouse
116,http://www.cissamagazine.com.br/informatica/perifericos/mouse-pad
117,http://www.cissamagazine.com.br/informatica/perifericos/teclado-mouse
118,http://www.cissamagazine.com.br/informatica/perifericos/suporte
119,http://www.cissamagazine.com.br/informatica/perifericos/caixa-de-som
120,http://www.cissamagazine.com.br/informatica/perifericos/webcam
121,http://www.cissamagazine.com.br/informatica/perifericos/headset
122,http://www.cissamagazine.com.br/informatica/perifericos/mesa-digitalizadora
123,http://www.cissamagazine.com.br/informatica/perifericos/cadeira-gamer
124,http://www.cissamagazine.com.br/informatica/monitor/led
125,http://www.cissamagazine.com.br/informatica/monitor/gamer
126,http://www.cissamagazine.com.br/informatica/monitor/tv-monitor
127,http://www.cissamagazine.com.br/informatica/notebook
128,http://www.cissamagazine.com.br/informatica/notebook/convencional
129,http://www.cissamagazine.com.br/informatica/notebook/gamer
130,http://www.cissamagazine.com.br/informatica/notebook/chromebook
131,http://www.cissamagazine.com.br/informatica/notebook/ultrabook
132,http://www.cissamagazine.com.br/informatica/notebook/macbook
133,http://www.cissamagazine.com.br/informatica/computador/pc-convencional
134,http://www.cissamagazine.com.br/informatica/computador/pc-gamer
135,http://www.cissamagazine.com.br/informatica/computador/apple-imac
136,http://www.cissamagazine.com.br/informatica/impressoras/convencional
137,http://www.cissamagazine.com.br/informatica/impressoras/fotografica
138,http://www.cissamagazine.com.br/informatica/impressoras/multifuncional
139,http://www.cissamagazine.com.br/informatica/impressoras/plotter
140,http://www.cissamagazine.com.br/informatica/impressoras/termica
141,http://www.cissamagazine.com.br/informatica/impressoras/toner
142,http://www.cissamagazine.com.br/informatica/impressoras/cartucho-tinta
143,http://www.cissamagazine.com.br/informatica/tinta-para-impressora
144,http://www.cissamagazine.com.br/informatica/energia
145,http://www.cissamagazine.com.br/informatica/energia/filtro-de-linha
146,http://www.cissamagazine.com.br/hardware
147,http://www.cissamagazine.com.br/hardware/fontes/linha-1000-w
148,http://www.cissamagazine.com.br/hardware/fontes/linha-800-w
149,http://www.cissamagazine.com.br/hardware/fontes/linha-700-w
150,http://www.cissamagazine.com.br/hardware/fontes/linha-600-w
151,http://www.cissamagazine.com.br/hardware/fontes/linha-500-w
152,http://www.cissamagazine.com.br/hardware/fontes/linha-400-w
153,http://www.cissamagazine.com.br/hardware/fontes/linha-300-w
154,http://www.cissamagazine.com.br/hardware/fontes/linha-200-w
155,http://www.cissamagazine.com.br/hardware/rede/access-point
156,http://www.cissamagazine.com.br/hardware/rede/adaptador-wireless
157,http://www.cissamagazine.com.br/hardware/rede/antena-wireless
158,http://www.cissamagazine.com.br/hardware/rede/placa-de-rede
159,http://www.cissamagazine.com.br/hardware/rede/roteador-wireless
160,http://www.cissamagazine.com.br/hardware/rede/modem-wireless
161,http://www.cissamagazine.com.br/hardware/coolers/processador
162,http://www.cissamagazine.com.br/hardware/gabinete/fan
163,http://www.cissamagazine.com.br/hardware/coolers/memoria-ram
164,http://www.cissamagazine.com.br/hardware/coolers/water-cooler
165,http://www.cissamagazine.com.br/hardware/memoria-ram
166,http://www.cissamagazine.com.br/hardware/memoria-ram/ddr3
167,http://www.cissamagazine.com.br/hardware/memoria-ram/ddr4
168,http://www.cissamagazine.com.br/hardware/memoria-ram/ddr5
169,http://www.cissamagazine.com.br/hardware/memoria-ram/notebook
170,http://www.cissamagazine.com.br/hardware/armazenamento/hd-interno
171,http://www.cissamagazine.com.br/hardware/armazenamento/hd-externo
172,http://www.cissamagazine.com.br/hardware/armazenamento/hd-notebook
173,http://www.cissamagazine.com.br/hardware/armazenamento/ssd
174,http://www.cissamagazine.com.br/hardware/processador/amd
175,http://www.cissamagazine.com.br/hardware/processador/intel
176,http://www.cissamagazine.com.br/hardware/placa-de-video/nvidia
177,http://www.cissamagazine.com.br/hardware/placa-de-video/amd-ati
178,http://www.cissamagazine.com.br/hardware/placa-mae/processador-amd
179,http://www.cissamagazine.com.br/hardware/placa-mae/processador-intel
180,http://www.cissamagazine.com.br/hardware/gabinete/gamer
181,http://www.cissamagazine.com.br/hardware/gabinete/convencional
182,http://www.cissamagazine.com.br/hardware/drive-optico/interno
183,http://www.cissamagazine.com.br/hardware/drive-optico/externo
184,http://www.cissamagazine.com.br/eletroportateis/batedeira
185,http://www.cissamagazine.com.br/eletroportateis/cortador-de-frios
186,http://www.cissamagazine.com.br/eletroportateis/fritadeira-eletrica
187,http://www.cissamagazine.com.br/eletroportateis/liquidificador
188,http://www.cissamagazine.com.br/eletroportateis/maquina-de-pao
189,http://www.cissamagazine.com.br/eletroportateis/torradeira
190,http://www.cissamagazine.com.br/eletroportateis/aspirador-de-po
191,http://www.cissamagazine.com.br/eletroportateis/bebedouro
192,http://www.cissamagazine.com.br/eletroportateis/ferro-de-passar
193,http://www.cissamagazine.com.br/eletroportateis/passadeira-a-vapor
194,http://www.cissamagazine.com.br/eletroportateis/purificador-de-agua
195,http://www.cissamagazine.com.br/eletroportateis/cafeteira
196,http://www.cissamagazine.com.br/eletroportateis/chaleira-eletrica
197,http://www.cissamagazine.com.br/eletroportateis/grills-e-sanduicheiras
198,http://www.cissamagazine.com.br/eletroportateis/mixer
199,http://www.cissamagazine.com.br/eletroportateis/panela-eletrica
200,http://www.cissamagazine.com.br/eletroportateis/pipoqueira
201,http://www.cissamagazine.com.br/paginas-especiais
202,http://www.cissamagazine.com.br/smartphones-mais-vendidos
203,http://www.cissamagazine.com.br/melhores-smartphones-xiaomi
204,http://www.cissamagazine.com.br/melhores-smartphones-6gb-ram
205,http://www.cissamagazine.com.br/smartphones-apple-mais-vendidos
206,http://www.cissamagazine.com.br/melhores-smartphones-para-selfie
207,http://www.cissamagazine.com.br/melhores-caixas-de-som-prova-agua
208,http://www.cissamagazine.com.br/melhores-caixas-de-som-jbl
209,http://www.cissamagazine.com.br/melhores-caixas-de-som
210,http://www.cissamagazine.com.br/melhores-caixas-de-som-pc-notebook
211,http://www.cissamagazine.com.br/melhores-caixas-de-som-amplificada
212,http://www.cissamagazine.com.br/melhores-fones-de-ouvido
213,http://www.cissamagazine.com.br/melhores-fones-ouvido-bluetooth
214,http://www.cissamagazine.com.br/melhores-fones-de-ouvido-sony
215,http://www.cissamagazine.com.br/melhores-fones-de-ouvido-edifier
216,http://www.cissamagazine.com.br/melhores-fones-de-ouvido-jbl
217,http://www.cissamagazine.com.br/melhores-teclados
218,http://www.cissamagazine.com.br/headsets-mais-vendidos
219,http://www.cissamagazine.com.br/melhores-cadeiras-gamer
220,http://www.cissamagazine.com.br/melhores-notebooks-para-jogar
221,http://www.cissamagazine.com.br/melhores-computadores-gamers
222,http://www.cissamagazine.com.br/melhores-cafeteiras
223,http://www.cissamagazine.com.br/melhores-chuveiros-e-duchas
224,http://www.cissamagazine.com.br/melhores-batedeiras
225,http://www.cissamagazine.com.br/melhores-jogos-xbox
226,http://www.cissamagazine.com.br/melhores-jogos-playstation
227,http://www.cissamagazine.com.br/melhores-jogos-nintendo
228,http://www.cissamagazine.com.br/relogios-masculinos-mais-vendidos
229,http://www.cissamagazine.com.br/relogios-femininos-mais-vendidos
230,http://www.cissamagazine.com.br/melhores-escovas-modeladoras
231,http://www.cissamagazine.com.br/melhores-secadores-de-cabelo
232,http://www.cissamagazine.com.br/melhores-celulares-black-friday
233,http://www.cissamagazine.com.br/blog
234,http://www.cissamagazine.com.br/blog/curiosidades
235,http://www.cissamagazine.com.br/blog/noticias
236,http://www.cissamagazine.com.br/blog/review
237,http://www.cissamagazine.com.br/blog/comparativos
238,http://www.cissamagazine.com.br/black-friday-cissa-magazine
239,http://www.cissamagazine.com.br/smartphone-samsung-galaxy-a80-128gb-preto
240,http://www.cissamagazine.com.br/smartwatch-xiaomi-amazfit-verge-global-grafite
241,http://www.cissamagazine.com.br/smartphone-motorola-moto-e6-plus-32gb-xt2025-cinza
242,http://www.cissamagazine.com.br/monitor-cardiaco-xiaomi-mi-band-4-preto
243,http://www.cissamagazine.com.br/smartphone-xiaomi-cc9e-mi-a3-preto
244,http://www.cissamagazine.com.br/teclado-gamer-mecanico-k5-rgb-fortrek
245,http://www.cissamagazine.com.br/smartphone-blu-vivo-xiplus-lte-62-64gb-4gb-preto
246,http://www.cissamagazine.com.br/camera-de-acao-xiaomi-mi-action-4k-wi-fi-ydxj01fm
247,http://www.cissamagazine.com.br/processador-amd-ryzen-3-2200-4-nucleos-3-5ghz-cache-6mb-yd2200c5fbbox
248,http://www.cissamagazine.com.br/smartphone-xiaomi-redmi-k20-64gb-preto
249,http://www.cissamagazine.com.br/caixa-de-som-bluetooth-jbl-go-2-bluetooth-jblgo2-preto
250,http://www.cissamagazine.com.br/smartphone-xiaomi-redmi-7a-16gb-preto
251,http://www.cissamagazine.com.br/fone-ouvido-xiaomi-airdots-twsej04lm-preto
252,http://www.cissamagazine.com.br/smartphone-xiaomi-redmi-note-7-64gb-4gb-desbloqueado-preto
253,http://www.cissamagazine.com.br/smartphone-xiaomi-redmi-note-7-64gb-4gb-desbloqueado-azul
254,http://www.cissamagazine.com.br/google-chromecast-3-hdmi-full-hd-resolucao-1080p
255,http://www.cissamagazine.com.br/smartphone-xiaomi-redmi-note-7-128gb-azul
256,http://www.cissamagazine.com.br/smartphone-xiaomi-redmi-note-7-128gb-preto
257,http://www.cissamagazine.com.br/receptor-htv-box-6-preto
258,http://www.cissamagazine.com.br/smartphone-xiaomi-redmi-7a-32gb-versao-global-desbloqueado
259,http://www.cissamagazine.com.br/receptor-digital-htv-box-6-plus-preto
260,http://www.cissamagazine.com.br/smartphone-xiaomi-mi-8-lite-128gb-preto
261,http://www.cissamagazine.com.br/smartphone-xiaomi-mi-a3-128gb-azul
262,http://www.cissamagazine.com.br/eletronicos/tvs-e-acessorios/televisores
263,http://www.cissamagazine.com.br/placa-de-video-galax-geforce-gtx-1050ti-oc-50iqh8dsn8oc
264,http://www.cissamagazine.com.br/placa-video-powercolor-radeon-rx-550-4gbd5-dha
265,http://www.cissamagazine.com.br/placa-de-video-xfx-radeon-rx-580-8gb-oc-gts-xxx-edition-rx-580p8dfd6
266,http://www.cissamagazine.com.br/placa-video-pcyes-gtx-750ti-pa750ti12802g5df
267,http://www.cissamagazine.com.br/placa-video-gigabyte-gt-1030-oc-gvn1030oc2gi
268,http://www.cissamagazine.com.br/placa-de-video-galax-geforce-rtx-2060-super-ex-1-click-oc-8gb-26isl6mpx2ex
269,http://www.cissamagazine.com.br/placa-video-asus-geforce-gtx-1660-phgtx1660o6g
270,http://www.cissamagazine.com.br/placa-video-pcyes-hd-6570-pj657012802d3
271,http://www.cissamagazine.com.br/placa-pcyes-geforce-60nrj7dsx1py
272,http://www.cissamagazine.com.br/placa-video-galax-geforce-rtx-2080-28nsl6ucu9en
273,http://www.cissamagazine.com.br/placa-video-asus-gtx-1650-rogstrixgtx16504g
274,http://www.cissamagazine.com.br/placa-video-gigabyte-rtx-2060-gvn2060wf2oc6gd
275,http://www.cissamagazine.com.br/placa-video-asus-gtx-1660-tuf3gtx1660o6ggaming
276,http://www.cissamagazine.com.br/placa-video-asus-rx-5700-rx57008g
277,http://www.cissamagazine.com.br/placa-video-asus-gtx-1650-rog-strix-gtx1650-a4g
278,http://www.cissamagazine.com.br/gps-portatil-garmin-etrex-10-pretoamarelo
279,http://www.cissamagazine.com.br/smartwatch-apple-watchseries-4-cinza-espacial
280,http://www.cissamagazine.com.br/relogio-garmin-forerunner-235-hr-preto-vermelho
281,http://www.cissamagazine.com.br/google-home-assistant-branco
282,http://www.cissamagazine.com.br/smartwatches-xiaomi-amazfit-bit-a1608-preto
283,http://www.cissamagazine.com.br/smartwatch-xiaomi-amazfit-gtr-cinza
284,http://www.cissamagazine.com.br/smartwatch-apple-watch-series-3-cinza-escuro
285,http://www.cissamagazine.com.br/smartphone-samsung-galaxya30-64gb-preto
286,http://www.cissamagazine.com.br/macbook-air-apple-intel-core-i5-128gb-cinza-espacial
287,http://www.cissamagazine.com.br/notebook-lenovo-ideapad-320-80yh0008br-prata
288,http://www.cissamagazine.com.br/notebook-gamer-lenovo-legion-y53015ich-156-core-i5-ram-8gb-hd-1tb-preto
289,http://www.cissamagazine.com.br/apple-macbook-air-128gb-dourado-mvfm
290,http://www.cissamagazine.com.br/notebook-vaio-vjf155f11x-b2411b-preto
291,http://www.cissamagazine.com.br/notebook-lenovo-81fe000qbr-prata
292,http://www.cissamagazine.com.br/macbook-apple-ssd-256gb-cinza-espacial
293,http://www.cissamagazine.com.br/notebook-lenovo-b330-intel-i3-ram-4gb-hd-500gb-preto
294,http://www.cissamagazine.com.br/notebook-gamer-acer-nitro-5-core-i7-an5155178d6
295,http://www.cissamagazine.com.br/notebook-lenovo-b330-81m10005br-preto
296,http://www.cissamagazine.com.br/notebook-positivo-stilo-14-xci-7660-cinza-escuro
297,http://www.cissamagazine.com.br/notebook-samsung-np535u3c-ad1br-cinza
298,http://www.cissamagazine.com.br/notebook-dell-i35673276-156-preto
299,http://www.cissamagazine.com.br/notebook-vaio-core-i3-vjf154f11x
300,http://www.cissamagazine.com.br/notebook-samsung-expert-i3-i37020u-4gb-1tb-156-np350xaakf3br
301,http://www.cissamagazine.com.br/placa-mae-gigabyte-gaa320ms2h-
302,http://www.cissamagazine.com.br/memoria-ram-kingston-hyperx-fury-8gb-ddr4-2400mhz
303,http://www.cissamagazine.com.br/repetidor-e-roteador-d-link-dap-1325-branco
304,http://www.cissamagazine.com.br/processador-amd-ryzen-3-3200g-yd3200c5fhbox
305,http://www.cissamagazine.com.br/processador-intel-pentium-g5400-gold-lga-1151-37ghz-cache-4mb
306,http://www.cissamagazine.com.br/fonte-corsair-vs600-80-plus-white-cp9020119
307,http://www.cissamagazine.com.br/processador-amd-ryzen-5-3400g-yd3400c5fhbox
308,http://www.cissamagazine.com.br/processador-intel-pentium-g4560-kabylake-lga-1151
309,http://www.cissamagazine.com.br/processador-intel-core-i3-8100-3-6ghz-cache-6mb
310,http://www.cissamagazine.com.br/roteador-tplink-archer-c5-ac1200-branco
311,http://www.cissamagazine.com.br/fonte-gamer-gamemax-gm500-500w
312,http://www.cissamagazine.com.br/fonte-gamer-gamemax-400w-80-plus-bronze-gp400a
313,http://www.cissamagazine.com.br/memoria-ram-kingston-para-desktop-8gb-kvr16ln11-8
314,http://www.cissamagazine.com.br/placa-mae-lga-1151-intel-gigabyte-ga-h110m-m-2
315,http://www.cissamagazine.com.br/processador-amd-ryzen-5-3600-yd3600bbafbox
316,http://www.cissamagazine.com.br/headphone-edifier-w830bt-bluetooth-dourado
317,http://www.cissamagazine.com.br/fone-de-ouvido-apple-airpods-bluetooth-branco
318,http://www.cissamagazine.com.br/fone-ouvido-apple-airpods-bluetooth-mv7n2-branco
319,http://www.cissamagazine.com.br/caixa-de-som-bluetooth-jbl-flip-4-16w-preto
320,http://www.cissamagazine.com.br/caixa-de-som-bluetooth-jbl-charge-4-30w-azul
321,http://www.cissamagazine.com.br/caixa-de-som-google-speaker-preto
322,http://www.cissamagazine.com.br/fone-de-ouvido-edifier-w280bt-preto
323,http://www.cissamagazine.com.br/radio-portatil-motobras-amfm-rmpft21ac22ac
324,http://www.cissamagazine.com.br/console-sony-playstation-4-slim-500gb-com-controle-dualshock-4-preto
325,http://www.cissamagazine.com.br/smartwatch-samsung-galaxy-watch-bt-smr810-preto
326,http://www.cissamagazine.com.br/fone-de-ouvido-jbl-bluetooth-e25-bt-preto
327,http://www.cissamagazine.com.br/smartphone-xiaomi-redmi-k20-64gb-azul
328,http://www.cissamagazine.com.br/smartphone-xiaomi-mi-9-128gb-6gb-preto
329,http://www.cissamagazine.com.br/smartphone-xiaomi-mi-9-128gb-6gb-azul
330,http://www.cissamagazine.com.br/smartphone-xiaomi-mi-9-64gb-6gb-preto
331,http://www.cissamagazine.com.br/smartphone-xiaomi-mi-9-se-128gb-6gb-preto
332,http://www.cissamagazine.com.br/smartphone-apple-iphone-6s-plus-32gb-cinza-espacial
333,http://www.cissamagazine.com.br/smartphone-caterpillar-s60-32gb-preto
334,http://www.cissamagazine.com.br/smartphone-xiaomi-redmi-k20-128gb-preto
335,http://www.cissamagazine.com.br/smartphone-huawei-p20-lite-32gb-preto
336,http://www.cissamagazine.com.br/smartphone-xiaomi-mi-9-se-128gb-6gb-ram-azul
337,http://www.cissamagazine.com.br/smartphone-xiaomi-mi-9t-pro-128gb-6gb-preto
338,http://www.cissamagazine.com.br/smartphone-xiaomi-pocophone-f1-64gb-preto
339,http://www.cissamagazine.com.br/smartphone-xiaomi-mi-9-se-64gb-6gb-preto
340,http://www.cissamagazine.com.br/smartphone-xiaomi-mi-9-64gb-6gb-azul
341,http://www.cissamagazine.com.br/headset-logitech-h390
342,http://www.cissamagazine.com.br/mouse-logitech-com-fio-usb-m90-preto
343,http://www.cissamagazine.com.br/teclado-mouse-logitech-wireless-mk220
344,http://www.cissamagazine.com.br/teclado-hardline-kb-7010
345,http://www.cissamagazine.com.br/mouse-hardline-am-3212
346,http://www.cissamagazine.com.br/mouse-apple-magic-2-bluetooth-branco
347,http://www.cissamagazine.com.br/apresentador-multimidia-multilaser-laser-point-sem-fio-ac164
348,http://www.cissamagazine.com.br/webcam-multilaser-night-vision-mic-usb-wc045-preto
349,http://www.cissamagazine.com.br/fone-de-ouvido-headset-felitron-stile-compact-voip-slim-preto
350,http://www.cissamagazine.com.br/headset-microsoft-lifechat-lx3000-usb-dolby-2-0
351,http://www.cissamagazine.com.br/webcam-logitech-c922-pro-1080p
352,http://www.cissamagazine.com.br/teclado-gamer-oex-action-multimidia-tc200-preto
353,http://www.cissamagazine.com.br/mouse-fortrek-pro-m7-rgb-preto
354,http://www.cissamagazine.com.br/adaptador-redragon-eris-ga200-preto
355,http://www.cissamagazine.com.br/mouse-apple-magic-2-bluetooth-mrme2lla-cinza-espacial
356,http://www.cissamagazine.com.br/ssd-western-digital-wds480g2g0b
357,http://www.cissamagazine.com.br/ssd-adata-128gb-asx6000np-128gt-c
358,http://www.cissamagazine.com.br/hd-externo-seagate-game-drive-special-
359,http://www.cissamagazine.com.br/hd-interno-seagate-pull-sata-st3500414cs
360,http://www.cissamagazine.com.br/ssd-adata-240gb-su630-asu630ss240gqr
361,http://www.cissamagazine.com.br/ssd-sandisk-plus-25-240gb-sata-iii-6gbs-sdssda-240g
362,http://www.cissamagazine.com.br/hd-externo-portatil-wd-western-digital-elements-2tb-usb-3-0-wdbu6y0020bbk
363,http://www.cissamagazine.com.br/ssd-kingston-a400-2-5-sata-iii-blister-6gb-s-240gb-sa400s37-240g
364,http://www.cissamagazine.com.br/hd-externo-portatil-seagate-expansion-2tb-stea2000400-preto
365,http://www.cissamagazine.com.br/ssd-kingston-a400-sa400s37-480gb
366,http://www.cissamagazine.com.br/ssd-samsung-1tb-860-evo-mz76e1t0e
367,http://www.cissamagazine.com.br/hd-interno-seagate-notebook-barracuda-1tb-st1000lm048
368,http://www.cissamagazine.com.br/ssd-samsung-m-2-250gb-mz-v7e250bw
369,http://www.cissamagazine.com.br/hd-interno-wd-purple-4tb-wd40purz
370,http://www.cissamagazine.com.br/grill-britania-press-180-220-volts
371,http://www.cissamagazine.com.br/churrasqueira-eletrica-cotherm-elite-grill-110v
372,http://www.cissamagazine.com.br/purificador-de-agua-electrolux-compressor-branco-110v
373,http://www.cissamagazine.com.br/fritadeira-mondial-naf03i-127-volts
374,http://www.cissamagazine.com.br/ferro-de-passar-black-decker-aj4000-220v
375,http://www.cissamagazine.com.br/fritadeira-air-fry-inox-philco-1400w-127v
376,http://www.cissamagazine.com.br/pipoqueira-tcl-semp-fit-pi3018vm-110v
377,http://www.cissamagazine.com.br/cafeteira-arno-dolce-gusto-mini-me-2
378,http://www.cissamagazine.com.br/liquidificador-mondial-l1000-vermelho-110-volts
379,http://www.cissamagazine.com.br/ferro-arno-ultragliss-iii-fua3-220v
380,http://www.cissamagazine.com.br/maquina-elgin-jx2051-110-volts
381,http://www.cissamagazine.com.br/assador-giratorio-hidro-5-espetos-3030w-220v
382,http://www.cissamagazine.com.br/omeleteira-eletrica-lenoxx-gourmet-inox-pom131-220v
383,http://www.cissamagazine.com.br/batedeira-cadence-orbital-contrast-400w-220v
384,http://www.cissamagazine.com.br/liquidificador-cadence-liq366-110v
385,https://www.facebook.com/CissaMagazine
386,https://twitter.com/cissamagazine
387,http://www.cissamagazine.com.br/smartphone-sony-xperia-10-plus-l3223-64gb-preto
388,http://www.cissamagazine.com.br/notebook-hp-246-g6-i57200u-8gb-480gb-windows-10-preto
389,http://www.cissamagazine.com.br/watercooler-deepcool-gamerstorm-captain-360ex
390,http://www.cissamagazine.com.br/smartphone-multilaser-ms60x-plus-16gb-preto
391,http://www.cissamagazine.com.br/gabinete-gamer-liketec-horus-rgb-lateral-vidro-preto
392,http://www.cissamagazine.com.br/blog/melhores-filmes-netflix
393,http://www.cissamagazine.com.br/melhores-smartphones-a-prova-agua
394,http://www.cissamagazine.com.br/smartphones-com-melhores-cameras
395,http://www.cissamagazine.com.br/melhores-celulares
396,http://www.cissamagazine.com.br/smartphone-xiaomi-mi-8-lite-64g
397,http://www.cissamagazine.com.br/placa-de-video-gigabyte-geforce-gtx-1060-gv-n1060wf2oc-6gd
398,http://www.cissamagazine.com.br/tel:+554735208000
399,http://www.procon.sc.gov.br/index.php/atendimento
400,http://www.cissamagazine.com.br/atendimento
401,http://www.cissamagazine.com.br/avaliacoes-clientes
402,http://www.cissamagazine.com.br/codigo-b2c
403,http://www.planalto.gov.br/ccivil_03/leis/l8078.htm
404,http://www.cissamagazine.com.br/duvidas
405,http://www.cissamagazine.com.br/errata
406,http://www.cissamagazine.com.br/cissa-magazine-e-confiavel
407,http://www.cissamagazine.com.br/politicas-de-pagamento
408,http://www.cissamagazine.com.br/prazo-entrega
409,http://www.cissamagazine.com.br/politicas-de-privacidade
410,http://www.cissamagazine.com.br/politicas-troca
411,http://www.cissamagazine.com.br/politicas-da-empresa
412,https://cissamagazine.enlizt.me/
413,http://www.cissamagazine.com.br/marketplace
414,http://www.cissamagazine.com.br/afiliados
415,http://transparencyreport.google.com/safe-browsing/search?url=/www.cissamagazine.com.br
416,http://www.cissamagazine.com.br/www.google.com/shopping/customerreviews/merchantreviews?q=cissamagazine.com.br
417,http://www.magazord.com.br/?utm_source=cissa_magazine&utm_medium=selo_magazord_rodape_site&utm_campaign=acesso_site_magazord
418,http://www.sintegra.gov.br
419,https://www.cissamagazine.com.br/acessorios/peliculas
420,https://www.cissamagazine.com.br/acessorios/capas
421,https://www.cissamagazine.com.br/acessorios/cartao-memoria
422,https://www.cissamagazine.com.br/acessorios/cabos
423,https://www.cissamagazine.com.br/acessorios/carregadores
424,https://www.cissamagazine.com.br/acessorios/bolsas
425,https://www.cissamagazine.com.br/acessorios/pen-drives
426,http://www.cissamagazine.com.br/busca?categoria=712
427,http://www.cissamagazine.com.br/busca?categoria=67
428,http://www.cissamagazine.com.br/busca?categoria=69
429,http://www.cissamagazine.com.br/busca?categoria=809
430,http://www.cissamagazine.com.br/busca?categoria=786
431,http://www.cissamagazine.com.br/busca?categoria=4
432,http://www.cissamagazine.com.br/busca?categoria=38
433,http://www.cissamagazine.com.br/busca?categoria=14
434,http://www.cissamagazine.com.br/busca?categoria=44
435,http://www.cissamagazine.com.br/busca?categoria=595
436,http://www.cissamagazine.com.br/busca?categoria=107
437,http://www.cissamagazine.com.br/busca?categoria=11
438,http://www.cissamagazine.com.br/busca?categoria=36
439,http://www.cissamagazine.com.br/busca?categoria=787
440,http://www.cissamagazine.com.br/acessorios?marca=99capas
441,http://www.cissamagazine.com.br/acessorios?marca=abmidia
442,http://www.cissamagazine.com.br/acessorios?marca=acer
443,http://www.cissamagazine.com.br/acessorios?marca=adata
444,http://www.cissamagazine.com.br/acessorios?marca=alcatel
445,http://www.cissamagazine.com.br/acessorios?marca=alltech
446,http://www.cissamagazine.com.br/acessorios?marca=amazon
447,http://www.cissamagazine.com.br/acessorios?marca=amvox
448,http://www.cissamagazine.com.br/acessorios?marca=anker
449,http://www.cissamagazine.com.br/acessorios?marca=apple
450,http://www.cissamagazine.com.br/acessorios?marca=aquario
451,http://www.cissamagazine.com.br/acessorios?marca=araree
452,http://www.cissamagazine.com.br/acessorios?marca=asus
453,http://www.cissamagazine.com.br/acessorios?marca=atrio
454,http://www.cissamagazine.com.br/acessorios?marca=awei
455,http://www.cissamagazine.com.br/acessorios?marca=bapasco
456,http://www.cissamagazine.com.br/acessorios?marca=baseus
457,http://www.cissamagazine.com.br/acessorios?marca=belkin
458,http://www.cissamagazine.com.br/acessorios?marca=bestbattery
459,http://www.cissamagazine.com.br/acessorios?marca=bigben
460,http://www.cissamagazine.com.br/acessorios?marca=bmax
461,http://www.cissamagazine.com.br/acessorios?marca=bright
462,http://www.cissamagazine.com.br/acessorios?marca=buff
463,http://www.cissamagazine.com.br/acessorios?marca=c3-tech
464,http://www.cissamagazine.com.br/acessorios?marca=canon
465,http://www.cissamagazine.com.br/acessorios?marca=case-logic
466,http://www.cissamagazine.com.br/acessorios?marca=caseme
467,http://www.cissamagazine.com.br/acessorios?marca=cellcase
468,http://www.cissamagazine.com.br/acessorios?marca=chipsce
469,http://www.cissamagazine.com.br/acessorios?marca=cis
470,http://www.cissamagazine.com.br/acessorios?marca=cisco
471,http://www.cissamagazine.com.br/acessorios?marca=comtac
472,http://www.cissamagazine.com.br/acessorios?marca=cougar
473,http://www.cissamagazine.com.br/acessorios?marca=crazycase
474,http://www.cissamagazine.com.br/acessorios?marca=cruzerlite
475,http://www.cissamagazine.com.br/acessorios?marca=datalogic
476,http://www.cissamagazine.com.br/acessorios?marca=denlex
477,http://www.cissamagazine.com.br/acessorios?marca=dermiwil
478,http://www.cissamagazine.com.br/acessorios?marca=devia
479,http://www.cissamagazine.com.br/acessorios?marca=devilcase
480,http://www.cissamagazine.com.br/acessorios?marca=dewalt
481,http://www.cissamagazine.com.br/acessorios?marca=diamant
482,http://www.cissamagazine.com.br/acessorios?marca=dicapac
483,http://www.cissamagazine.com.br/acessorios?marca=dji
484,http://www.cissamagazine.com.br/acessorios?marca=dmix
485,http://www.cissamagazine.com.br/acessorios?marca=dobe
486,http://www.cissamagazine.com.br/acessorios?marca=dotcell
487,http://www.cissamagazine.com.br/acessorios?marca=dreamgear
488,http://www.cissamagazine.com.br/acessorios?marca=dux-ducis
489,http://www.cissamagazine.com.br/acessorios?marca=dz-gogo
490,http://www.cissamagazine.com.br/acessorios?marca=ecp
491,http://www.cissamagazine.com.br/acessorios?marca=elg
492,http://www.cissamagazine.com.br/acessorios?marca=elgin
493,http://www.cissamagazine.com.br/acessorios?marca=empire
494,http://www.cissamagazine.com.br/acessorios?marca=emtec
495,http://www.cissamagazine.com.br/acessorios?marca=energizer
496,http://www.cissamagazine.com.br/acessorios?marca=exbom
497,http://www.cissamagazine.com.br/acessorios?marca=ez-share
498,http://www.cissamagazine.com.br/acessorios?marca=feiyutech
499,http://www.cissamagazine.com.br/acessorios?marca=ferrari
500,http://www.cissamagazine.com.br/acessorios?marca=flex
501,http://www.cissamagazine.com.br/acessorios?marca=fortrek
502,http://www.cissamagazine.com.br/acessorios?marca=frostcover
503,http://www.cissamagazine.com.br/acessorios?marca=fse-acessorios
504,http://www.cissamagazine.com.br/acessorios?marca=funpro
505,http://www.cissamagazine.com.br/acessorios?marca=gatche
506,http://www.cissamagazine.com.br/acessorios?marca=gbmax
507,http://www.cissamagazine.com.br/acessorios?marca=general-electric
508,http://www.cissamagazine.com.br/acessorios?marca=generico
509,http://www.cissamagazine.com.br/acessorios?marca=geonav
510,http://www.cissamagazine.com.br/acessorios?marca=goospery
511,http://www.cissamagazine.com.br/acessorios?marca=gopro
512,http://www.cissamagazine.com.br/acessorios?marca=gorila-shield
513,http://www.cissamagazine.com.br/acessorios?marca=gradiente
514,http://www.cissamagazine.com.br/acessorios?marca=hardline
515,http://www.cissamagazine.com.br/acessorios?marca=h-buster
516,http://www.cissamagazine.com.br/acessorios?marca=hoco
517,http://www.cissamagazine.com.br/acessorios?marca=hori
518,http://www.cissamagazine.com.br/acessorios?marca=hp
519,http://www.cissamagazine.com.br/acessorios?marca=hprime
520,http://www.cissamagazine.com.br/acessorios?marca=hrebos
521,http://www.cissamagazine.com.br/acessorios?marca=ifonte
522,http://www.cissamagazine.com.br/acessorios?marca=iluv
523,http://www.cissamagazine.com.br/acessorios?marca=imak
524,http://www.cissamagazine.com.br/acessorios?marca=import
525,http://www.cissamagazine.com.br/acessorios?marca=importado
526,http://www.cissamagazine.com.br/acessorios?marca=infokit
527,http://www.cissamagazine.com.br/acessorios?marca=inova
528,http://www.cissamagazine.com.br/acessorios?marca=intelbras
529,http://www.cissamagazine.com.br/acessorios?marca=iomega
530,http://www.cissamagazine.com.br/acessorios?marca=itrend
531,http://www.cissamagazine.com.br/acessorios?marca=iwill
532,http://www.cissamagazine.com.br/acessorios?marca=jbl
533,http://www.cissamagazine.com.br/acessorios?marca=kaidi
534,http://www.cissamagazine.com.br/acessorios?marca=kalaideng
535,http://www.cissamagazine.com.br/acessorios?marca=k-cool
536,http://www.cissamagazine.com.br/acessorios?marca=kesington
537,http://www.cissamagazine.com.br/acessorios?marca=kickstand
538,http://www.cissamagazine.com.br/acessorios?marca=kingo
539,http://www.cissamagazine.com.br/acessorios?marca=kingston
540,http://www.cissamagazine.com.br/acessorios?marca=knup
541,http://www.cissamagazine.com.br/acessorios?marca=kodak
542,http://www.cissamagazine.com.br/acessorios?marca=krusell
543,http://www.cissamagazine.com.br/acessorios?marca=laut
544,http://www.cissamagazine.com.br/acessorios?marca=ldnio
545,http://www.cissamagazine.com.br/acessorios?marca=leadership
546,http://www.cissamagazine.com.br/acessorios?marca=leef-bridge
547,http://www.cissamagazine.com.br/acessorios?marca=lelong
548,http://www.cissamagazine.com.br/acessorios?marca=lemon
549,http://www.cissamagazine.com.br/acessorios?marca=lenovo
550,http://www.cissamagazine.com.br/acessorios?marca=lexar
551,http://www.cissamagazine.com.br/acessorios?marca=lg
552,http://www.cissamagazine.com.br/acessorios?marca=lifeproof
553,http://www.cissamagazine.com.br/acessorios?marca=logitech
554,http://www.cissamagazine.com.br/acessorios?marca=love-mei
555,http://www.cissamagazine.com.br/acessorios?marca=lowepro
556,http://www.cissamagazine.com.br/acessorios?marca=luxcar
557,http://www.cissamagazine.com.br/acessorios?marca=luxcel
558,http://www.cissamagazine.com.br/acessorios?marca=makidol
559,http://www.cissamagazine.com.br/acessorios?marca=malmo
560,http://www.cissamagazine.com.br/acessorios?marca=markvision
561,http://www.cissamagazine.com.br/acessorios?marca=matecki
562,http://www.cissamagazine.com.br/acessorios?marca=maxprint
563,http://www.cissamagazine.com.br/acessorios?marca=mhl
564,http://www.cissamagazine.com.br/acessorios?marca=microsoft
565,http://www.cissamagazine.com.br/acessorios?marca=mini
566,http://www.cissamagazine.com.br/acessorios?marca=mipow
567,http://www.cissamagazine.com.br/acessorios?marca=mocolo
568,http://www.cissamagazine.com.br/acessorios?marca=mondial
569,http://www.cissamagazine.com.br/acessorios?marca=mopow
570,http://www.cissamagazine.com.br/acessorios?marca=motorola
571,http://www.cissamagazine.com.br/acessorios?marca=movit
572,http://www.cissamagazine.com.br/acessorios?marca=mox
573,http://www.cissamagazine.com.br/acessorios?marca=mtx
574,http://www.cissamagazine.com.br/acessorios?marca=multikids-baby
575,http://www.cissamagazine.com.br/acessorios?marca=multilaser
576,http://www.cissamagazine.com.br/acessorios?marca=muvit
577,http://www.cissamagazine.com.br/acessorios?marca=mxt
578,http://www.cissamagazine.com.br/acessorios?marca=newdrive
579,http://www.cissamagazine.com.br/acessorios?marca=newlink
580,http://www.cissamagazine.com.br/acessorios?marca=new-link
581,http://www.cissamagazine.com.br/acessorios?marca=nillkin
582,http://www.cissamagazine.com.br/acessorios?marca=nintendo
583,http://www.cissamagazine.com.br/acessorios?marca=nokia
584,http://www.cissamagazine.com.br/acessorios?marca=nonus
585,http://www.cissamagazine.com.br/acessorios?marca=nt
586,http://www.cissamagazine.com.br/acessorios?marca=nyko
587,http://www.cissamagazine.com.br/acessorios?marca=oex
588,http://www.cissamagazine.com.br/acessorios?marca=oneplus
589,http://www.cissamagazine.com.br/acessorios?marca=onkyo
590,http://www.cissamagazine.com.br/acessorios?marca=oregon
591,http://www.cissamagazine.com.br/acessorios?marca=orvibo
592,http://www.cissamagazine.com.br/acessorios?marca=otterbox
593,http://www.cissamagazine.com.br/acessorios?marca=patriot
594,http://www.cissamagazine.com.br/acessorios?marca=pcyes
595,http://www.cissamagazine.com.br/acessorios?marca=pdp
596,http://www.cissamagazine.com.br/acessorios?marca=peccinin
597,http://www.cissamagazine.com.br/acessorios?marca=philips
598,http://www.cissamagazine.com.br/acessorios?marca=pineng
599,http://www.cissamagazine.com.br/acessorios?marca=pisc
600,http://www.cissamagazine.com.br/acessorios?marca=pmcell
601,http://www.cissamagazine.com.br/acessorios?marca=polar
602,http://www.cissamagazine.com.br/acessorios?marca=powera
603,http://www.cissamagazine.com.br/acessorios?marca=pretorian
604,http://www.cissamagazine.com.br/acessorios?marca=pro-aventura
605,http://www.cissamagazine.com.br/acessorios?marca=qbex
606,http://www.cissamagazine.com.br/acessorios?marca=qualcomm
607,http://www.cissamagazine.com.br/acessorios?marca=quanta
608,http://www.cissamagazine.com.br/acessorios?marca=rearth
609,http://www.cissamagazine.com.br/acessorios?marca=rebo
610,http://www.cissamagazine.com.br/acessorios?marca=redragon
611,http://www.cissamagazine.com.br/acessorios?marca=reliza
612,http://www.cissamagazine.com.br/acessorios?marca=ringke
613,http://www.cissamagazine.com.br/acessorios?marca=rock
614,http://www.cissamagazine.com.br/acessorios?marca=rossi
615,http://www.cissamagazine.com.br/acessorios?marca=samsung
616,http://www.cissamagazine.com.br/acessorios?marca=sandisk
617,http://www.cissamagazine.com.br/acessorios?marca=santino
618,http://www.cissamagazine.com.br/acessorios?marca=screen-care
619,http://www.cissamagazine.com.br/acessorios?marca=shinka
620,http://www.cissamagazine.com.br/acessorios?marca=skudo
621,http://www.cissamagazine.com.br/acessorios?marca=sky
622,http://www.cissamagazine.com.br/acessorios?marca=sony
623,http://www.cissamagazine.com.br/acessorios?marca=spigen
624,http://www.cissamagazine.com.br/acessorios?marca=stanley
625,http://www.cissamagazine.com.br/acessorios?marca=stetsom
626,http://www.cissamagazine.com.br/acessorios?marca=storm
627,http://www.cissamagazine.com.br/acessorios?marca=sumay
628,http://www.cissamagazine.com.br/acessorios?marca=sumpk
629,http://www.cissamagazine.com.br/acessorios?marca=taramps
630,http://www.cissamagazine.com.br/acessorios?marca=targus
631,http://www.cissamagazine.com.br/acessorios?marca=telesin
632,http://www.cissamagazine.com.br/acessorios?marca=thermaltake
633,http://www.cissamagazine.com.br/acessorios?marca=tomee
634,http://www.cissamagazine.com.br/acessorios?marca=toshiba
635,http://www.cissamagazine.com.br/acessorios?marca=tp-link
636,http://www.cissamagazine.com.br/acessorios?marca=transcend
637,http://www.cissamagazine.com.br/acessorios?marca=trendnet
638,http://www.cissamagazine.com.br/acessorios?marca=triviun
639,http://www.cissamagazine.com.br/acessorios?marca=trust
640,http://www.cissamagazine.com.br/acessorios?marca=tutti-baby
641,http://www.cissamagazine.com.br/acessorios?marca=ukimix
642,http://www.cissamagazine.com.br/acessorios?marca=urban-factory
643,http://www.cissamagazine.com.br/acessorios?marca=u-tech
644,http://www.cissamagazine.com.br/acessorios?marca=v7
645,http://www.cissamagazine.com.br/acessorios?marca=vantec
646,http://www.cissamagazine.com.br/acessorios?marca=vexclip
647,http://www.cissamagazine.com.br/acessorios?marca=vinik
648,http://www.cissamagazine.com.br/acessorios?marca=voia
649,http://www.cissamagazine.com.br/acessorios?marca=vonder
650,http://www.cissamagazine.com.br/acessorios?marca=vpower
651,http://www.cissamagazine.com.br/acessorios?marca=vrs-design
652,http://www.cissamagazine.com.br/acessorios?marca=wacom
653,http://www.cissamagazine.com.br/acessorios?marca=wenpod
654,http://www.cissamagazine.com.br/acessorios?marca=wilson
655,http://www.cissamagazine.com.br/acessorios?marca=win-cabos
656,http://www.cissamagazine.com.br/acessorios?marca=wits
657,http://www.cissamagazine.com.br/acessorios?marca=x-cell
658,http://www.cissamagazine.com.br/acessorios?marca=xiaomi
659,http://www.cissamagazine.com.br/acessorios?marca=x-level
660,http://www.cissamagazine.com.br/acessorios?marca=x-one
661,http://www.cissamagazine.com.br/acessorios?marca=xtrax
662,http://www.cissamagazine.com.br/acessorios?marca=xtreme-mac
663,http://www.cissamagazine.com.br/acessorios?marca=yunteng
664,http://www.cissamagazine.com.br/acessorios?marca=zebra
665,http://www.cissamagazine.com.br/acessorios?marca=zionn
666,http://www.cissamagazine.com.br/acessorios?marca=zsun
667,http://www.cissamagazine.com.br/acessorios?caracteristica=compatibilidade-pelicula%3Aalcatel-a3
668,http://www.cissamagazine.com.br/acessorios?caracteristica=compatibilidade-pelicula%3Aalcatel-a5
669,http://www.cissamagazine.com.br/acessorios?caracteristica=compatibilidade-pelicula%3Aalcatel-idol-3
670,http://www.cissamagazine.com.br/acessorios?caracteristica=compatibilidade-pelicula%3Aalcatel-idol-4
671,http://www.cissamagazine.com.br/acessorios?caracteristica=compatibilidade-pelicula%3Aalcatel-pixi-4
672,http://www.cissamagazine.com.br/acessorios?caracteristica=compatibilidade-pelicula%3Aalcatel-pop
673,http://www.cissamagazine.com.br/acessorios?caracteristica=compatibilidade-pelicula%3Aapple-ipad
674,http://www.cissamagazine.com.br/acessorios?caracteristica=compatibilidade-pelicula%3Aapple-iphone-4-4s
675,http://www.cissamagazine.com.br/acessorios?caracteristica=compatibilidade-pelicula%3Aapple-iphone-5-5s-5c
676,http://www.cissamagazine.com.br/acessorios?caracteristica=compatibilidade-pelicula%3Aapple-iphone-6-6s
677,http://www.cissamagazine.com.br/acessorios?caracteristica=compatibilidade-pelicula%3Aapple-iphone-6-6s-plus
678,http://www.cissamagazine.com.br/acessorios?caracteristica=compatibilidade-pelicula%3Aapple-iphone-7
679,http://www.cissamagazine.com.br/acessorios?caracteristica=compatibilidade-pelicula%3Aapple-iphone-7-plus
680,http://www.cissamagazine.com.br/acessorios?caracteristica=compatibilidade-pelicula%3Aapple-iphone-8
681,http://www.cissamagazine.com.br/acessorios?caracteristica=compatibilidade-pelicula%3Aapple-iphone-8-plus
682,http://www.cissamagazine.com.br/acessorios?caracteristica=compatibilidade-pelicula%3Aapple-iphone-x
683,http://www.cissamagazine.com.br/acessorios?caracteristica=compatibilidade-pelicula%3Aapple-iphone-xr
684,http://www.cissamagazine.com.br/acessorios?caracteristica=compatibilidade-pelicula%3Aapple-iphone-xs
685,http://www.cissamagazine.com.br/acessorios?caracteristica=compatibilidade-pelicula%3Aapple-iphone-xs-max
686,http://www.cissamagazine.com.br/acessorios?caracteristica=compatibilidade-pelicula%3Aasus-zenfone-2
687,http://www.cissamagazine.com.br/acessorios?caracteristica=compatibilidade-pelicula%3Aasus-zenfone-2-laser
688,http://www.cissamagazine.com.br/acessorios?caracteristica=compatibilidade-pelicula%3Aasus-zenfone-3
689,http://www.cissamagazine.com.br/acessorios?caracteristica=compatibilidade-pelicula%3Aasus-zenfone-3-max
690,http://www.cissamagazine.com.br/acessorios?caracteristica=compatibilidade-pelicula%3Aasus-zenfone-3-ultra
691,http://www.cissamagazine.com.br/acessorios?caracteristica=compatibilidade-pelicula%3Aasus-zenfone-3-zoom
692,http://www.cissamagazine.com.br/acessorios?caracteristica=compatibilidade-pelicula%3Aasus-zenfone-4
693,http://www.cissamagazine.com.br/acessorios?caracteristica=compatibilidade-pelicula%3Aasus-zenfone-4-max
694,http://www.cissamagazine.com.br/acessorios?caracteristica=compatibilidade-pelicula%3Aasus-zenfone-4-selfie
695,http://www.cissamagazine.com.br/acessorios?caracteristica=compatibilidade-pelicula%3Aasus-zenfone-5
696,http://www.cissamagazine.com.br/acessorios?caracteristica=compatibilidade-pelicula%3Aasus-zenfone-5-selfie
697,http://www.cissamagazine.com.br/acessorios?caracteristica=compatibilidade-pelicula%3Aasus-zenfone-6
698,http://www.cissamagazine.com.br/acessorios?caracteristica=compatibilidade-pelicula%3Aasus-zenfone-go
699,http://www.cissamagazine.com.br/acessorios?caracteristica=compatibilidade-pelicula%3Aasus-zenfone-live
700,http://www.cissamagazine.com.br/acessorios?caracteristica=compatibilidade-pelicula%3Aasus-zenfone-max-plus-m1
701,http://www.cissamagazine.com.br/acessorios?caracteristica=compatibilidade-pelicula%3Aasus-zenfone-max-pro-m1
702,http://www.cissamagazine.com.br/acessorios?caracteristica=compatibilidade-pelicula%3Aasus-zenfone-max-pro-m2
703,http://www.cissamagazine.com.br/acessorios?caracteristica=compatibilidade-pelicula%3Agoogle-pixel
704,http://www.cissamagazine.com.br/acessorios?caracteristica=compatibilidade-pelicula%3Agoogle-pixel-2
705,http://www.cissamagazine.com.br/acessorios?caracteristica=compatibilidade-pelicula%3Agoogle-pixel-xl
706,http://www.cissamagazine.com.br/acessorios?caracteristica=compatibilidade-pelicula%3Ahtc
707,http://www.cissamagazine.com.br/acessorios?caracteristica=compatibilidade-pelicula%3Ahuawei
708,http://www.cissamagazine.com.br/acessorios?caracteristica=compatibilidade-pelicula%3Alenovo-vibe-b
709,http://www.cissamagazine.com.br/acessorios?caracteristica=compatibilidade-pelicula%3Alenovo-vibe-c
710,http://www.cissamagazine.com.br/acessorios?caracteristica=compatibilidade-pelicula%3Alenovo-vibe-k5
711,http://www.cissamagazine.com.br/acessorios?caracteristica=compatibilidade-pelicula%3Alenovo-vibe-k6
712,http://www.cissamagazine.com.br/acessorios?caracteristica=compatibilidade-pelicula%3Alenovo-vibe-k6-plus
713,http://www.cissamagazine.com.br/acessorios?caracteristica=compatibilidade-pelicula%3Alg-g2
714,http://www.cissamagazine.com.br/acessorios?caracteristica=compatibilidade-pelicula%3Alg-g3
715,http://www.cissamagazine.com.br/acessorios?caracteristica=compatibilidade-pelicula%3Alg-g4
716,http://www.cissamagazine.com.br/acessorios?caracteristica=compatibilidade-pelicula%3Alg-g5
717,http://www.cissamagazine.com.br/acessorios?caracteristica=compatibilidade-pelicula%3Alg-g6
718,http://www.cissamagazine.com.br/acessorios?caracteristica=compatibilidade-pelicula%3Alg-g7
719,http://www.cissamagazine.com.br/acessorios?caracteristica=compatibilidade-pelicula%3Alg-g8
720,http://www.cissamagazine.com.br/acessorios?caracteristica=compatibilidade-pelicula%3Alg-k10
721,http://www.cissamagazine.com.br/acessorios?caracteristica=compatibilidade-pelicula%3Alg-k10-power
722,http://www.cissamagazine.com.br/acessorios?caracteristica=compatibilidade-pelicula%3Alg-k10-pro
723,http://www.cissamagazine.com.br/acessorios?caracteristica=compatibilidade-pelicula%3Alg-k11
724,http://www.cissamagazine.com.br/acessorios?caracteristica=compatibilidade-pelicula%3Alg-k12
725,http://www.cissamagazine.com.br/acessorios?caracteristica=compatibilidade-pelicula%3Alg-k12-plus
726,http://www.cissamagazine.com.br/acessorios?caracteristica=compatibilidade-pelicula%3Alg-k4
727,http://www.cissamagazine.com.br/acessorios?caracteristica=compatibilidade-pelicula%3Alg-k40
728,http://www.cissamagazine.com.br/acessorios?caracteristica=compatibilidade-pelicula%3Alg-k5
729,http://www.cissamagazine.com.br/acessorios?caracteristica=compatibilidade-pelicula%3Alg-k7
730,http://www.cissamagazine.com.br/acessorios?caracteristica=compatibilidade-pelicula%3Alg-k8
731,http://www.cissamagazine.com.br/acessorios?caracteristica=compatibilidade-pelicula%3Alg-l
732,http://www.cissamagazine.com.br/acessorios?caracteristica=compatibilidade-pelicula%3Alg-nexus
733,http://www.cissamagazine.com.br/acessorios?caracteristica=compatibilidade-pelicula%3Alg-q6-q6-plus
734,http://www.cissamagazine.com.br/acessorios?caracteristica=compatibilidade-pelicula%3Alg-v
735,http://www.cissamagazine.com.br/acessorios?caracteristica=compatibilidade-pelicula%3Alg-x-cam
736,http://www.cissamagazine.com.br/acessorios?caracteristica=compatibilidade-pelicula%3Alg-x-power
737,http://www.cissamagazine.com.br/acessorios?caracteristica=compatibilidade-pelicula%3Alg-x-screen
738,http://www.cissamagazine.com.br/acessorios?caracteristica=compatibilidade-pelicula%3Alg-x-style
739,http://www.cissamagazine.com.br/acessorios?caracteristica=compatibilidade-pelicula%3Ameizu
740,http://www.cissamagazine.com.br/acessorios?caracteristica=compatibilidade-pelicula%3Amicrosoft-lumia-10
741,http://www.cissamagazine.com.br/acessorios?caracteristica=compatibilidade-pelicula%3Amicrosoft-lumia-4
742,http://www.cissamagazine.com.br/acessorios?caracteristica=compatibilidade-pelicula%3Amicrosoft-lumia-5
743,http://www.cissamagazine.com.br/acessorios?caracteristica=compatibilidade-pelicula%3Amicrosoft-lumia-6
744,http://www.cissamagazine.com.br/acessorios?caracteristica=compatibilidade-pelicula%3Amicrosoft-lumia-7
745,http://www.cissamagazine.com.br/acessorios?caracteristica=compatibilidade-pelicula%3Amicrosoft-lumia-8
746,http://www.cissamagazine.com.br/acessorios?caracteristica=compatibilidade-pelicula%3Amicrosoft-lumia-9
747,http://www.cissamagazine.com.br/acessorios?caracteristica=compatibilidade-pelicula%3Amotorola-moto-c
748,http://www.cissamagazine.com.br/acessorios?caracteristica=compatibilidade-pelicula%3Amotorola-moto-c-plus
749,http://www.cissamagazine.com.br/acessorios?caracteristica=compatibilidade-pelicula%3Amotorola-moto-e3
750,http://www.cissamagazine.com.br/acessorios?caracteristica=compatibilidade-pelicula%3Amotorola-moto-e4
751,http://www.cissamagazine.com.br/acessorios?caracteristica=compatibilidade-pelicula%3Amotorola-moto-e4-plus
752,http://www.cissamagazine.com.br/acessorios?caracteristica=compatibilidade-pelicula%3Amotorola-moto-e5
753,http://www.cissamagazine.com.br/acessorios?caracteristica=compatibilidade-pelicula%3Amotorola-moto-e5-play
754,http://www.cissamagazine.com.br/acessorios?caracteristica=compatibilidade-pelicula%3Amotorola-moto-e5-plus
755,http://www.cissamagazine.com.br/acessorios?caracteristica=compatibilidade-pelicula%3Amotorola-moto-g
756,http://www.cissamagazine.com.br/acessorios?caracteristica=compatibilidade-pelicula%3Amotorola-moto-g2
757,http://www.cissamagazine.com.br/acessorios?caracteristica=compatibilidade-pelicula%3Amotorola-moto-g3
758,http://www.cissamagazine.com.br/acessorios?caracteristica=compatibilidade-pelicula%3Amotorola-moto-g4
759,http://www.cissamagazine.com.br/acessorios?caracteristica=compatibilidade-pelicula%3Amotorola-moto-g4-play
760,http://www.cissamagazine.com.br/acessorios?caracteristica=compatibilidade-pelicula%3Amotorola-moto-g4-plus
761,http://www.cissamagazine.com.br/acessorios?caracteristica=compatibilidade-pelicula%3Amotorola-moto-g5-g5s
762,http://www.cissamagazine.com.br/acessorios?caracteristica=compatibilidade-pelicula%3Amotorola-moto-g5-g5s-plus
763,http://www.cissamagazine.com.br/acessorios?caracteristica=compatibilidade-pelicula%3Amotorola-moto-g6
764,http://www.cissamagazine.com.br/acessorios?caracteristica=compatibilidade-pelicula%3Amotorola-moto-g6-play
765,http://www.cissamagazine.com.br/acessorios?caracteristica=compatibilidade-pelicula%3Amotorola-moto-g6-plus
766,http://www.cissamagazine.com.br/acessorios?caracteristica=compatibilidade-pelicula%3Amotorola-moto-g7
767,http://www.cissamagazine.com.br/acessorios?caracteristica=compatibilidade-pelicula%3Amotorola-moto-g7-play
768,http://www.cissamagazine.com.br/acessorios?caracteristica=compatibilidade-pelicula%3Amotorola-moto-g7-plus
769,http://www.cissamagazine.com.br/acessorios?caracteristica=compatibilidade-pelicula%3Amotorola-moto-g7-power
770,http://www.cissamagazine.com.br/acessorios?caracteristica=compatibilidade-pelicula%3Amotorola-moto-nexus
771,http://www.cissamagazine.com.br/acessorios?caracteristica=compatibilidade-pelicula%3Amotorola-moto-one
772,http://www.cissamagazine.com.br/acessorios?caracteristica=compatibilidade-pelicula%3Amotorola-moto-one-vision
773,http://www.cissamagazine.com.br/acessorios?caracteristica=compatibilidade-pelicula%3Amotorola-moto-x
774,http://www.cissamagazine.com.br/acessorios?caracteristica=compatibilidade-pelicula%3Amotorola-moto-x2
775,http://www.cissamagazine.com.br/acessorios?caracteristica=compatibilidade-pelicula%3Amotorola-moto-x4
776,http://www.cissamagazine.com.br/acessorios?caracteristica=compatibilidade-pelicula%3Amotorola-moto-x-force
777,http://www.cissamagazine.com.br/acessorios?caracteristica=compatibilidade-pelicula%3Amotorola-moto-x-play
778,http://www.cissamagazine.com.br/acessorios?caracteristica=compatibilidade-pelicula%3Amotorola-moto-x-style
779,http://www.cissamagazine.com.br/acessorios?caracteristica=compatibilidade-pelicula%3Amotorola-moto-z
780,http://www.cissamagazine.com.br/acessorios?caracteristica=compatibilidade-pelicula%3Amotorola-moto-z2
781,http://www.cissamagazine.com.br/acessorios?caracteristica=compatibilidade-pelicula%3Amotorola-moto-z2-force
782,http://www.cissamagazine.com.br/acessorios?caracteristica=compatibilidade-pelicula%3Amotorola-moto-z2-play
783,http://www.cissamagazine.com.br/acessorios?caracteristica=compatibilidade-pelicula%3Amotorola-moto-z3
784,http://www.cissamagazine.com.br/acessorios?caracteristica=compatibilidade-pelicula%3Amotorola-moto-z3-play
785,http://www.cissamagazine.com.br/acessorios?caracteristica=compatibilidade-pelicula%3Amotorola-moto-z-force
786,http://www.cissamagazine.com.br/acessorios?caracteristica=compatibilidade-pelicula%3Amotorola-moto-z-play
787,http://www.cissamagazine.com.br/acessorios?caracteristica=compatibilidade-pelicula%3Amotorola-moto-z-power
788,http://www.cissamagazine.com.br/acessorios?caracteristica=compatibilidade-pelicula%3Amotorola-moto-z-style
789,http://www.cissamagazine.com.br/acessorios?caracteristica=compatibilidade-pelicula%3Amultilaser
790,http://www.cissamagazine.com.br/acessorios?caracteristica=compatibilidade-pelicula%3Anokia
791,http://www.cissamagazine.com.br/acessorios?caracteristica=compatibilidade-pelicula%3Aoneplus-3
792,http://www.cissamagazine.com.br/acessorios?caracteristica=compatibilidade-pelicula%3Aoneplus-5
793,http://www.cissamagazine.com.br/acessorios?caracteristica=compatibilidade-pelicula%3Aoneplus-6
794,http://www.cissamagazine.com.br/acessorios?caracteristica=compatibilidade-pelicula%3Apositivo
795,http://www.cissamagazine.com.br/acessorios?caracteristica=compatibilidade-pelicula%3Aquantum
796,http://www.cissamagazine.com.br/acessorios?caracteristica=compatibilidade-pelicula%3Asamsung-galaxy-a10
797,http://www.cissamagazine.com.br/acessorios?caracteristica=compatibilidade-pelicula%3Asamsung-galaxy-a20
798,http://www.cissamagazine.com.br/acessorios?caracteristica=compatibilidade-pelicula%3Asamsung-galaxy-a3
799,http://www.cissamagazine.com.br/acessorios?caracteristica=compatibilidade-pelicula%3Asamsung-galaxy-a30
800,http://www.cissamagazine.com.br/acessorios?caracteristica=compatibilidade-pelicula%3Asamsung-galaxy-a5
801,http://www.cissamagazine.com.br/acessorios?caracteristica=compatibilidade-pelicula%3Asamsung-galaxy-a50
802,http://www.cissamagazine.com.br/acessorios?caracteristica=compatibilidade-pelicula%3Asamsung-galaxy-a6
803,http://www.cissamagazine.com.br/acessorios?caracteristica=compatibilidade-pelicula%3Asamsung-galaxy-a6-plus
804,http://www.cissamagazine.com.br/acessorios?caracteristica=compatibilidade-pelicula%3Asamsung-galaxy-a7
805,http://www.cissamagazine.com.br/acessorios?caracteristica=compatibilidade-pelicula%3Asamsung-galaxy-a70
806,http://www.cissamagazine.com.br/acessorios?caracteristica=compatibilidade-pelicula%3Asamsung-galaxy-a8
807,http://www.cissamagazine.com.br/acessorios?caracteristica=compatibilidade-pelicula%3Asamsung-galaxy-a80
808,http://www.cissamagazine.com.br/acessorios?caracteristica=compatibilidade-pelicula%3Asamsung-galaxy-a8-plus
809,http://www.cissamagazine.com.br/acessorios?caracteristica=compatibilidade-pelicula%3Asamsung-galaxy-a9
810,http://www.cissamagazine.com.br/acessorios?caracteristica=compatibilidade-pelicula%3Asamsung-galaxy-a90
811,http://www.cissamagazine.com.br/acessorios?caracteristica=compatibilidade-pelicula%3Asamsung-galaxy-j1
812,http://www.cissamagazine.com.br/acessorios?caracteristica=compatibilidade-pelicula%3Asamsung-galaxy-j2
813,http://www.cissamagazine.com.br/acessorios?caracteristica=compatibilidade-pelicula%3Asamsung-galaxy-j3
814,http://www.cissamagazine.com.br/acessorios?caracteristica=compatibilidade-pelicula%3Asamsung-galaxy-j4
815,http://www.cissamagazine.com.br/acessorios?caracteristica=compatibilidade-pelicula%3Asamsung-galaxy-j4-plus
816,http://www.cissamagazine.com.br/acessorios?caracteristica=compatibilidade-pelicula%3Asamsung-galaxy-j5
817,http://www.cissamagazine.com.br/acessorios?caracteristica=compatibilidade-pelicula%3Asamsung-galaxy-j5-prime
818,http://www.cissamagazine.com.br/acessorios?caracteristica=compatibilidade-pelicula%3Asamsung-galaxy-j5-pro
819,http://www.cissamagazine.com.br/acessorios?caracteristica=compatibilidade-pelicula%3Asamsung-galaxy-j6
820,http://www.cissamagazine.com.br/acessorios?caracteristica=compatibilidade-pelicula%3Asamsung-galaxy-j6-plus
821,http://www.cissamagazine.com.br/acessorios?caracteristica=compatibilidade-pelicula%3Asamsung-galaxy-j7
822,http://www.cissamagazine.com.br/acessorios?caracteristica=compatibilidade-pelicula%3Asamsung-galaxy-j7-neo
823,http://www.cissamagazine.com.br/acessorios?caracteristica=compatibilidade-pelicula%3Asamsung-galaxy-j7-prime
824,http://www.cissamagazine.com.br/acessorios?caracteristica=compatibilidade-pelicula%3Asamsung-galaxy-j7-pro
825,http://www.cissamagazine.com.br/acessorios?caracteristica=compatibilidade-pelicula%3Asamsung-galaxy-j8
826,http://www.cissamagazine.com.br/acessorios?caracteristica=compatibilidade-pelicula%3Asamsung-galaxy-m10
827,http://www.cissamagazine.com.br/acessorios?caracteristica=compatibilidade-pelicula%3Asamsung-galaxy-m20
828,http://www.cissamagazine.com.br/acessorios?caracteristica=compatibilidade-pelicula%3Asamsung-galaxy-note-2
829,http://www.cissamagazine.com.br/acessorios?caracteristica=compatibilidade-pelicula%3Asamsung-galaxy-note-3
830,http://www.cissamagazine.com.br/acessorios?caracteristica=compatibilidade-pelicula%3Asamsung-galaxy-note-4
831,http://www.cissamagazine.com.br/acessorios?caracteristica=compatibilidade-pelicula%3Asamsung-galaxy-note-5
832,http://www.cissamagazine.com.br/acessorios?caracteristica=compatibilidade-pelicula%3Asamsung-galaxy-note-7
833,http://www.cissamagazine.com.br/acessorios?caracteristica=compatibilidade-pelicula%3Asamsung-galaxy-note-8
834,http://www.cissamagazine.com.br/acessorios?caracteristica=compatibilidade-pelicula%3Asamsung-galaxy-note-9
835,http://www.cissamagazine.com.br/acessorios?caracteristica=compatibilidade-pelicula%3Asamsung-galaxy-s10
836,http://www.cissamagazine.com.br/acessorios?caracteristica=compatibilidade-pelicula%3Asamsung-galaxy-s10e
837,http://www.cissamagazine.com.br/acessorios?caracteristica=compatibilidade-pelicula%3Asamsung-galaxy-s10-plus
838,http://www.cissamagazine.com.br/acessorios?caracteristica=compatibilidade-pelicula%3Asamsung-galaxy-s3
839,http://www.cissamagazine.com.br/acessorios?caracteristica=compatibilidade-pelicula%3Asamsung-galaxy-s4
840,http://www.cissamagazine.com.br/acessorios?caracteristica=compatibilidade-pelicula%3Asamsung-galaxy-s5
841,http://www.cissamagazine.com.br/acessorios?caracteristica=compatibilidade-pelicula%3Asamsung-galaxy-s6
842,http://www.cissamagazine.com.br/acessorios?caracteristica=compatibilidade-pelicula%3Asamsung-galaxy-s6-edge
843,http://www.cissamagazine.com.br/acessorios?caracteristica=compatibilidade-pelicula%3Asamsung-galaxy-s7
844,http://www.cissamagazine.com.br/acessorios?caracteristica=compatibilidade-pelicula%3Asamsung-galaxy-s7-edge
845,http://www.cissamagazine.com.br/acessorios?caracteristica=compatibilidade-pelicula%3Asamsung-galaxy-s8
846,http://www.cissamagazine.com.br/acessorios?caracteristica=compatibilidade-pelicula%3Asamsung-galaxy-s8-plus
847,http://www.cissamagazine.com.br/acessorios?caracteristica=compatibilidade-pelicula%3Asamsung-galaxy-s9
848,http://www.cissamagazine.com.br/acessorios?caracteristica=compatibilidade-pelicula%3Asamsung-galaxy-s9-plus
849,http://www.cissamagazine.com.br/acessorios?caracteristica=compatibilidade-pelicula%3Asamsung-galaxy-tab
850,http://www.cissamagazine.com.br/acessorios?caracteristica=compatibilidade-pelicula%3Asony-xperia-c
851,http://www.cissamagazine.com.br/acessorios?caracteristica=compatibilidade-pelicula%3Asony-xperia-e
852,http://www.cissamagazine.com.br/acessorios?caracteristica=compatibilidade-pelicula%3Asony-xperia-l
853,http://www.cissamagazine.com.br/acessorios?caracteristica=compatibilidade-pelicula%3Asony-xperia-m
854,http://www.cissamagazine.com.br/acessorios?caracteristica=compatibilidade-pelicula%3Asony-xperia-t
855,http://www.cissamagazine.com.br/acessorios?caracteristica=compatibilidade-pelicula%3Asony-xperia-x
856,http://www.cissamagazine.com.br/acessorios?caracteristica=compatibilidade-pelicula%3Asony-xperia-xa
857,http://www.cissamagazine.com.br/acessorios?caracteristica=compatibilidade-pelicula%3Asony-xperia-xa1
858,http://www.cissamagazine.com.br/acessorios?caracteristica=compatibilidade-pelicula%3Asony-xperia-xa2
859,http://www.cissamagazine.com.br/acessorios?caracteristica=compatibilidade-pelicula%3Asony-xperia-xz
860,http://www.cissamagazine.com.br/acessorios?caracteristica=compatibilidade-pelicula%3Asony-xperia-xz1
861,http://www.cissamagazine.com.br/acessorios?caracteristica=compatibilidade-pelicula%3Asony-xperia-xz2
862,http://www.cissamagazine.com.br/acessorios?caracteristica=compatibilidade-pelicula%3Asony-xperia-xz3
863,http://www.cissamagazine.com.br/acessorios?caracteristica=compatibilidade-pelicula%3Asony-xperia-z
864,http://www.cissamagazine.com.br/acessorios?caracteristica=compatibilidade-pelicula%3Asony-xperia-z1
865,http://www.cissamagazine.com.br/acessorios?caracteristica=compatibilidade-pelicula%3Asony-xperia-z2
866,http://www.cissamagazine.com.br/acessorios?caracteristica=compatibilidade-pelicula%3Asony-xperia-z3
867,http://www.cissamagazine.com.br/acessorios?caracteristica=compatibilidade-pelicula%3Asony-xperia-z4
868,http://www.cissamagazine.com.br/acessorios?caracteristica=compatibilidade-pelicula%3Asony-xperia-z5
869,http://www.cissamagazine.com.br/acessorios?caracteristica=compatibilidade-pelicula%3Axiaomi-black-shark
870,http://www.cissamagazine.com.br/acessorios?caracteristica=compatibilidade-pelicula%3Axiaomi-mi-6
871,http://www.cissamagazine.com.br/acessorios?caracteristica=compatibilidade-pelicula%3Axiaomi-mi-8
872,http://www.cissamagazine.com.br/acessorios?caracteristica=compatibilidade-pelicula%3Axiaomi-mi-8-lite
873,http://www.cissamagazine.com.br/acessorios?caracteristica=compatibilidade-pelicula%3Axiaomi-mi-9
874,http://www.cissamagazine.com.br/acessorios?caracteristica=compatibilidade-pelicula%3Axiaomi-mi-9-se
875,http://www.cissamagazine.com.br/acessorios?caracteristica=compatibilidade-pelicula%3Axiaomi-mi-a1
876,http://www.cissamagazine.com.br/acessorios?caracteristica=compatibilidade-pelicula%3Axiaomi-mi-a2
877,http://www.cissamagazine.com.br/acessorios?caracteristica=compatibilidade-pelicula%3Axiaomi-pocophone-f1
878,http://www.cissamagazine.com.br/acessorios?caracteristica=compatibilidade-pelicula%3Axiaomi-redmi-2
879,http://www.cissamagazine.com.br/acessorios?caracteristica=compatibilidade-pelicula%3Axiaomi-redmi-3
880,http://www.cissamagazine.com.br/acessorios?caracteristica=compatibilidade-pelicula%3Axiaomi-redmi-4-4a
881,http://www.cissamagazine.com.br/acessorios?caracteristica=compatibilidade-pelicula%3Axiaomi-redmi-5-5a
882,http://www.cissamagazine.com.br/acessorios?caracteristica=compatibilidade-pelicula%3Axiaomi-redmi-5-5a-plus
883,http://www.cissamagazine.com.br/acessorios?caracteristica=compatibilidade-pelicula%3Axiaomi-redmi-6
884,http://www.cissamagazine.com.br/acessorios?caracteristica=compatibilidade-pelicula%3Axiaomi-redmi-7
885,http://www.cissamagazine.com.br/acessorios?caracteristica=compatibilidade-pelicula%3Axiaomi-redmi-go
886,http://www.cissamagazine.com.br/acessorios?caracteristica=compatibilidade-pelicula%3Axiaomi-redmi-note
887,http://www.cissamagazine.com.br/acessorios?caracteristica=compatibilidade-capa%3Aalcatel-a3
888,http://www.cissamagazine.com.br/acessorios?caracteristica=compatibilidade-capa%3Aalcatel-a5
889,http://www.cissamagazine.com.br/acessorios?caracteristica=compatibilidade-capa%3Aalcatel-idol-3
890,http://www.cissamagazine.com.br/acessorios?caracteristica=compatibilidade-capa%3Aalcatel-pixi-4
891,http://www.cissamagazine.com.br/acessorios?caracteristica=compatibilidade-capa%3Aapple-ipad
892,http://www.cissamagazine.com.br/acessorios?caracteristica=compatibilidade-capa%3Aapple-iphone-5-5s-5c
893,http://www.cissamagazine.com.br/acessorios?caracteristica=compatibilidade-capa%3Aapple-iphone-6-6s
894,http://www.cissamagazine.com.br/acessorios?caracteristica=compatibilidade-capa%3Aapple-iphone-6-6s-plus
895,http://www.cissamagazine.com.br/acessorios?caracteristica=compatibilidade-capa%3Aapple-iphone-7
896,http://www.cissamagazine.com.br/acessorios?caracteristica=compatibilidade-capa%3Aapple-iphone-7-plus
897,http://www.cissamagazine.com.br/acessorios?caracteristica=compatibilidade-capa%3Aapple-iphone-8
898,http://www.cissamagazine.com.br/acessorios?caracteristica=compatibilidade-capa%3Aapple-iphone-8-plus
899,http://www.cissamagazine.com.br/acessorios?caracteristica=compatibilidade-capa%3Aapple-iphone-x
900,http://www.cissamagazine.com.br/acessorios?caracteristica=compatibilidade-capa%3Aapple-iphone-xr
901,http://www.cissamagazine.com.br/acessorios?caracteristica=compatibilidade-capa%3Aapple-iphone-xs
902,http://www.cissamagazine.com.br/acessorios?caracteristica=compatibilidade-capa%3Aapple-iphone-xs-max
903,http://www.cissamagazine.com.br/acessorios?caracteristica=compatibilidade-capa%3Aasus-zenfone-2
904,http://www.cissamagazine.com.br/acessorios?caracteristica=compatibilidade-capa%3Aasus-zenfone-3
905,http://www.cissamagazine.com.br/acessorios?caracteristica=compatibilidade-capa%3Aasus-zenfone-3-max
906,http://www.cissamagazine.com.br/acessorios?caracteristica=compatibilidade-capa%3Aasus-zenfone-3-zoom
907,http://www.cissamagazine.com.br/acessorios?caracteristica=compatibilidade-capa%3Aasus-zenfone-4
908,http://www.cissamagazine.com.br/acessorios?caracteristica=compatibilidade-capa%3Aasus-zenfone-4-max
909,http://www.cissamagazine.com.br/acessorios?caracteristica=compatibilidade-capa%3Aasus-zenfone-4-selfie
910,http://www.cissamagazine.com.br/acessorios?caracteristica=compatibilidade-capa%3Aasus-zenfone-5
911,http://www.cissamagazine.com.br/acessorios?caracteristica=compatibilidade-capa%3Aasus-zenfone-5-selfie
912,http://www.cissamagazine.com.br/acessorios?caracteristica=compatibilidade-capa%3Aasus-zenfone-6
913,http://www.cissamagazine.com.br/acessorios?caracteristica=compatibilidade-capa%3Aasus-zenfone-go
914,http://www.cissamagazine.com.br/acessorios?caracteristica=compatibilidade-capa%3Aasus-zenfone-laser
915,http://www.cissamagazine.com.br/acessorios?caracteristica=compatibilidade-capa%3Aasus-zenfone-live
916,http://www.cissamagazine.com.br/acessorios?caracteristica=compatibilidade-capa%3Aasus-zenfone-max-plus-m1
917,http://www.cissamagazine.com.br/acessorios?caracteristica=compatibilidade-capa%3Aasus-zenfone-max-plus-m2
918,http://www.cissamagazine.com.br/acessorios?caracteristica=compatibilidade-capa%3Aasus-zenfone-max-pro-m1
919,http://www.cissamagazine.com.br/acessorios?caracteristica=compatibilidade-capa%3Agoogle-pixel
920,http://www.cissamagazine.com.br/acessorios?caracteristica=compatibilidade-capa%3Agoogle-pixel-2
921,http://www.cissamagazine.com.br/acessorios?caracteristica=compatibilidade-capa%3Agoogle-pixel-xl
922,http://www.cissamagazine.com.br/acessorios?caracteristica=compatibilidade-capa%3Ahuawei
923,http://www.cissamagazine.com.br/acessorios?caracteristica=compatibilidade-capa%3Alenovo-vibe-b
924,http://www.cissamagazine.com.br/acessorios?caracteristica=compatibilidade-capa%3Alenovo-vibe-k5
925,http://www.cissamagazine.com.br/acessorios?caracteristica=compatibilidade-capa%3Alenovo-vibe-k5-note
926,http://www.cissamagazine.com.br/acessorios?caracteristica=compatibilidade-capa%3Alenovo-vibe-k6
927,http://www.cissamagazine.com.br/acessorios?caracteristica=compatibilidade-capa%3Alenovo-vibe-k6-plus
928,http://www.cissamagazine.com.br/acessorios?caracteristica=compatibilidade-capa%3Alg-g3
929,http://www.cissamagazine.com.br/acessorios?caracteristica=compatibilidade-capa%3Alg-g4
930,http://www.cissamagazine.com.br/acessorios?caracteristica=compatibilidade-capa%3Alg-g5
931,http://www.cissamagazine.com.br/acessorios?caracteristica=compatibilidade-capa%3Alg-g6
932,http://www.cissamagazine.com.br/acessorios?caracteristica=compatibilidade-capa%3Alg-g7
933,http://www.cissamagazine.com.br/acessorios?caracteristica=compatibilidade-capa%3Alg-k10
934,http://www.cissamagazine.com.br/acessorios?caracteristica=compatibilidade-capa%3Alg-k10-power
935,http://www.cissamagazine.com.br/acessorios?caracteristica=compatibilidade-capa%3Alg-k10-pro
936,http://www.cissamagazine.com.br/acessorios?caracteristica=compatibilidade-capa%3Alg-k4
937,http://www.cissamagazine.com.br/acessorios?caracteristica=compatibilidade-capa%3Alg-k5
938,http://www.cissamagazine.com.br/acessorios?caracteristica=compatibilidade-capa%3Alg-k8
939,http://www.cissamagazine.com.br/acessorios?caracteristica=compatibilidade-capa%3Alg-l
940,http://www.cissamagazine.com.br/acessorios?caracteristica=compatibilidade-capa%3Alg-nexus
941,http://www.cissamagazine.com.br/acessorios?caracteristica=compatibilidade-capa%3Alg-q6-q6-plus
942,http://www.cissamagazine.com.br/acessorios?caracteristica=compatibilidade-capa%3Alg-v
943,http://www.cissamagazine.com.br/acessorios?caracteristica=compatibilidade-capa%3Alg-x-cam
944,http://www.cissamagazine.com.br/acessorios?caracteristica=compatibilidade-capa%3Alg-x-power
945,http://www.cissamagazine.com.br/acessorios?caracteristica=compatibilidade-capa%3Alg-x-screen
946,http://www.cissamagazine.com.br/acessorios?caracteristica=compatibilidade-capa%3Alg-x-style
947,http://www.cissamagazine.com.br/acessorios?caracteristica=compatibilidade-capa%3Amicrosoft-lumia-4
948,http://www.cissamagazine.com.br/acessorios?caracteristica=compatibilidade-capa%3Amicrosoft-lumia-5
949,http://www.cissamagazine.com.br/acessorios?caracteristica=compatibilidade-capa%3Amicrosoft-lumia-6
950,http://www.cissamagazine.com.br/acessorios?caracteristica=compatibilidade-capa%3Amicrosoft-lumia-8
951,http://www.cissamagazine.com.br/acessorios?caracteristica=compatibilidade-capa%3Amicrosoft-lumia-9
952,http://www.cissamagazine.com.br/acessorios?caracteristica=compatibilidade-capa%3Amotorola-moto-c-plus
953,http://www.cissamagazine.com.br/acessorios?caracteristica=compatibilidade-capa%3Amotorola-moto-e4
954,http://www.cissamagazine.com.br/acessorios?caracteristica=compatibilidade-capa%3Amotorola-moto-e4-plus
955,http://www.cissamagazine.com.br/acessorios?caracteristica=compatibilidade-capa%3Amotorola-moto-e5
956,http://www.cissamagazine.com.br/acessorios?caracteristica=compatibilidade-capa%3Amotorola-moto-e5-plus
957,http://www.cissamagazine.com.br/acessorios?caracteristica=compatibilidade-capa%3Amotorola-moto-g
958,http://www.cissamagazine.com.br/acessorios?caracteristica=compatibilidade-capa%3Amotorola-moto-g2
959,http://www.cissamagazine.com.br/acessorios?caracteristica=compatibilidade-capa%3Amotorola-moto-g3
960,http://www.cissamagazine.com.br/acessorios?caracteristica=compatibilidade-capa%3Amotorola-moto-g4
961,http://www.cissamagazine.com.br/acessorios?caracteristica=compatibilidade-capa%3Amotorola-moto-g4-play
962,http://www.cissamagazine.com.br/acessorios?caracteristica=compatibilidade-capa%3Amotorola-moto-g4-plus
963,http://www.cissamagazine.com.br/acessorios?caracteristica=compatibilidade-capa%3Amotorola-moto-g5-g5s
964,http://www.cissamagazine.com.br/acessorios?caracteristica=compatibilidade-capa%3Amotorola-moto-g5-g5s-plus
965,http://www.cissamagazine.com.br/acessorios?caracteristica=compatibilidade-capa%3Amotorola-moto-g6
966,http://www.cissamagazine.com.br/acessorios?caracteristica=compatibilidade-capa%3Amotorola-moto-g6-play
967,http://www.cissamagazine.com.br/acessorios?caracteristica=compatibilidade-capa%3Amotorola-moto-g6-plus
968,http://www.cissamagazine.com.br/acessorios?caracteristica=compatibilidade-capa%3Amotorola-moto-g7
969,http://www.cissamagazine.com.br/acessorios?caracteristica=compatibilidade-capa%3Amotorola-moto-g7-plus
970,http://www.cissamagazine.com.br/acessorios?caracteristica=compatibilidade-capa%3Amotorola-moto-nexus
971,http://www.cissamagazine.com.br/acessorios?caracteristica=compatibilidade-capa%3Amotorola-moto-one
972,http://www.cissamagazine.com.br/acessorios?caracteristica=compatibilidade-capa%3Amotorola-moto-x
973,http://www.cissamagazine.com.br/acessorios?caracteristica=compatibilidade-capa%3Amotorola-moto-x4
974,http://www.cissamagazine.com.br/acessorios?caracteristica=compatibilidade-capa%3Amotorola-moto-x-force
975,http://www.cissamagazine.com.br/acessorios?caracteristica=compatibilidade-capa%3Amotorola-moto-x-play
976,http://www.cissamagazine.com.br/acessorios?caracteristica=compatibilidade-capa%3Amotorola-moto-x-style
977,http://www.cissamagazine.com.br/acessorios?caracteristica=compatibilidade-capa%3Amotorola-moto-z
978,http://www.cissamagazine.com.br/acessorios?caracteristica=compatibilidade-capa%3Amotorola-moto-z2
979,http://www.cissamagazine.com.br/acessorios?caracteristica=compatibilidade-capa%3Amotorola-moto-z2-force
980,http://www.cissamagazine.com.br/acessorios?caracteristica=compatibilidade-capa%3Amotorola-moto-z2-play
981,http://www.cissamagazine.com.br/acessorios?caracteristica=compatibilidade-capa%3Amotorola-moto-z3-play
982,http://www.cissamagazine.com.br/acessorios?caracteristica=compatibilidade-capa%3Amotorola-moto-z-force
983,http://www.cissamagazine.com.br/acessorios?caracteristica=compatibilidade-capa%3Amotorola-moto-z-play
984,http://www.cissamagazine.com.br/acessorios?caracteristica=compatibilidade-capa%3Amotorola-moto-z-power
985,http://www.cissamagazine.com.br/acessorios?caracteristica=compatibilidade-capa%3Amotorola-moto-z-style
986,http://www.cissamagazine.com.br/acessorios?caracteristica=compatibilidade-capa%3Amultilaser
987,http://www.cissamagazine.com.br/acessorios?caracteristica=compatibilidade-capa%3Anokia
988,http://www.cissamagazine.com.br/acessorios?caracteristica=compatibilidade-capa%3Aoneplus-3
989,http://www.cissamagazine.com.br/acessorios?caracteristica=compatibilidade-capa%3Aoneplus-5
990,http://www.cissamagazine.com.br/acessorios?caracteristica=compatibilidade-capa%3Aoneplus-6
991,http://www.cissamagazine.com.br/acessorios?caracteristica=compatibilidade-capa%3Asamsung-galaxy-a20
992,http://www.cissamagazine.com.br/acessorios?caracteristica=compatibilidade-capa%3Asamsung-galaxy-a3
993,http://www.cissamagazine.com.br/acessorios?caracteristica=compatibilidade-capa%3Asamsung-galaxy-a30
994,http://www.cissamagazine.com.br/acessorios?caracteristica=compatibilidade-capa%3Asamsung-galaxy-a5
995,http://www.cissamagazine.com.br/acessorios?caracteristica=compatibilidade-capa%3Asamsung-galaxy-a50
996,http://www.cissamagazine.com.br/acessorios?caracteristica=compatibilidade-capa%3Asamsung-galaxy-a6
997,http://www.cissamagazine.com.br/acessorios?caracteristica=compatibilidade-capa%3Asamsung-galaxy-a6-plus
998,http://www.cissamagazine.com.br/acessorios?caracteristica=compatibilidade-capa%3Asamsung-galaxy-a7
999,http://www.cissamagazine.com.br/acessorios?caracteristica=compatibilidade-capa%3Asamsung-galaxy-a8
1000,http://www.cissamagazine.com.br/acessorios?caracteristica=compatibilidade-capa%3Asamsung-galaxy-a80
1001,http://www.cissamagazine.com.br/acessorios?caracteristica=compatibilidade-capa%3Asamsung-galaxy-a8-plus
1002,http://www.cissamagazine.com.br/acessorios?caracteristica=compatibilidade-capa%3Asamsung-galaxy-a9
1003,http://www.cissamagazine.com.br/acessorios?caracteristica=compatibilidade-capa%3Asamsung-galaxy-j1
1004,http://www.cissamagazine.com.br/acessorios?caracteristica=compatibilidade-capa%3Asamsung-galaxy-j2
1005,http://www.cissamagazine.com.br/acessorios?caracteristica=compatibilidade-capa%3Asamsung-galaxy-j3
1006,http://www.cissamagazine.com.br/acessorios?caracteristica=compatibilidade-capa%3Asamsung-galaxy-j4
1007,http://www.cissamagazine.com.br/acessorios?caracteristica=compatibilidade-capa%3Asamsung-galaxy-j4-plus
1008,http://www.cissamagazine.com.br/acessorios?caracteristica=compatibilidade-capa%3Asamsung-galaxy-j5
1009,http://www.cissamagazine.com.br/acessorios?caracteristica=compatibilidade-capa%3Asamsung-galaxy-j5-prime
1010,http://www.cissamagazine.com.br/acessorios?caracteristica=compatibilidade-capa%3Asamsung-galaxy-j5-pro
1011,http://www.cissamagazine.com.br/acessorios?caracteristica=compatibilidade-capa%3Asamsung-galaxy-j6
1012,http://www.cissamagazine.com.br/acessorios?caracteristica=compatibilidade-capa%3Asamsung-galaxy-j6-plus
1013,http://www.cissamagazine.com.br/acessorios?caracteristica=compatibilidade-capa%3Asamsung-galaxy-j7
1014,http://www.cissamagazine.com.br/acessorios?caracteristica=compatibilidade-capa%3Asamsung-galaxy-j7-neo
1015,http://www.cissamagazine.com.br/acessorios?caracteristica=compatibilidade-capa%3Asamsung-galaxy-j7-prime
1016,http://www.cissamagazine.com.br/acessorios?caracteristica=compatibilidade-capa%3Asamsung-galaxy-j7-pro
1017,http://www.cissamagazine.com.br/acessorios?caracteristica=compatibilidade-capa%3Asamsung-galaxy-j8
1018,http://www.cissamagazine.com.br/acessorios?caracteristica=compatibilidade-capa%3Asamsung-galaxy-m20
1019,http://www.cissamagazine.com.br/acessorios?caracteristica=compatibilidade-capa%3Asamsung-galaxy-note-10
1020,http://www.cissamagazine.com.br/acessorios?caracteristica=compatibilidade-capa%3Asamsung-galaxy-note-2
1021,http://www.cissamagazine.com.br/acessorios?caracteristica=compatibilidade-capa%3Asamsung-galaxy-note-3
1022,http://www.cissamagazine.com.br/acessorios?caracteristica=compatibilidade-capa%3Asamsung-galaxy-note-4
1023,http://www.cissamagazine.com.br/acessorios?caracteristica=compatibilidade-capa%3Asamsung-galaxy-note-5
1024,http://www.cissamagazine.com.br/acessorios?caracteristica=compatibilidade-capa%3Asamsung-galaxy-note-7
1025,http://www.cissamagazine.com.br/acessorios?caracteristica=compatibilidade-capa%3Asamsung-galaxy-note-8
1026,http://www.cissamagazine.com.br/acessorios?caracteristica=compatibilidade-capa%3Asamsung-galaxy-note-9
1027,http://www.cissamagazine.com.br/acessorios?caracteristica=compatibilidade-capa%3Asamsung-galaxy-s10
1028,http://www.cissamagazine.com.br/acessorios?caracteristica=compatibilidade-capa%3Asamsung-galaxy-s10e
1029,http://www.cissamagazine.com.br/acessorios?caracteristica=compatibilidade-capa%3Asamsung-galaxy-s10-plus
1030,http://www.cissamagazine.com.br/acessorios?caracteristica=compatibilidade-capa%3Asamsung-galaxy-s5
1031,http://www.cissamagazine.com.br/acessorios?caracteristica=compatibilidade-capa%3Asamsung-galaxy-s6
1032,http://www.cissamagazine.com.br/acessorios?caracteristica=compatibilidade-capa%3Asamsung-galaxy-s6-edge
1033,http://www.cissamagazine.com.br/acessorios?caracteristica=compatibilidade-capa%3Asamsung-galaxy-s7
1034,http://www.cissamagazine.com.br/acessorios?caracteristica=compatibilidade-capa%3Asamsung-galaxy-s7-edge
1035,http://www.cissamagazine.com.br/acessorios?caracteristica=compatibilidade-capa%3Asamsung-galaxy-s8
1036,http://www.cissamagazine.com.br/acessorios?caracteristica=compatibilidade-capa%3Asamsung-galaxy-s8-plus
1037,http://www.cissamagazine.com.br/acessorios?caracteristica=compatibilidade-capa%3Asamsung-galaxy-s9
1038,http://www.cissamagazine.com.br/acessorios?caracteristica=compatibilidade-capa%3Asamsung-galaxy-s9-plus
1039,http://www.cissamagazine.com.br/acessorios?caracteristica=compatibilidade-capa%3Asamsung-galaxy-tab
1040,http://www.cissamagazine.com.br/acessorios?caracteristica=compatibilidade-capa%3Asony-xperia-c
1041,http://www.cissamagazine.com.br/acessorios?caracteristica=compatibilidade-capa%3Asony-xperia-e
1042,http://www.cissamagazine.com.br/acessorios?caracteristica=compatibilidade-capa%3Asony-xperia-m
1043,http://www.cissamagazine.com.br/acessorios?caracteristica=compatibilidade-capa%3Asony-xperia-t
1044,http://www.cissamagazine.com.br/acessorios?caracteristica=compatibilidade-capa%3Asony-xperia-x
1045,http://www.cissamagazine.com.br/acessorios?caracteristica=compatibilidade-capa%3Asony-xperia-xa
1046,http://www.cissamagazine.com.br/acessorios?caracteristica=compatibilidade-capa%3Asony-xperia-xa1
1047,http://www.cissamagazine.com.br/acessorios?caracteristica=compatibilidade-capa%3Asony-xperia-xz
1048,http://www.cissamagazine.com.br/acessorios?caracteristica=compatibilidade-capa%3Asony-xperia-xz1
1049,http://www.cissamagazine.com.br/acessorios?caracteristica=compatibilidade-capa%3Asony-xperia-z1
1050,http://www.cissamagazine.com.br/acessorios?caracteristica=compatibilidade-capa%3Asony-xperia-z3
1051,http://www.cissamagazine.com.br/acessorios?caracteristica=compatibilidade-capa%3Asony-xperia-z4
1052,http://www.cissamagazine.com.br/acessorios?caracteristica=compatibilidade-capa%3Asony-xperia-z5
1053,http://www.cissamagazine.com.br/acessorios?caracteristica=compatibilidade-capa%3Axiaomi-mi-6
1054,http://www.cissamagazine.com.br/acessorios?caracteristica=compatibilidade-capa%3Axiaomi-mi-8
1055,http://www.cissamagazine.com.br/acessorios?caracteristica=compatibilidade-capa%3Axiaomi-mi-9
1056,http://www.cissamagazine.com.br/acessorios?caracteristica=compatibilidade-capa%3Axiaomi-mi-a2
1057,http://www.cissamagazine.com.br/acessorios?caracteristica=compatibilidade-capa%3Axiaomi-mi-mix
1058,http://www.cissamagazine.com.br/acessorios?caracteristica=compatibilidade-capa%3Axiaomi-redmi-3
1059,http://www.cissamagazine.com.br/acessorios?caracteristica=compatibilidade-capa%3Axiaomi-redmi-4
1060,http://www.cissamagazine.com.br/acessorios?caracteristica=compatibilidade-capa%3Axiaomi-redmi-5-5a
1061,http://www.cissamagazine.com.br/acessorios?caracteristica=compatibilidade-capa%3Axiaomi-redmi-5-5a-plus
1062,http://www.cissamagazine.com.br/acessorios?caracteristica=compatibilidade-capa%3Axiaomi-redmi-6
1063,http://www.cissamagazine.com.br/acessorios?caracteristica=compatibilidade-capa%3Axiaomi-redmi-note
1064,http://www.cissamagazine.com.br/acessorios?caracteristica=armazenamento%3A4-gb
1065,http://www.cissamagazine.com.br/acessorios?caracteristica=armazenamento%3A8-gb
1066,http://www.cissamagazine.com.br/acessorios?caracteristica=armazenamento%3A16-gb
1067,http://www.cissamagazine.com.br/acessorios?caracteristica=armazenamento%3A32-gb
1068,http://www.cissamagazine.com.br/acessorios?caracteristica=armazenamento%3A64-gb
1069,http://www.cissamagazine.com.br/acessorios?caracteristica=armazenamento%3A128-gb
1070,http://www.cissamagazine.com.br/acessorios?caracteristica=armazenamento%3A256-gb
1071,http://www.cissamagazine.com.br/acessorios?caracteristica=capacidade%3A2-gb
1072,http://www.cissamagazine.com.br/acessorios?caracteristica=capacidade%3A4-gb
1073,http://www.cissamagazine.com.br/acessorios?caracteristica=capacidade%3A8-gb
1074,http://www.cissamagazine.com.br/acessorios?caracteristica=capacidade%3A16-gb
1075,http://www.cissamagazine.com.br/acessorios?caracteristica=capacidade%3A32-gb
1076,http://www.cissamagazine.com.br/acessorios?caracteristica=capacidade%3A64-gb
1077,http://www.cissamagazine.com.br/acessorios?caracteristica=capacidade%3A128-gb
1078,http://www.cissamagazine.com.br/acessorios?caracteristica=capacidade%3A200-gb
1079,http://www.cissamagazine.com.br/acessorios?caracteristica=capacidade%3A256-gb
1080,http://www.cissamagazine.com.br/acessorios?caracteristica=capacidade%3A400-gb
1081,http://www.cissamagazine.com.br/melhores-tablets
1082,http://www.cissamagazine.com.br/pelicula-gorila-shield-coverage--xiaomi-mi-9t-redmi-k20-preto
1083,http://www.cissamagazine.com.br/pelicula-gorila-shield-coverage-color-xiaomi-redmi-note-7
1084,http://www.cissamagazine.com.br/caneta-apple-pencil-para-ipad-pro-mk0c2lza-branco
1085,http://www.cissamagazine.com.br/pen-drive-multilaser-twist-16gb-pd588-preto
1086,http://www.cissamagazine.com.br/carregador-portatil-xiaomi-2s-powerbank-10000mah-plm09zm-prata
1087,http://www.cissamagazine.com.br/pelicula-hprime-vidro-temperado-xiaomi-mi-8-lite
1088,http://www.cissamagazine.com.br/pelicula-traseira-gorila-shield-fibra-carbono-xiaomi-mi-8-lite
1089,http://www.cissamagazine.com.br/pelicula-hprime-para-xiaomi-mi-a3-vidro-temperado
1090,http://www.cissamagazine.com.br/pelicula-spigen-curved-glas-tr-galaxy-s8-plus
1091,http://www.cissamagazine.com.br/cartao-micro-sdxc-sandisk-ultra-128gb-class-10-adaptador
1092,http://www.cissamagazine.com.br/pelicula-gorila-shield-coverage-color-xiaomi-mi-9
1093,http://www.cissamagazine.com.br/pelicula-gorila-shield-nano-vidro-mi-9-se
1094,http://www.cissamagazine.com.br/pelicula-vidro-gorila-shield-camera-xiaomi-mi-9
1095,http://www.cissamagazine.com.br/pelicula-hprime-vidro-temperado-redmi-note-7
1096,http://www.cissamagazine.com.br/pelicula-para-lente-de-camera-xiaomi-mi-9t-gorila-shield
1097,http://www.cissamagazine.com.br/pelicula-traseira-gorila-shield-de-fibra-carbono-xiaomi-mi-9
1098,http://www.cissamagazine.com.br/pen-drive-kingston-dt50-16gb-cinza-verde
1099,http://www.cissamagazine.com.br/carregador-portatil-xiaomi-mi-power-bank-branco
1100,http://www.cissamagazine.com.br/acessorios?p=1
1101,http://www.cissamagazine.com.br/acessorios?p=2
1102,http://www.cissamagazine.com.br/acessorios?p=3
1103,http://www.cissamagazine.com.br/acessorios?p=4
1104,http://www.cissamagazine.com.br/acessorios?p=5
1105,http://www.cissamagazine.com.br/acessorios?p=468
1106,https://www.cissamagazine.com.br/smartphones
1107,https://www.cissamagazine.com.br/melhores-celulares
1108,https://www.cissamagazine.com.br/melhores-cameras-digitais
