id,links
0,http://www.havan.com.br/ofertas/setembro-do-brasil.html
1,http://www.havan.com.br/#contentarea
2,https://cliente.havan.com.br/Portal/Filiais/Lojas?utm_source=ecommerce&utm_medium=header
3,https://viagem.havan.com.br/
4,https://cliente.havan.com.br/Portal/Cartao/Consulta
5,https://lista.havan.com.br/
6,https://cliente.havan.com.br/Portal/Atendimento/Rastreamento
7,https://cliente.havan.com.br/Portal/Atendimento/Sac?utm_source=ecommerce&utm_medium=header
8,https://www.havan.com.br/catalogsearch/advanced/
9,https://www.havan.com.br/wishlist/
10,https://www.havan.com.br/customer/account/login/referer/aHR0cHM6Ly93d3cuaGF2YW4uY29tLmJyLw%2C%2C/
11,https://www.havan.com.br/checkout/cart/
12,http://www.havan.com.br/#store.menu
13,https://www.havan.com.br/eletro
14,https://www.havan.com.br/eletro/climatizacao
15,https://www.havan.com.br/eletro/climatizacao/ventiladores
16,https://www.havan.com.br/eletro/climatizacao/aquecedores
17,https://www.havan.com.br/eletro/climatizacao/ar-condicionado
18,https://www.havan.com.br/eletro/eletroportateis
19,https://www.havan.com.br/eletro/eletroportateis/aspiradores
20,https://www.havan.com.br/eletro/eletroportateis/pipoqueiras
21,https://www.havan.com.br/eletro/eletroportateis/espremedores
22,https://www.havan.com.br/eletro/eletroportateis/churrasqueiras
23,https://www.havan.com.br/eletro/eletroportateis/ferros-e-passadeiras
24,https://www.havan.com.br/eletro/eletroportateis/panelas-e-fritadeiras-eletricas
25,https://www.havan.com.br/eletro/eletroportateis/maquinas-de-costura
26,https://www.havan.com.br/eletro/eletroportateis/grill-e-sanduicheiras
27,https://www.havan.com.br/eletro/eletroportateis/chaleiras-e-cafeteiras
28,https://www.havan.com.br/eletro/eletroportateis/mixers-e-liquidificadores
29,https://www.havan.com.br/eletro/eletroportateis/batedeiras-e-processadores
30,https://www.havan.com.br/eletro/eletroportateis/bebedouros-e-purificadores
31,https://www.havan.com.br/eletro/eletrodomesticos
32,https://www.havan.com.br/eletro/eletrodomesticos/fogoes
33,https://www.havan.com.br/eletro/eletrodomesticos/lavadoras
34,https://www.havan.com.br/eletro/eletrodomesticos/secadoras
35,https://www.havan.com.br/eletro/eletrodomesticos/refrigeradores
36,https://www.havan.com.br/eletro/eletrodomesticos/coifas-e-depuradores
37,https://www.havan.com.br/eletro/eletrodomesticos/fornos-e-micro-ondas
38,https://www.havan.com.br/celulares.html
39,https://www.havan.com.br/celulares/linha-lg.html
40,https://www.havan.com.br/celulares/iphones.html
41,https://www.havan.com.br/celulares/semp-e-tcl.html
42,https://www.havan.com.br/celulares/zenfone.html
43,https://www.havan.com.br/celulares/moto-g.html
44,https://www.havan.com.br/celulares/galaxy.html
45,https://www.havan.com.br/eletronicos.html
46,https://www.havan.com.br/eletronicos/antenas.html
47,https://www.havan.com.br/eletronicos/informatica.html
48,https://www.havan.com.br/eletronicos/informatica/games.html
49,https://www.havan.com.br/eletronicos/informatica/games/video-games.html
50,https://www.havan.com.br/eletronicos/informatica/games/jogos-de-video-game.html
51,https://www.havan.com.br/eletronicos/informatica/notebooks.html
52,https://www.havan.com.br/eletronicos/informatica/tablets.html
53,https://www.havan.com.br/eletronicos/informatica/impressoras.html
54,https://www.havan.com.br/eletronicos/informatica/modens-e-roteadores.html
55,https://www.havan.com.br/eletronicos/informatica/acessorios-de-informatica.html
56,https://www.havan.com.br/eletronicos/informatica/acessorios-de-informatica/mouses-e-teclados.html
57,https://www.havan.com.br/eletronicos/informatica/acessorios-de-informatica/teclados.html
58,https://www.havan.com.br/eletronicos/informatica/acessorios-de-informatica/cases-e-mochilas.html
59,https://www.havan.com.br/eletronicos/informatica/acessorios-de-informatica/caixas-multimidia.html
60,https://www.havan.com.br/eletronicos/informatica/acessorios-de-informatica/fones-e-microfones.html
61,https://www.havan.com.br/eletronicos/informatica/acessorios-de-informatica/cartoes-e-pen-drives.html
62,https://www.havan.com.br/eletronicos/informatica/acessorios-de-informatica/cabos-e-adaptadores.html
63,https://www.havan.com.br/eletronicos/smartphones-e-telefonia.html
64,https://www.havan.com.br/eletronicos/smartphones-e-telefonia/telefones-sem-fio.html
65,https://www.havan.com.br/eletronicos/smartphones-e-telefonia/telefones-com-fio.html
66,https://www.havan.com.br/eletronicos/caixas-de-som.html
67,https://www.havan.com.br/eletronicos/home-theaters.html
68,https://www.havan.com.br/eletronicos/som-automotivo.html
69,https://www.havan.com.br/eletronicos/som-automotivo/auto-radios.html
70,https://www.havan.com.br/eletronicos/som-automotivo/auto-falantes.html
71,https://www.havan.com.br/eletronicos/aparelhos-de-som.html
72,https://www.havan.com.br/eletronicos/aparelhos-de-som/mini-system.html
73,https://www.havan.com.br/eletronicos/aparelhos-de-som/micro-sytems.html
74,https://www.havan.com.br/tvs.html
75,https://www.havan.com.br/tvs/smart-tvs-lg.html
76,https://www.havan.com.br/tvs/smart-tvs-tcl.html
77,https://www.havan.com.br/tvs/smart-tvs-philco.html
78,https://www.havan.com.br/tvs/smart-tvs-samsung.html
79,https://www.havan.com.br/cama-mesa-banho.html
80,https://www.havan.com.br/cama-mesa-banho/bebe.html
81,https://www.havan.com.br/cama-mesa-banho/bebe/fraldas.html
82,https://www.havan.com.br/cama-mesa-banho/bebe/andadores.html
83,https://www.havan.com.br/cama-mesa-banho/bebe/kits-para-berco.html
84,https://www.havan.com.br/cama-mesa-banho/bebe/carrinhos-de-bebe.html
85,https://www.havan.com.br/cama-mesa-banho/bebe/acessorios-de-bebe.html
86,https://www.havan.com.br/cama-mesa-banho/bebe/banheiras-e-suportes.html
87,https://www.havan.com.br/cama-mesa-banho/bebe/cadeiras-para-veiculos.html
88,https://www.havan.com.br/cama-mesa-banho/bebe/cadeiras-para-refeic-o.html
89,https://www.havan.com.br/cama-mesa-banho/bebe/bolsas-de-maternidade.html
90,https://www.havan.com.br/cama-mesa-banho/bebe/troninhos-e-redutores.html
91,https://www.havan.com.br/cama-mesa-banho/mesa.html
92,https://www.havan.com.br/cama-mesa-banho/toalhas.html
93,https://www.havan.com.br/cama-mesa-banho/roupoes.html
94,https://www.havan.com.br/cama-mesa-banho/travesseiros.html
95,https://www.havan.com.br/cama-mesa-banho/aromatizadores.html
96,https://www.havan.com.br/cama-mesa-banho/capas-e-protetores.html
97,https://www.havan.com.br/cama-mesa-banho/colchas-e-cobre-leitos.html
98,https://www.havan.com.br/cama-mesa-banho/cobertores-e-edredons.html
99,https://www.havan.com.br/cama-mesa-banho/jogos-de-cama-e-lencois.html
100,https://www.havan.com.br/cama-mesa-banho/fronhas-e-porta-travesseiros.html
101,https://www.havan.com.br/utilidade-domestica.html
102,https://www.havan.com.br/utilidades-domesticas/utensilios.html
103,https://www.havan.com.br/utilidades-domesticas/utensilios/pratos.html
104,https://www.havan.com.br/utilidades-domesticas/utensilios/bandejas.html
105,https://www.havan.com.br/utilidades-domesticas/utensilios/copos-e-tacas.html
106,https://www.havan.com.br/utilidades-domesticas/utensilios/potes-e-frascos.html
107,https://www.havan.com.br/utilidades-domesticas/utensilios/xicaras-e-canecas.html
108,https://www.havan.com.br/utilidades-domesticas/utensilios/jarras-e-suqueiras.html
109,https://www.havan.com.br/utilidades-domesticas/utensilios/garrafas-termicas.html
110,https://www.havan.com.br/utilidades-domesticas/utensilios/tigelas-e-travessas.html
111,https://www.havan.com.br/utilidades-domesticas/utensilios/bowls-e-ramequins.html
112,https://www.havan.com.br/utilidades-domesticas/utensilios/formas-e-assadeiras.html
113,https://www.havan.com.br/utilidades-domesticas/utensilios/escorredores-de-louca.html
114,https://www.havan.com.br/utilidades-domesticas/utensilios/porta-condimentos.html
115,https://www.havan.com.br/utilidades-domesticas/utensilios/bomboniere.html
116,https://www.havan.com.br/utilidades-domesticas/utensilios/aventais.html
117,https://www.havan.com.br/utilidades-domesticas/utensilios/luvas.html
118,https://www.havan.com.br/utilidades-domesticas/lavanderia.html
119,https://www.havan.com.br/utilidades-domesticas/lavanderia/lixeiras.html
120,https://www.havan.com.br/utilidades-domesticas/lavanderia/cabides.html
121,https://www.havan.com.br/utilidades-domesticas/lavanderia/torneiras.html
122,https://www.havan.com.br/utilidades-domesticas/lavanderia/organizadores.html
123,https://www.havan.com.br/utilidades-domesticas/lavanderia/artigos-de-limpeza.html
124,https://www.havan.com.br/utilidades-domesticas/lavanderia/acessorios-de-banheiro.html
125,https://www.havan.com.br/utilidades-domesticas/lavanderia/varais-e-tabuas-de-passar.html
126,https://www.havan.com.br/utilidades-domesticas/lavanderia/cestos-caixas-e-cachepots-com-as-melhores-ofertas-em-ate-10x-sem-juros.html
127,https://www.havan.com.br/utilidades-domesticas/churrasco-e-cia.html
128,https://www.havan.com.br/utilidades-domesticas/aparelhos-de-jantar.html
129,https://www.havan.com.br/utilidades-domesticas/panelas-e-frigideiras/jogos-de-panela.html
130,https://www.havan.com.br/utilidades-domesticas/faqueiros-e-talheres.html
131,https://www.havan.com.br/utilidades-domesticas/faqueiros-e-talheres/faqueiros.html
132,https://www.havan.com.br/utilidades-domesticas/faqueiros-e-talheres/talheres-avulsos.html
133,https://www.havan.com.br/utilidades-domesticas/faqueiros-e-talheres/talheres-avulsos/colheres.html
134,https://www.havan.com.br/utilidades-domesticas/faqueiros-e-talheres/talheres-avulsos/espatulas.html
135,https://www.havan.com.br/utilidades-domesticas/faqueiros-e-talheres/talheres-avulsos/garfos.html
136,https://www.havan.com.br/utilidades-domesticas/faqueiros-e-talheres/talheres-avulsos/facas.html
137,https://www.havan.com.br/utilidades-domesticas/faqueiros-e-talheres/talheres-avulsos/batedores.html
138,https://www.havan.com.br/utilidades-domesticas/faqueiros-e-talheres/talheres-avulsos/cortadores.html
139,https://www.havan.com.br/utilidades-domesticas/faqueiros-e-talheres/talheres-avulsos/conchas.html
140,https://www.havan.com.br/utilidades-domesticas/panelas-e-frigideiras.html
141,https://www.havan.com.br/utilidades-domesticas/panelas-e-frigideiras/chaleiras.html
142,https://www.havan.com.br/utilidades-domesticas/panelas-e-frigideiras/frigideiras.html
143,https://www.havan.com.br/utilidades-domesticas/panelas-e-frigideiras/panelas-avulsas.html
144,https://www.havan.com.br/utilidades-domesticas/panelas-e-frigideiras/panelas-de-press-o.html
145,https://www.havan.com.br/ferramentas-e-jardim
146,https://www.havan.com.br/ferramentas-e-jardim/linha-automotiva
147,https://www.havan.com.br/ferramentas-e-jardim/linha-automotiva/limpeza-automotiva
148,https://www.havan.com.br/ferramentas-e-jardim/linha-automotiva/acessorios-automotivo
149,https://www.havan.com.br/ferramentas-e-jardim/seguranca-eletronica.html
150,https://www.havan.com.br/ferramentas-e-jardim/ferramentas-eletricas
151,https://www.havan.com.br/ferramentas-e-jardim/ferramentas-eletricas/serras
152,https://www.havan.com.br/ferramentas-e-jardim/ferramentas-eletricas/tupias-e-retificas
153,https://www.havan.com.br/ferramentas-e-jardim/ferramentas-eletricas/plainas-e-lixadeiras
154,https://www.havan.com.br/ferramentas-e-jardim/ferramentas-eletricas/pintura-e-polimento
155,https://www.havan.com.br/ferramentas-e-jardim/ferramentas-eletricas/esmeris-e-esmerilhadeiras
156,https://www.havan.com.br/ferramentas-e-jardim/ferramentas-eletricas/furadeiras
157,https://www.havan.com.br/ferramentas-e-jardim/ferramentas-manuais
158,https://www.havan.com.br/ferramentas-e-jardim/ferramentas-manuais/kits-e-jogos
159,https://www.havan.com.br/ferramentas-e-jardim/ferramentas-manuais/ferramentas-avulsas
160,https://www.havan.com.br/ferramentas-e-jardim/ferramentas-de-jardim
161,https://www.havan.com.br/ferramentas-e-jardim/ferramentas-de-jardim/acessorios-de-jardim
162,https://www.havan.com.br/ferramentas-e-jardim/ferramentas-de-jardim/cortadores-e-aparadores
163,https://www.havan.com.br/ferramentas-e-jardim/ferramentas-de-jardim/lavadoras-de-alta-press-o
164,https://www.havan.com.br/beleza-e-saude
165,https://www.havan.com.br/beleza-e-saude/perfumaria
166,https://www.havan.com.br/beleza-e-saude/cosmeticos
167,https://www.havan.com.br/beleza-e-saude/beleza
168,https://www.havan.com.br/beleza-e-saude/beleza/pranchas
169,https://www.havan.com.br/beleza-e-saude/beleza/secadores-de-cabelo
170,https://www.havan.com.br/beleza-e-saude/beleza/depiladores
171,https://www.havan.com.br/beleza-e-saude/beleza/barbeadores
172,https://www.havan.com.br/beleza-e-saude/beleza/aparadores-de-pelo
173,https://www.havan.com.br/beleza-e-saude/beleza/escovas-e-modeladores
174,https://www.havan.com.br/beleza-e-saude/beleza/maquinas-de-cortar-cabelo
175,https://www.havan.com.br/moveis-e-decoracao
176,https://www.havan.com.br/moveis-e-decoracao/iluminacao
177,https://www.havan.com.br/moveis-e-decoracao/iluminacao/lampadas
178,https://www.havan.com.br/moveis-e-decoracao/iluminacao/lustres-e-luminarias
179,https://www.havan.com.br/moveis-e-decoracao/iluminacao/plafon.html
180,https://www.havan.com.br/moveis-e-decoracao/capas-e-mantas
181,https://www.havan.com.br/moveis-e-decoracao/papeis-de-parede
182,https://www.havan.com.br/moveis-e-decoracao/puffs-e-banquetas
183,https://www.havan.com.br/moveis-e-decoracao/cortinas-e-tapetes
184,https://www.havan.com.br/moveis-e-decoracao/cortinas-e-tapetes/cortinas
185,https://www.havan.com.br/moveis-e-decoracao/cortinas-e-tapetes/tapetes
186,https://www.havan.com.br/moveis-e-decoracao/artigos-decorativos
187,https://www.havan.com.br/moveis-e-decoracao/artigos-decorativos/placas-decorativas
188,https://www.havan.com.br/moveis-e-decoracao/artigos-decorativos/quadros-e-porta-retratos
189,https://www.havan.com.br/moveis-e-decoracao/nichos-e-prateleiras
190,https://www.havan.com.br/moveis-e-decoracao/assentos-e-almofadas
191,https://www.havan.com.br/esporte-e-lazer
192,https://www.havan.com.br/esporte-e-lazer/piscinas
193,https://www.havan.com.br/esporte-e-lazer/piscinas/piscinas-inflaveis
194,https://www.havan.com.br/esporte-e-lazer/piscinas/piscinas-de-armacao
195,https://www.havan.com.br/esporte-e-lazer/piscinas/acessorios-de-piscinas
196,https://www.havan.com.br/esporte-e-lazer/praia-e-camping
197,https://www.havan.com.br/esporte-e-lazer/praia-e-camping/caixas-termica
198,https://www.havan.com.br/esporte-e-lazer/praia-e-camping/artigos-inflaveis
199,https://www.havan.com.br/esporte-e-lazer/praia-e-camping/cadeiras-e-banquetas
200,https://www.havan.com.br/esporte-e-lazer/praia-e-camping/tendas-e-barracas
201,https://www.havan.com.br/esporte-e-lazer/praia-e-camping/ombrelones-e-guarda-sois
202,https://www.havan.com.br/esporte-e-lazer/artigos-esportivos
203,https://www.havan.com.br/esporte-e-lazer/artigos-esportivos/esteiras
204,https://www.havan.com.br/esporte-e-lazer/artigos-esportivos/bicicletas
205,https://www.havan.com.br/esporte-e-lazer/artigos-esportivos/aparelhos-elipticos
206,https://www.havan.com.br/esporte-e-lazer/artigos-esportivos/bicicletas-ergometricas
207,https://www.havan.com.br/esporte-e-lazer/artigos-esportivos/acessorios-para-bicicleta
208,https://www.havan.com.br/esporte-e-lazer/acessorios-para-viagem/malas-e-bolsas
209,https://www.havan.com.br/brinquedos
210,https://www.havan.com.br/brinquedos/jogos
211,https://www.havan.com.br/brinquedos/mini-veiculos
212,https://www.havan.com.br/brinquedos/carrinhos-e-bonecas
213,https://www.havan.com.br/brinquedos/carrinhos-e-bonecas/bonecas
214,https://www.havan.com.br/brinquedos/carrinhos-e-bonecas/carrinhos
215,https://www.havan.com.br/brinquedos/carrinhos-e-bonecas/personagens
216,https://www.havan.com.br/brinquedos/carrinhos-e-bonecas/bichos-de-pelucia
217,https://www.havan.com.br/brinquedos/brinquedos-criativos
218,https://www.havan.com.br/brinquedos/brinquedos-esportivos
219,https://www.havan.com.br/brinquedos/brinquedos-esportivos/bolas
220,https://www.havan.com.br/brinquedos/brinquedos-esportivos/lancadores
221,https://www.havan.com.br/brinquedos/brinquedos-esportivos/praia-e-jardim
222,https://www.havan.com.br/brinquedos/brinquedos-esportivos/patins-e-patinetes
223,https://www.havan.com.br/ofertas
224,http://www.havan.com.br/#store.links
225,https://www.havan.com.br/customer/account/
226,http://www.havan.com.br/#services
227,http://www.havan.com.br/brinquedos?product_list_dir=desc
228,http://www.havan.com.br/ofertas
229,http://www.havan.com.br/celulares.html?product_list_dir=desc
230,http://www.havan.com.br/ferramentas-e-jardim/ferramentas-de-jardim/lavadoras-de-alta-press-o
231,http://www.havan.com.br/moveis-e-decoracao
232,http://www.havan.com.br/utilidades-domesticas/aparelhos-de-jantar.html?product_list_order=special_price&product_list_dir=desc
233,http://www.havan.com.br/catalogsearch/result/index/?cat=301&q=royal+santista&product_list_order=special_price
234,http://www.havan.com.br/smartphones-e-telefonia/smartphones?product_list_dir=desc
235,http://www.havan.com.br/catalogsearch/result/?q=223506
236,http://www.havan.com.br/cama-mesa-banho/roupoes.html?p=3&product_list_dir=desc
237,http://www.havan.com.br/#
238,https://www.havan.com.br/jogo-de-jantar-e-cha-30-pecas-daily-oxford-giulia.html
239,https://www.havan.com.br/jogo-de-jantar-e-cha-30-pecas-daily-oxford-sophia.html
240,https://www.havan.com.br/jogo-de-jantar-e-cha-30-pecas-daily-oxford-emily.html
241,https://www.havan.com.br/aparelho-de-jantar-e-cha-30-pecas-oxford-daily-luiza.html
242,https://www.havan.com.br/caixa-bluetooth-jbl-go-2-preto.html
243,https://www.havan.com.br/caixa-bluetooth-jbl-go-2-madeira.html
244,https://www.havan.com.br/controle-sem-fio-dualshock-playstation-4-sony-preto.html
245,https://www.havan.com.br/bebe-conforto-0-a-13kg-ange-nania-preto-founce.html
246,https://www.havan.com.br/mp3-player-pioneer-avh-g218bt-bluetooth-cd-am-fm-usb-2-din.html
247,https://www.havan.com.br/notebook-lenovo-ideapad-330-15-6-intel-celeron-4gb-ram-1tb-hd-preto.html
248,https://www.havan.com.br/notebook-motion-q232a-14-quad-core-2gb-32ssd-win10-positivo-gray.html
249,https://www.havan.com.br/panela-de-press-o-vancouver-4-5-litros-tramontina-preto.html
250,https://cliente.havan.com.br/Portal/Filiais/Lojas
251,https://cliente.havan.com.br/Portal/Institucional/MultiSeguro/10005
252,http://www.havan.com.br/smartphones-e-telefonia/smartphones
253,http://www.havan.com.br/beleza-e-saude/beleza
254,http://www.havan.com.br/beleza-e-saude
255,http://www.havan.com.br/eletronicos/smart-tvs.html
256,http://www.havan.com.br/tvs-e-audio
257,http://www.havan.com.br/ferramentas-e-jardim
258,http://www.havan.com.br/casa-e-cozinha
259,http://www.havan.com.br/informatica-e-tecnologia/notebooks
260,https://www.havan.com.br/manta-fleece-solteiro-dinossauro-lepper-azul.html
261,https://www.havan.com.br/manta-fleece-solteiro-minnie-lepper-vermelho.html
262,https://www.havan.com.br/cobertor-queen-2-20x2-40m-canelado-verde-menta.html
263,https://www.havan.com.br/cobertor-queen-2-20x2-40m-canelado-salm-o.html
264,https://www.havan.com.br/almofada-decorativa-48x48cm-veludo-estampada-finecasa-bege.html
265,https://www.havan.com.br/almofada-veludo-48x48cm-estampada-verde.html
266,https://www.havan.com.br/almofada-veludo-48x48cm-estampada-passarinhos.html
267,https://www.havan.com.br/almofada-infantil-patrulha-canina-sky-lepper-rosa.html
268,https://www.havan.com.br/tapete-dubhai-2-00x2-50m-para-quarto-e-sala-cinza.html
269,https://www.havan.com.br/tapete-dubhai-2-00x2-50m-para-quarto-e-sala-chumbo.html
270,https://www.havan.com.br/luminaria-solar-led-deco-6500k-taschibra-15100065.html
271,https://www.havan.com.br/pneu-pirelli-aro-14-p400-evo-175-65-r14-82t-0000031728.html
272,https://www.havan.com.br/pneu-pirelli-aro-14-p400-evo-185-65-r14-84t-0000031909.html
273,https://www.havan.com.br/kit-acessorios-para-micro-retifica-110-pecas-dremel-26150709ad.html
274,https://www.havan.com.br/mini-geladeira-portatil-8-l-bdc8-la-black-and-decker-preto.html
275,https://www.havan.com.br/parafusadeira-12v-litio-ion-31-pecas-black-and-decker-bivolt.html
276,https://www.havan.com.br/luminaria-solar-balizadora-abs-led-ecoforce-preto.html
277,https://www.havan.com.br/furadeira-de-impacto-3-8-560w-tm500-black-and-decker.html
278,https://www.havan.com.br/lavadora-de-alta-press-o-compacta-1500w-wap-ousada-plus.html
279,https://www.havan.com.br/kit-de-ferramentas-12v-bdck502c1-gopak-black-and-decker-bivolt.html
280,https://www.havan.com.br/bloco-de-montar-mega-bloks-dch63-fisher-price-colorido.html
281,https://www.havan.com.br/conjunto-de-lancadores-de-dardos-bug-attack-candide-verde.html
282,https://www.havan.com.br/tablet-interativo-bilingue-830029-art-brink-preto.html
283,https://www.havan.com.br/boneca-little-mommy-hora-de-comer-e-lavar-fisher-price-rosa.html
284,https://www.havan.com.br/polly-pocket-food-truck-2-em-1-gdm20-mattel-colorido.html
285,https://www.havan.com.br/polly-pocket-kit-grande-moda-esportiva-gdm08-mattel-barco.html
286,https://www.havan.com.br/polly-pocket-kit-grande-moda-esportiva-gdm08-mattel-moto.html
287,https://www.havan.com.br/boneca-polly-pocket-cachorro-com-fantasia-gdm15-mattel-colorido.html
288,https://www.havan.com.br/boneca-polly-pocket-kit-de-viagem-gdm12-mattel-azul.html
289,https://www.havan.com.br/pelucia-galinha-pintadinha-com-som-4994-dtc-azul.html
290,https://www.havan.com.br/bandeja-espelhada-25cm-redonda-yaris-prata.html
291,https://www.havan.com.br/suqueira-de-cristal-4-5-litros-persa-lyor-azul.html
292,https://www.havan.com.br/suqueira-4-5-litros-persa-lyor-ambar.html
293,https://www.havan.com.br/conjunto-de-cha-bella-12-pecas-biona-ceramica.html
294,https://www.havan.com.br/jogo-de-panelas-paris-7-pecas-tramontina-grafite.html
295,https://www.havan.com.br/jogo-de-panelas-paris-7-pecas-tramontina-vermelho.html
296,https://www.havan.com.br/jogo-de-panelas-7-pecas-paris-tramontina-rosa.html
297,https://www.havan.com.br/aparelho-de-jantar-20-pecas-quartier-bamboo-branco.html
298,https://www.havan.com.br/panela-wok-california-36cm-tramontina-aluminio.html
299,https://www.havan.com.br/faqueiro-com-24-pecas-ipanema-tramontina-azul.html
300,http://www.havan.com.br/utilidade-domestica.html
301,http://www.havan.com.br/casa-e-cozinha/cama-mesa-e-banho?product_list_order=special_price&product_list_dir=desc
302,https://www.havan.com.br/casa-e-cozinha/cama-mesa-e-banho?product_list_order=special_price&product_list_dir=desc
303,https://www.youtube.com/user/lojashavan?hl=cs
304,https://pt-br.facebook.com/Havanoficial
305,https://www.instagram.com/havanoficial/?hl=pt-br
306,https://twitter.com/havanoficial
307,http://www.lojashavan.com.br/home
308,http://www.lojashavan.com.br/historia
309,http://cliente.havan.com.br/Portal/Filiais/Lojas/SC
310,https://cliente.havan.com.br/Portal/Institucional/AcoesSociais
311,https://cliente.havan.com.br/Portal/Institucional/TrabalheConosco
312,https://cliente.havan.com.br/Colaborador
313,https://www.havan.com.br/politica-de-privacidade
314,http://cliente.havan.com.br/Portal/Atendimento/Sac?utm_source=ecommerce&utm_medium=header
315,https://cliente.havan.com.br/Portal/Atendimento/InformacoesFrete
316,http://cliente.havan.com.br/Portal/Atendimento/Sac
317,https://cliente.havan.com.br/Portal/Cartao/Informacoes
318,https://lista.havan.com.br
319,http://www.ebit.com.br/3240
320,https://www.lojaconfiavel.com/havan
321,https://selo.clearsale.com.br/Loja/ExibirDetalhesLoja/BCB76729-DDE2-40F7-9E4F-2C5B94042A42
322,https://hibrido.com.br/?utm_source=assinatura&utm_medium=sites&utm_campaign=havan
323,https://webjump.com.br/
324,http://www.havan.com.br/Portal/Institucional/AssessoriaDeImprensa
325,http://www.havan.com.br/Portal/Institucional/TrabalheConosco
326,http://www.havan.com.br/Portal/Filiais/Lojas
327,http://www.havan.com.br/Portal
328,http://www.havan.com.br/
329,http://www.havan.com.br/Portal/Cartao/Informacoes
330,http://www.havan.com.br/Portal/Cartao/Consulta
331,http://www.havan.com.br/Portal/Institucional/GarantiaEstendida/20013
332,http://www.havan.com.br/Portal/Institucional/ProtecaoFinanceira/20014
333,http://www.havan.com.br/Portal/Institucional/MultiSeguro/10005
334,http://www.havan.com.br/Portal/CampanhaCpfPremiado
335,http://www.havan.com.br/Portal/Atendimento/Acompanhamento
336,http://www.havan.com.br/Portal/Atendimento/Rastreamento
337,http://www.havan.com.br/Portal/Atendimento/Sac
338,http://www.havan.com.br/Portal/Institucional/LinhaDoTempo
339,http://www.havan.com.br/Portal/Institucional/Campanha
340,http://www.havan.com.br/Portal/Institucional/Agenda
341,http://viagem.havan.com.br/
342,http://lista.havan.com.br/
343,http://www.havan.com.br/AC
344,http://www.havan.com.br/BA
345,http://www.havan.com.br/DF
346,http://www.havan.com.br/ES
347,http://www.havan.com.br/GO
348,http://www.havan.com.br/MG
349,http://www.havan.com.br/MS
350,http://www.havan.com.br/MT
351,http://www.havan.com.br/PA
352,http://www.havan.com.br/PE
353,http://www.havan.com.br/PR
354,http://www.havan.com.br/RJ
355,http://www.havan.com.br/RO
356,http://www.havan.com.br/RS
357,http://www.havan.com.br/SC
358,http://www.havan.com.br/SP
359,http://www.havan.com.br/TO
360,https://www.facebook.com/Havanoficial
361,http://instagram.com/havanoficial
362,http://www.youtube.com/lojashavan
363,http://www.havan.com.br/Portal/Atendimento/PromoWhatsApp
364,http://www.havan.com.br/Portal/Institucional/AcoesSociais
365,https://cliente.havan.com.br/colaborador
366,http://www.havan.com.br/Portal/Atendimento/InformacoesFrete
367,https://viagem.havan.com.br
368,https://api.whatsapp.com/send?phone=554732655016
369,https://cliente.havan.com.br/ControleAcessoExternoAPI/api/oauth/external/SignIn?provider=Facebook&redirect_uri=https://cliente.havan.com.br/Portal/&response_type=token&client_id=348e6fb0-90b2-40bd-bf9a-5d5158d0de80
370,https://cliente.havan.com.br/ControleAcessoExternoAPI/api/oauth/external/SignIn?provider=Google&redirect_uri=https://cliente.havan.com.br/Portal/&response_type=token&client_id=348e6fb0-90b2-40bd-bf9a-5d5158d0de80
371,https://cliente.havan.com.br/Portal/Institucional/AssessoriaDeImprensa
372,http://www.havan.com.br/Entrar
373,https://cliente.havan.com.br/ControleAcessoExternoAPI/api/oauth/external/SignIn?provider=Facebook&redirect_uri=https://lista.havan.com.br/&response_type=token&client_id=b5067f44-1ee2-4f69-a92d-89d587840bdf
374,https://cliente.havan.com.br/ControleAcessoExternoAPI/api/oauth/external/SignIn?provider=Google&redirect_uri=https://lista.havan.com.br/&response_type=token&client_id=b5067f44-1ee2-4f69-a92d-89d587840bdf
375,http://www.havan.com.br/Checkout
376,http://www.havan.com.br/Convidado/MeusPedidos
377,http://www.havan.com.br/Convidado
378,https://cliente.havan.com.br/Portal/Atendimento/Sac
379,http://www.havan.com.br/Home/ComoFunciona
380,http://www.havan.com.br/Home/Regulamento
381,https://play.google.com/store/apps/details?id=com.havan.mobile.listapresente
382,https://itunes.apple.com/br/app/lista-de-presentes-havan/id1272875899?mt=8
383,http://www.havan.com.br/ListaPresenteAdmin/EsqueceuSenha
384,https://cliente.havan.com.br/ControleAcessoExternoAPI/api/oauth/external/SignIn?provider=Facebook&redirect_uri=https%3a%2f%2flista.havan.com.br%2f&response_type=token&client_id=b5067f44-1ee2-4f69-a92d-89d587840bdf
385,https://cliente.havan.com.br/ControleAcessoExternoAPI/api/oauth/external/SignIn?provider=Google&redirect_uri=https%3a%2f%2flista.havan.com.br%2f&response_type=token&client_id=b5067f44-1ee2-4f69-a92d-89d587840bdf
386,http://www.havan.com.br/Content/Images/imagem-casamento.jpg
387,http://www.havan.com.br/Content/Images/imagem-gravida.jpg
388,http://www.havan.com.br/Content/Images/imagem-party.jpg
389,https://www.instagram.com/havanoficial/
390,https://pt-br.facebook.com/Havanoficial/
391,https://www.youtube.com/user/lojashavan
392,https://cliente.havan.com.br/Portal/Institucional/LinhaDoTempo
393,http://portaldocolaborador.havan.com.br/RhQuiosque/login.aspx
394,https://www.havan.com.br/institucional/duvidas
395,https://www.havan.com.br/guia-de-ofertas
396,https://viagem.havan.com.br/passagem
397,https://www.havan.com.br/institucional/politica-de-privacidade
398,http://www.globalsign.com/
399,http://www.ebit.com.br/havan/selo
400,http://www.havan.com.br/2
401,http://www.havan.com.br/13
402,http://www.havan.com.br/18
403,http://www.havan.com.br/5
404,http://www.havan.com.br/19
405,http://www.havan.com.br/15
406,http://www.havan.com.br/11
407,http://www.havan.com.br/12
408,http://www.havan.com.br/16
409,https://www.havan.com.br/
410,https://www.havan.com.br/customer/account/login/referer/aHR0cHM6Ly93d3cuaGF2YW4uY29tLmJyL2NhdGFsb2dzZWFyY2gvYWR2YW5jZWQvaW5kZXgv/
411,https://www.havan.com.br/customer/account/login/referer/aHR0cHM6Ly93d3cuaGF2YW4uY29tLmJyL3dpc2hsaXN0Lw%2C%2C/
412,https://www.havan.com.br/customer/account/forgotpassword/
413,http://www.havan.com.br/loginnopassword/account/requesttoken
414,https://www.havan.com.br/customer/account/create/
415,https://www.havan.com.br/amsociallogin/social/login/type/google/
416,https://www.havan.com.br/customer/account/login/referer/aHR0cHM6Ly93d3cuaGF2YW4uY29tLmJyL2NoZWNrb3V0L2NhcnQvaW5kZXgv/
417,https://www.havan.com.br/customer/account/login/referer/aHR0cHM6Ly93d3cuaGF2YW4uY29tLmJyL2VsZXRybw%2C%2C/
418,http://www.havan.com.br/eletro/eletroportateis
419,http://www.havan.com.br/eletro/climatizacao
420,http://www.havan.com.br/eletro/eletrodomesticos
421,https://www.havan.com.br/eletro?p=2
422,https://www.havan.com.br/eletro?p=3
423,https://www.havan.com.br/eletro?p=4
424,https://www.havan.com.br/eletro?p=5
425,https://www.havan.com.br/refrigerador-397l-frost-free-inverter-cre44ak-consul.html
426,https://www.havan.com.br/chaleira-eletrica-1-8-litros-bch03vi-britania.html
427,https://www.havan.com.br/refrigerador-frost-free-340-litros-crm39ab-consul.html
428,https://www.havan.com.br/ventilador-de-mesa-ultra-silence-force-40cm-vu40-arno.html
429,https://www.havan.com.br/fog-o-de-piso-5-bocas-duplo-forno-76dba-electrolux-bivolt.html
430,https://www.havan.com.br/batedeira-facilita-vermelha-com-2-tigelas-sx25-arno.html
431,https://www.havan.com.br/forno-micro-ondas-20-litros-mtrs2-midea.html
432,https://www.havan.com.br/fog-o-de-piso-4-bocas-gran-cheff-fischer-bivolt.html
433,https://www.havan.com.br/fog-o-de-piso-5-bocas-tc-gran-cheff-fischer.html
434,https://www.havan.com.br/ferro-a-vapor-bfe187aaz-base-antiaderente-britania.html
435,https://www.havan.com.br/coifa-de-parede-flat-60cm-pco60i-philco.html
436,https://www.havan.com.br/ferro-a-seco-pfe01p-retro-philco.html
437,https://www.havan.com.br/ventilador-de-coluna-mega-turbo-50-britania.html
438,https://www.havan.com.br/panela-eletrica-vermelha-bpe04iv-britania.html
439,https://www.havan.com.br/ferro-a-vapor-fx2500-ceramic-gliss-black-and-decker.html
440,https://www.havan.com.br/ferro-a-vapor-fx3060-com-anti-gotejamento-black-decker.html
441,https://www.havan.com.br/lavadora-de-roupas-semiautomatica-big-16kg-mueller.html
442,https://www.havan.com.br/lavadora-de-roupas-semiautomatica-big-14kg-mueller.html
443,https://www.havan.com.br/ferro-de-passar-nano-ceramic-pfv2200r-philco.html
444,https://www.havan.com.br/fritadeira-sem-oleo-4-litros-fxa-inox-midea.html
445,https://www.havan.com.br/eletro?cat=35
446,https://www.havan.com.br/eletro?cat=30
447,https://www.havan.com.br/eletro?cat=31
448,https://www.havan.com.br/eletro?price=-1000
449,https://www.havan.com.br/eletro?price=1000-2000
450,https://www.havan.com.br/eletro?price=2000-3000
451,https://www.havan.com.br/eletro?price=3000-4000
452,https://www.havan.com.br/eletro?price=4000-
453,https://www.havan.com.br/eletro?product_brand=530
454,https://www.havan.com.br/eletro?product_brand=1153
455,https://www.havan.com.br/eletro?product_brand=2485
456,https://www.havan.com.br/eletro?product_brand=446
457,https://www.havan.com.br/eletro?product_brand=328
458,https://www.havan.com.br/eletro?product_brand=359
459,https://www.havan.com.br/eletro?product_brand=1927
460,https://www.havan.com.br/eletro?product_brand=18
461,https://www.havan.com.br/eletro?product_brand=27
462,https://www.havan.com.br/eletro?product_brand=28
463,https://www.havan.com.br/eletro?product_brand=29
464,https://www.havan.com.br/eletro?product_brand=30
465,https://www.havan.com.br/eletro?product_brand=31
466,https://www.havan.com.br/eletro?product_brand=33
467,https://www.havan.com.br/eletro?product_brand=34
468,https://www.havan.com.br/eletro?product_brand=35
469,https://www.havan.com.br/eletro?product_brand=36
470,https://www.havan.com.br/eletro?product_brand=37
471,https://www.havan.com.br/eletro?product_brand=38
472,https://www.havan.com.br/eletro?product_brand=39
473,https://www.havan.com.br/eletro?product_brand=40
474,https://www.havan.com.br/eletro?product_brand=41
475,https://www.havan.com.br/eletro?product_brand=42
476,https://www.havan.com.br/eletro?product_brand=43
477,https://www.havan.com.br/eletro?product_brand=50
478,https://www.havan.com.br/eletro?product_brand=104
479,https://www.havan.com.br/eletro?product_brand=108
480,https://www.havan.com.br/eletro?product_brand=111
481,https://www.havan.com.br/eletro?product_brand=122
482,https://www.havan.com.br/eletro?promocao_especial=2859
483,https://www.havan.com.br/customer/account/login/referer/aHR0cHM6Ly93d3cuaGF2YW4uY29tLmJyL2VsZXRyby9jbGltYXRpemFjYW8%2C/
484,https://www.havan.com.br/eletro/climatizacao?p=2
485,https://www.havan.com.br/aquecedor-a-oleo-1500w-britania-ab1500.html
486,https://www.havan.com.br/aquecedor-ab-1600n-ceramic-1500w-britania.html
487,https://www.havan.com.br/ventilador-pvt400-turbo-155w-philco.html
488,https://www.havan.com.br/ventilador-de-mesa-40cm-philco-pvt400az-turbo.html
489,https://www.havan.com.br/climatizador-philco-pcl1-quente-frio.html
490,https://www.havan.com.br/ventilador-silence-coluna-vf4c-arno.html
491,https://www.havan.com.br/aquecedor-britania-2-em-1-ab1100n.html
492,https://www.havan.com.br/aquecedor-cadence-classic-air-aqc500.html
493,https://www.havan.com.br/ventilador-40cm-mesa-ventus-six-preto-britania.html
494,https://www.havan.com.br/ventilador-40-cm-silence-force-repelente-vf55-arno.html
495,https://www.havan.com.br/ventilador-de-coluna-mega-turbo-30-six-preto-britania.html
496,https://www.havan.com.br/ventilador-mega-turbo-40-six-3-em-1-preto-britania.html
497,https://www.havan.com.br/ventilador-de-mesa-40cm-arno-silence-force-vf40pr.html
498,https://www.havan.com.br/ventilador-30cm-protect-six-britania-com-3-velocidades.html
499,https://www.havan.com.br/ventilador-de-coluna-britania-mega-40-six-com-03-velocidades.html
500,https://www.havan.com.br/aquecedor-britania-ab1200-branco.html
501,https://www.havan.com.br/umidificador-de-ar-bud02b-2-2l-britania-bivolt.html
502,https://www.havan.com.br/umidificador-de-ar-air-clean-3-2l-britania-bivolt.html
503,https://www.havan.com.br/eletro/climatizacao?cat=41
504,https://www.havan.com.br/eletro/climatizacao?cat=42
505,https://www.havan.com.br/eletro/climatizacao?cat=714
506,https://www.havan.com.br/eletro/climatizacao?cat=43
507,https://www.havan.com.br/eletro/climatizacao?cat=40
508,https://www.havan.com.br/eletro/climatizacao?price=-200
509,https://www.havan.com.br/eletro/climatizacao?price=200-400
510,https://www.havan.com.br/eletro/climatizacao?price=2000-2200
511,https://www.havan.com.br/eletro/climatizacao?price=2400-
512,https://www.havan.com.br/eletro/climatizacao?product_brand=18
513,https://www.havan.com.br/eletro/climatizacao?product_brand=28
514,https://www.havan.com.br/eletro/climatizacao?product_brand=29
515,https://www.havan.com.br/eletro/climatizacao?product_brand=31
516,https://www.havan.com.br/eletro/climatizacao?product_brand=104
517,https://www.havan.com.br/eletro/climatizacao?product_brand=111
518,https://www.havan.com.br/customer/account/login/referer/aHR0cHM6Ly93d3cuaGF2YW4uY29tLmJyL2VsZXRyby9jbGltYXRpemFjYW8vdmVudGlsYWRvcmVz/
519,https://www.havan.com.br/ventilador-de-teto-lumi-mogno-3-pas-loren-sid.html
520,https://www.havan.com.br/ventilador-de-coluna-bvt60cm-britania-160w-bivolt.html
521,https://www.havan.com.br/eletro/climatizacao/ventiladores?price=-100
522,https://www.havan.com.br/eletro/climatizacao/ventiladores?price=200-
523,https://www.havan.com.br/eletro/climatizacao/ventiladores?product_brand=18
524,https://www.havan.com.br/eletro/climatizacao/ventiladores?product_brand=28
525,https://www.havan.com.br/eletro/climatizacao/ventiladores?product_brand=29
526,https://www.havan.com.br/eletro/climatizacao/ventiladores?product_brand=104
527,https://www.havan.com.br/customer/account/login/referer/aHR0cHM6Ly93d3cuaGF2YW4uY29tLmJyL2VsZXRyby9jbGltYXRpemFjYW8vYXF1ZWNlZG9yZXM%2C/
528,https://www.havan.com.br/eletro/climatizacao/aquecedores?price=-100
529,https://www.havan.com.br/eletro/climatizacao/aquecedores?price=100-200
530,https://www.havan.com.br/eletro/climatizacao/aquecedores?price=200-
531,https://www.havan.com.br/eletro/climatizacao/aquecedores?product_brand=28
532,https://www.havan.com.br/eletro/climatizacao/aquecedores?product_brand=31
533,https://www.havan.com.br/customer/account/login/referer/aHR0cHM6Ly93d3cuaGF2YW4uY29tLmJyL2VsZXRyby9jbGltYXRpemFjYW8vYXItY29uZGljaW9uYWRv/
534,https://www.havan.com.br/ar-condicionado-split-9000-quente-frio-inverter-springer-midea-218787-80-220v.html
535,https://www.havan.com.br/ar-condicionado-18000btu-s-quente-frio-pac18000qfm6-philco-branco.html
536,https://www.havan.com.br/eletro/climatizacao/ar-condicionado?cat=83
537,https://www.havan.com.br/eletro/climatizacao/ar-condicionado?price=2000-2100
538,https://www.havan.com.br/eletro/climatizacao/ar-condicionado?price=2400-
539,https://www.havan.com.br/eletro/climatizacao/ar-condicionado?product_brand=18
540,https://www.havan.com.br/eletro/climatizacao/ar-condicionado?product_brand=111
541,https://www.havan.com.br/customer/account/login/referer/aHR0cHM6Ly93d3cuaGF2YW4uY29tLmJyL2VsZXRyby9lbGV0cm9wb3J0YXRlaXM%2C/
542,https://www.havan.com.br/eletro/eletroportateis?p=2
543,https://www.havan.com.br/eletro/eletroportateis?p=3
544,https://www.havan.com.br/eletro/eletroportateis?p=4
545,https://www.havan.com.br/eletro/eletroportateis?p=5
546,https://www.havan.com.br/ferro-de-passar-a-vapor-ecogliss-fec1-arno.html
547,https://www.havan.com.br/panela-eletrica-40cm-britania-cook-chef.html
548,https://www.havan.com.br/liquidificador-fit-inox-240w-britania.html
549,https://www.havan.com.br/batedeira-diamante-preta-britania.html
550,https://www.havan.com.br/purificador-de-agua-com-refrigerac-o-por-compressor-pc41b-electrolux.html
551,https://www.havan.com.br/cafeteira-barista-15bar-prata-tres-coracoes.html
552,https://www.havan.com.br/batedeira-planetaria-sx32-deluxe-arno.html
553,https://www.havan.com.br/batedeira-planetaria-sx31-deluxe-arno.html
554,https://www.havan.com.br/batedeira-planetaria-php500-turbo-purple-500w-philco.html
555,https://www.havan.com.br/liquidificador-super-chef-preto-oster.html
556,https://www.havan.com.br/panela-de-arroz-britania-pa10-prime.html
557,https://www.havan.com.br/ferro-a-vapor-preto-e-roxo-ceramica-oster.html
558,https://www.havan.com.br/ferro-de-passar-easyspeed-plus-roxo-ri2147-philips.html
559,https://www.havan.com.br/aspirador-de-po-upright-2000w-philco.html
560,https://www.havan.com.br/eletro/eletroportateis?cat=351
561,https://www.havan.com.br/eletro/eletroportateis?cat=78
562,https://www.havan.com.br/eletro/eletroportateis?cat=101
563,https://www.havan.com.br/eletro/eletroportateis?cat=110
564,https://www.havan.com.br/eletro/eletroportateis?cat=105
565,https://www.havan.com.br/eletro/eletroportateis?cat=89
566,https://www.havan.com.br/eletro/eletroportateis?cat=402
567,https://www.havan.com.br/eletro/eletroportateis?cat=217
568,https://www.havan.com.br/eletro/eletroportateis?cat=106
569,https://www.havan.com.br/eletro/eletroportateis?cat=99
570,https://www.havan.com.br/eletro/eletroportateis?cat=103
571,https://www.havan.com.br/eletro/eletroportateis?cat=100
572,https://www.havan.com.br/eletro/eletroportateis?cat=76
573,https://www.havan.com.br/eletro/eletroportateis?cat=205
574,https://www.havan.com.br/eletro/eletroportateis?cat=211
575,https://www.havan.com.br/eletro/eletroportateis?cat=90
576,https://www.havan.com.br/eletro/eletroportateis?cat=77
577,https://www.havan.com.br/eletro/eletroportateis?cat=87
578,https://www.havan.com.br/eletro/eletroportateis?price=-50
579,https://www.havan.com.br/eletro/eletroportateis?price=50-100
580,https://www.havan.com.br/eletro/eletroportateis?price=100-150
581,https://www.havan.com.br/eletro/eletroportateis?price=150-200
582,https://www.havan.com.br/eletro/eletroportateis?price=200-250
583,https://www.havan.com.br/eletro/eletroportateis?price=250-300
584,https://www.havan.com.br/eletro/eletroportateis?price=300-350
585,https://www.havan.com.br/eletro/eletroportateis?price=350-400
586,https://www.havan.com.br/eletro/eletroportateis?price=400-450
587,https://www.havan.com.br/eletro/eletroportateis?price=450-500
588,https://www.havan.com.br/eletro/eletroportateis?price=550-600
589,https://www.havan.com.br/eletro/eletroportateis?price=650-700
590,https://www.havan.com.br/eletro/eletroportateis?price=750-800
591,https://www.havan.com.br/eletro/eletroportateis?price=1250-1300
592,https://www.havan.com.br/eletro/eletroportateis?price=1450-
593,https://www.havan.com.br/eletro/eletroportateis?product_brand=1153
594,https://www.havan.com.br/eletro/eletroportateis?product_brand=328
595,https://www.havan.com.br/eletro/eletroportateis?product_brand=359
596,https://www.havan.com.br/eletro/eletroportateis?product_brand=1927
597,https://www.havan.com.br/eletro/eletroportateis?product_brand=18
598,https://www.havan.com.br/eletro/eletroportateis?product_brand=27
599,https://www.havan.com.br/eletro/eletroportateis?product_brand=28
600,https://www.havan.com.br/eletro/eletroportateis?product_brand=29
601,https://www.havan.com.br/eletro/eletroportateis?product_brand=30
602,https://www.havan.com.br/eletro/eletroportateis?product_brand=31
603,https://www.havan.com.br/eletro/eletroportateis?product_brand=33
604,https://www.havan.com.br/eletro/eletroportateis?product_brand=35
605,https://www.havan.com.br/eletro/eletroportateis?product_brand=36
606,https://www.havan.com.br/eletro/eletroportateis?product_brand=37
607,https://www.havan.com.br/eletro/eletroportateis?product_brand=38
608,https://www.havan.com.br/eletro/eletroportateis?product_brand=39
609,https://www.havan.com.br/eletro/eletroportateis?product_brand=40
610,https://www.havan.com.br/eletro/eletroportateis?product_brand=41
611,https://www.havan.com.br/eletro/eletroportateis?product_brand=42
612,https://www.havan.com.br/eletro/eletroportateis?product_brand=43
613,https://www.havan.com.br/eletro/eletroportateis?product_brand=108
614,https://www.havan.com.br/eletro/eletroportateis?product_brand=122
615,https://www.havan.com.br/eletro/eletroportateis?promocao_especial=2859
616,https://www.havan.com.br/customer/account/login/referer/aHR0cHM6Ly93d3cuaGF2YW4uY29tLmJyL2VsZXRyby9lbGV0cm9wb3J0YXRlaXMvYXNwaXJhZG9yZXM%2C/
617,https://www.havan.com.br/aspirador-de-po-easec3-easybox-electrolux.html
618,https://www.havan.com.br/aspirador-de-po-vertical-2-em-1-av12-black-decker.html
619,https://www.havan.com.br/aspirador-de-po-e-agua-pas10-1000w-philco.html
620,https://www.havan.com.br/aspirador-de-po-e-agua-profissional-gt30n-electrolux.html
621,https://www.havan.com.br/aspirador-de-po-ph1100-rapid-turbo-pas02-cinza-philco.html
622,https://www.havan.com.br/aspirador-de-po-lite-lit31-electrolux.html
623,https://www.havan.com.br/aspirador-de-po-pas-1690-1450w-hepa-philco.html
624,https://www.havan.com.br/aspirador-de-po-philco-rapid-turbo-pas02-vermelho.html
625,https://www.havan.com.br/aspirador-de-po-sonic-electrolux-son10.html
626,https://www.havan.com.br/aspirador-de-po-britania-dust-off-bas1000-preto.html
627,https://www.havan.com.br/aspirador-ph1410-com-rodinhas-filtro-hepa-1-5l-philco.html
628,https://www.havan.com.br/aspirador-para-carro-12-v-60-w-tramontina-bivolt.html
629,https://www.havan.com.br/aspirador-de-po-hidrolux-electrolux-awd01-1-250-w.html
630,https://www.havan.com.br/aspirador-de-po-vertical-2-em-1-midea-vsa15b-bivolt.html
631,https://www.havan.com.br/aspirador-de-po-vertical-ergorapido-erg22-electrolux-verde.html
632,https://www.havan.com.br/aspirador-de-po-robo-pas07p-philco-preto.html
633,https://www.havan.com.br/eletro/eletroportateis/aspiradores?price=-100
634,https://www.havan.com.br/eletro/eletroportateis/aspiradores?price=500-600
635,https://www.havan.com.br/eletro/eletroportateis/aspiradores?price=600-700
636,https://www.havan.com.br/eletro/eletroportateis/aspiradores?price=700-
637,https://www.havan.com.br/eletro/eletroportateis/aspiradores?product_brand=1153
638,https://www.havan.com.br/eletro/eletroportateis/aspiradores?product_brand=359
639,https://www.havan.com.br/eletro/eletroportateis/aspiradores?product_brand=18
640,https://www.havan.com.br/eletro/eletroportateis/aspiradores?product_brand=28
641,https://www.havan.com.br/eletro/eletroportateis/aspiradores?product_brand=36
642,https://www.havan.com.br/eletro/eletroportateis/aspiradores?product_brand=108
643,https://www.havan.com.br/customer/account/login/referer/aHR0cHM6Ly93d3cuaGF2YW4uY29tLmJyL2VsZXRyby9lbGV0cm9wb3J0YXRlaXMvcGlwb3F1ZWlyYXM%2C/
644,https://www.havan.com.br/pipoqueira-popmovie-bpi06v-britania.html
645,https://www.havan.com.br/pipoqueira-eletrica-britania-poplite-branca.html
646,https://www.havan.com.br/pipoqueira-eletrica-britania-poplite-vermelha.html
647,https://www.havan.com.br/pipoqueira-popnew-1200w-vermelha-ppi02-philco.html
648,https://www.havan.com.br/pipoqueira-pop-mais-cadence-pop201.html
649,https://www.havan.com.br/pipoqueira-pop-gourmet-ppi05vi-philco.html
650,https://www.havan.com.br/eletro/eletroportateis/pipoqueiras?price=-10
651,https://www.havan.com.br/eletro/eletroportateis/pipoqueiras?price=90-
652,https://www.havan.com.br/eletro/eletroportateis/pipoqueiras?product_brand=18
653,https://www.havan.com.br/eletro/eletroportateis/pipoqueiras?product_brand=28
654,https://www.havan.com.br/eletro/eletroportateis/pipoqueiras?product_brand=31
655,https://www.havan.com.br/customer/account/login/referer/aHR0cHM6Ly93d3cuaGF2YW4uY29tLmJyL2VsZXRyby9lbGV0cm9wb3J0YXRlaXMvZXNwcmVtZWRvcmVz/
656,https://www.havan.com.br/espremedor-de-frutas-esp500-perfect-juice-cadence.html
657,https://www.havan.com.br/espremedor-de-frutas-philco-citrus-turbo-1-5-litros.html
658,https://www.havan.com.br/espremedor-de-frutas-bellagio-maxx-britania-vermelho.html
659,https://www.havan.com.br/centrifuga-de-alimentos-britania-juicer-700.html
660,https://www.havan.com.br/espremedor-de-frutas-peneira-35w-britania-bellagio-max.html
661,https://www.havan.com.br/espremedor-de-frutas-black-and-decker-com-alca-cj-inox.html
662,https://www.havan.com.br/espremedor-de-frutas-nectar-turbo-100-vermelho-philco.html
663,https://www.havan.com.br/espremedor-de-frutas-max-juicer-inox-cadence-esp801.html
664,https://www.havan.com.br/espremedor-de-frutas-britania-turbo-pro-260w-bivolt.html
665,https://www.havan.com.br/espremedor-de-frutas-turbo-pro-red-260w-britania-bivolt.html
666,https://www.havan.com.br/centrifuga-de-frutas-e-alimento-com-jarra-britania-1000.html
667,https://www.havan.com.br/eletro/eletroportateis/espremedores?price=-100
668,https://www.havan.com.br/eletro/eletroportateis/espremedores?price=100-
669,https://www.havan.com.br/eletro/eletroportateis/espremedores?product_brand=1153
670,https://www.havan.com.br/eletro/eletroportateis/espremedores?product_brand=18
671,https://www.havan.com.br/eletro/eletroportateis/espremedores?product_brand=28
672,https://www.havan.com.br/eletro/eletroportateis/espremedores?product_brand=31
673,https://www.havan.com.br/customer/account/login/referer/aHR0cHM6Ly93d3cuaGF2YW4uY29tLmJyL2VsZXRyby9lbGV0cm9wb3J0YXRlaXMvY2h1cnJhc3F1ZWlyYXM%2C/
674,https://www.havan.com.br/churrasqueira-eletrica-fischer-grill-4513.html
675,https://www.havan.com.br/churrasqueira-eletrica-britania-gourmet-cgb2-n2.html
676,https://www.havan.com.br/assador-eletrico-com-3-espetos-arke-vitta-smart.html
677,https://www.havan.com.br/assador-a-gas-rotativo-com-5-espetos-arke-agr-05-bivolt.html
678,https://www.havan.com.br/eletro/eletroportateis/churrasqueiras?cat=95
679,https://www.havan.com.br/eletro/eletroportateis/churrasqueiras?cat=96
680,https://www.havan.com.br/eletro/eletroportateis/churrasqueiras?price=-100
681,https://www.havan.com.br/eletro/eletroportateis/churrasqueiras?price=700-
682,https://www.havan.com.br/eletro/eletroportateis/churrasqueiras?product_brand=28
683,https://www.havan.com.br/eletro/eletroportateis/churrasqueiras?product_brand=30
684,https://www.havan.com.br/eletro/eletroportateis/churrasqueiras?product_brand=40
685,https://www.havan.com.br/customer/account/login/referer/aHR0cHM6Ly93d3cuaGF2YW4uY29tLmJyL2VsZXRyby9lbGV0cm9wb3J0YXRlaXMvZmVycm9zLWUtcGFzc2FkZWlyYXM%2C/
686,https://www.havan.com.br/eletro/eletroportateis/ferros-e-passadeiras?p=2
687,https://www.havan.com.br/ferro-de-passar-easy-tank-pfv999rx-philco.html
688,https://www.havan.com.br/ferro-de-passar-sem-fio-a-vapor-ceramic-oster.html
689,https://www.havan.com.br/ferro-de-passar-roupa-a-vapor-philco-pfv310az.html
690,https://www.havan.com.br/passadeira-a-vapor-portatil-pvp02az-azul-philco.html
691,https://www.havan.com.br/ferro-a-vapor-perfect-pass-pfv2000-philco.html
692,https://www.havan.com.br/ferro-a-vapor-smart-pass-pfv900az-philco.html
693,https://www.havan.com.br/ferro-a-vapor-pfe-nano-ceramic-turbo-philco.html
694,https://www.havan.com.br/ferro-de-passar-a-vapor-dourado-antiaderente-oster.html
695,https://www.havan.com.br/ferro-a-vapor-ultragliss-iii-fv546b4-arno.html
696,https://www.havan.com.br/ferro-de-passar-a-vapor-ultragliss-i-arno.html
697,https://www.havan.com.br/passadeira-vapor-portatil-britania-bvp01rx.html
698,https://www.havan.com.br/ferro-a-vapor-black-and-decker-aj4000.html
699,https://www.havan.com.br/passadeira-duo-vapor-vap851-cadence.html
700,https://www.havan.com.br/eletro/eletroportateis/ferros-e-passadeiras?cat=108
701,https://www.havan.com.br/eletro/eletroportateis/ferros-e-passadeiras?cat=154
702,https://www.havan.com.br/eletro/eletroportateis/ferros-e-passadeiras?price=-100
703,https://www.havan.com.br/eletro/eletroportateis/ferros-e-passadeiras?price=100-200
704,https://www.havan.com.br/eletro/eletroportateis/ferros-e-passadeiras?price=200-
705,https://www.havan.com.br/eletro/eletroportateis/ferros-e-passadeiras?product_brand=1153
706,https://www.havan.com.br/eletro/eletroportateis/ferros-e-passadeiras?product_brand=18
707,https://www.havan.com.br/eletro/eletroportateis/ferros-e-passadeiras?product_brand=27
708,https://www.havan.com.br/eletro/eletroportateis/ferros-e-passadeiras?product_brand=28
709,https://www.havan.com.br/eletro/eletroportateis/ferros-e-passadeiras?product_brand=29
710,https://www.havan.com.br/eletro/eletroportateis/ferros-e-passadeiras?product_brand=31
711,https://www.havan.com.br/eletro/eletroportateis/ferros-e-passadeiras?product_brand=36
712,https://www.havan.com.br/eletro/eletroportateis/ferros-e-passadeiras?product_brand=39
713,https://www.havan.com.br/customer/account/login/referer/aHR0cHM6Ly93d3cuaGF2YW4uY29tLmJyL2VsZXRyby9lbGV0cm9wb3J0YXRlaXMvcGFuZWxhcy1lLWZyaXRhZGVpcmFzLWVsZXRyaWNhcw%2C%2C/
714,https://www.havan.com.br/eletro/eletroportateis/panelas-e-fritadeiras-eletricas?p=2
715,https://www.havan.com.br/fritadeira-air-fry-3-2l-inox-pfr08i-philco.html
716,https://www.havan.com.br/panela-de-arroz-ph5-visor-glass-preta-philco.html
717,https://www.havan.com.br/fritadeira-air-fry-5-5-litros-jumbo-philco.html
718,https://www.havan.com.br/fritadeira-air-fry-3-2l-bfr01vi-red-britania.html
719,https://www.havan.com.br/panela-eletrica-bpe05v-super-chef-ceramic-britania.html
720,https://www.havan.com.br/panela-eletrica-chef-bpe03p-britania.html
721,https://www.havan.com.br/fritadeira-sem-oleo-arno-airfry-super-bfry.html
722,https://www.havan.com.br/panela-de-arroz-eletrica-britania-pa10-prime.html
723,https://www.havan.com.br/fritadeira-sem-oleo-cadence-perfect-fryer-frt541-1250-w.html
724,https://www.havan.com.br/panela-de-press-o-eletrica-5l-electrolux-pce20.html
725,https://www.havan.com.br/fritadeira-eletrica-deep-fry-inox-philco.html
726,https://www.havan.com.br/fritadeira-sem-oleo-3-2l-britania-bfr02pi.html
727,https://www.havan.com.br/panela-de-press-o-digital-preta-6-litros-philco.html
728,https://www.havan.com.br/fritadeira-multifuncional-sem-oleo-3-2l-oster.html
729,https://www.havan.com.br/panela-de-press-o-digital-5l-n-900w-britania.html
730,https://www.havan.com.br/panela-de-press-o-eletrica-philco-4-litros-vermelha.html
731,https://www.havan.com.br/eletro/eletroportateis/panelas-e-fritadeiras-eletricas?cat=201
732,https://www.havan.com.br/eletro/eletroportateis/panelas-e-fritadeiras-eletricas?cat=109
733,https://www.havan.com.br/eletro/eletroportateis/panelas-e-fritadeiras-eletricas?price=-100
734,https://www.havan.com.br/eletro/eletroportateis/panelas-e-fritadeiras-eletricas?price=100-200
735,https://www.havan.com.br/eletro/eletroportateis/panelas-e-fritadeiras-eletricas?price=200-300
736,https://www.havan.com.br/eletro/eletroportateis/panelas-e-fritadeiras-eletricas?price=400-500
737,https://www.havan.com.br/eletro/eletroportateis/panelas-e-fritadeiras-eletricas?price=600-
738,https://www.havan.com.br/eletro/eletroportateis/panelas-e-fritadeiras-eletricas?product_brand=1153
739,https://www.havan.com.br/eletro/eletroportateis/panelas-e-fritadeiras-eletricas?product_brand=18
740,https://www.havan.com.br/eletro/eletroportateis/panelas-e-fritadeiras-eletricas?product_brand=28
741,https://www.havan.com.br/eletro/eletroportateis/panelas-e-fritadeiras-eletricas?product_brand=29
742,https://www.havan.com.br/eletro/eletroportateis/panelas-e-fritadeiras-eletricas?product_brand=31
743,https://www.havan.com.br/eletro/eletroportateis/panelas-e-fritadeiras-eletricas?product_brand=36
744,https://www.havan.com.br/eletro/eletroportateis/panelas-e-fritadeiras-eletricas?product_brand=39
745,https://www.havan.com.br/eletro/eletroportateis/panelas-e-fritadeiras-eletricas?product_brand=108
746,https://www.havan.com.br/customer/account/login/referer/aHR0cHM6Ly93d3cuaGF2YW4uY29tLmJyL2VsZXRyby9lbGV0cm9wb3J0YXRlaXMvbWFxdWluYXMtZGUtY29zdHVyYQ%2C%2C/
747,https://www.havan.com.br/maquina-de-costura-pratika-9-pontos-jx2051-elgin.html
748,https://www.havan.com.br/maquina-de-costura-31-pontos-elgin-genius-plus-jx4035.html
749,https://www.havan.com.br/maquina-de-costura-6-pontos-bella-bl-1200-elgin-bivolt.html
750,https://www.havan.com.br/maquina-de-costura-16-pontos-pmc16bp-philco-bivolt.html
751,https://www.havan.com.br/maquina-de-costura-100-pontos-bivolt-elgin-jx-10000-bivolt.html
752,https://www.havan.com.br/eletro/eletroportateis/maquinas-de-costura?price=-1000
753,https://www.havan.com.br/eletro/eletroportateis/maquinas-de-costura?price=1000-
754,https://www.havan.com.br/eletro/eletroportateis/maquinas-de-costura?product_brand=18
755,https://www.havan.com.br/eletro/eletroportateis/maquinas-de-costura?product_brand=37
756,https://www.havan.com.br/customer/account/login/referer/aHR0cHM6Ly93d3cuaGF2YW4uY29tLmJyL2VsZXRyby9lbGV0cm9wb3J0YXRlaXMvZ3JpbGwtZS1zYW5kdWljaGVpcmFz/
757,https://www.havan.com.br/eletro/eletroportateis/grill-e-sanduicheiras?p=2
758,https://www.havan.com.br/sanduicheira-britania-bello-pane-com-acabamento-de-inox.html
759,https://www.havan.com.br/grill-e-sanduicheira-gs750-black-decker.html
760,https://www.havan.com.br/sanduicheira-e-grill-master-inox-bgr03pi-750w-britania.html
761,https://www.havan.com.br/sanduicheira-e-grill-ultra-rapid-bgr02-britania.html
762,https://www.havan.com.br/multi-grill-bpe02-britania.html
763,https://www.havan.com.br/grill-destacavel-premium-sw330db1-arno.html
764,https://www.havan.com.br/grill-dual-inox-sw332db0-arno.html
765,https://www.havan.com.br/sanduicheira-grill-inox-philco-pgr02i.html
766,https://www.havan.com.br/multi-grill-3-em-1-black-and-decker-g2200.html
767,https://www.havan.com.br/grill-toast-preto-britania-bgr01p.html
768,https://www.havan.com.br/sanduicheira-e-grill-press-inox-red-philco.html
769,https://www.havan.com.br/waffle-maker-pwm01-retro-philco.html
770,https://www.havan.com.br/sanduicheira-toast-britania-bgr02-preta.html
771,https://www.havan.com.br/sanduicheira-e-grill-toast-britania-bgr01-vermelha.html
772,https://www.havan.com.br/top-grill-antiaderente-bpe01-1200w-preto-britania.html
773,https://www.havan.com.br/grill-gourmet-burger-britania.html
774,https://www.havan.com.br/grill-press-180-britania.html
775,https://www.havan.com.br/sanduicheira-minigrill-cadence-san237-rosa.html
776,https://www.havan.com.br/grill-multiuso-bioceramic-1500w-2-em-1-oster.html
777,https://www.havan.com.br/crepeira-doce-gula-fun-crp301-vermelha-cadence.html
778,https://www.havan.com.br/eletro/eletroportateis/grill-e-sanduicheiras?cat=216
779,https://www.havan.com.br/eletro/eletroportateis/grill-e-sanduicheiras?price=-100
780,https://www.havan.com.br/eletro/eletroportateis/grill-e-sanduicheiras?price=100-200
781,https://www.havan.com.br/eletro/eletroportateis/grill-e-sanduicheiras?price=200-
782,https://www.havan.com.br/eletro/eletroportateis/grill-e-sanduicheiras?product_brand=1153
783,https://www.havan.com.br/eletro/eletroportateis/grill-e-sanduicheiras?product_brand=18
784,https://www.havan.com.br/eletro/eletroportateis/grill-e-sanduicheiras?product_brand=28
785,https://www.havan.com.br/eletro/eletroportateis/grill-e-sanduicheiras?product_brand=29
786,https://www.havan.com.br/eletro/eletroportateis/grill-e-sanduicheiras?product_brand=31
787,https://www.havan.com.br/eletro/eletroportateis/grill-e-sanduicheiras?product_brand=39
788,https://www.havan.com.br/customer/account/login/referer/aHR0cHM6Ly93d3cuaGF2YW4uY29tLmJyL2VsZXRyby9lbGV0cm9wb3J0YXRlaXMvY2hhbGVpcmFzLWUtY2FmZXRlaXJhcw%2C%2C/
789,https://www.havan.com.br/eletro/eletroportateis/chaleiras-e-cafeteiras?p=2
790,https://www.havan.com.br/eletro/eletroportateis/chaleiras-e-cafeteiras?p=3
791,https://www.havan.com.br/cafeteira-espresso-primalatte-vermelha-oster.html
792,https://www.havan.com.br/chaleira-eletrica-infusion-1-7l-cel550-cadence.html
793,https://www.havan.com.br/cafeteira-lov-15bar-branco-brilhante-tres-coracoes.html
794,https://www.havan.com.br/cafeteira-lov-15bar-vermelho-brilhante-tres-coracoes.html
795,https://www.havan.com.br/cafeteira-bcf15i-inox-15caf-britania.html
796,https://www.havan.com.br/cafeteira-pcf38i-38-cafes-philco.html
797,https://www.havan.com.br/cafeteira-multicapsula-20bar-pcf19vp-philco.html
798,https://www.havan.com.br/cafeteira-barista-15bar-vermelha-tres-coracoes.html
799,https://www.havan.com.br/cafeteira-mimo-15bar-preta-tres-coracoes.html
800,https://www.havan.com.br/cafeteira-mimo-15bar-vermelha-tres-coracoes.html
801,https://www.havan.com.br/cafeteira-arno-dolce-gusto-mini-me-preto-vermelho.html
802,https://www.havan.com.br/chaleira-eletrica-cel380-1-7l-thermo-cadence.html
803,https://www.havan.com.br/cafeteira-expresso-20bar-inox-red-philco.html
804,https://www.havan.com.br/chaleira-eletrica-1-7-litros-philco-pch01i.html
805,https://www.havan.com.br/chaleira-eletrica-philco-1-7l-vermelha-pch02v.html
806,https://www.havan.com.br/cafeteira-inox-britania-bcf361-30-cafezinhos.html
807,https://www.havan.com.br/cafeteira-cadence-single-colors-rosa-doce-caf217.html
808,https://www.havan.com.br/chaleira-eletrica-philco-glass-pchd-1-7l-com-display-digital.html
809,https://www.havan.com.br/cafeteira-programavel-gift-cmp-black-and-decker.html
810,https://www.havan.com.br/eletro/eletroportateis/chaleiras-e-cafeteiras?cat=202
811,https://www.havan.com.br/eletro/eletroportateis/chaleiras-e-cafeteiras?cat=203
812,https://www.havan.com.br/eletro/eletroportateis/chaleiras-e-cafeteiras?price=-100
813,https://www.havan.com.br/eletro/eletroportateis/chaleiras-e-cafeteiras?price=100-200
814,https://www.havan.com.br/eletro/eletroportateis/chaleiras-e-cafeteiras?price=200-300
815,https://www.havan.com.br/eletro/eletroportateis/chaleiras-e-cafeteiras?price=300-400
816,https://www.havan.com.br/eletro/eletroportateis/chaleiras-e-cafeteiras?price=400-500
817,https://www.havan.com.br/eletro/eletroportateis/chaleiras-e-cafeteiras?price=700-
818,https://www.havan.com.br/eletro/eletroportateis/chaleiras-e-cafeteiras?product_brand=1153
819,https://www.havan.com.br/eletro/eletroportateis/chaleiras-e-cafeteiras?product_brand=1927
820,https://www.havan.com.br/eletro/eletroportateis/chaleiras-e-cafeteiras?product_brand=18
821,https://www.havan.com.br/eletro/eletroportateis/chaleiras-e-cafeteiras?product_brand=28
822,https://www.havan.com.br/eletro/eletroportateis/chaleiras-e-cafeteiras?product_brand=29
823,https://www.havan.com.br/eletro/eletroportateis/chaleiras-e-cafeteiras?product_brand=31
824,https://www.havan.com.br/eletro/eletroportateis/chaleiras-e-cafeteiras?product_brand=39
825,https://www.havan.com.br/eletro/eletroportateis/chaleiras-e-cafeteiras?promocao_especial=2859
826,https://www.havan.com.br/customer/account/login/referer/aHR0cHM6Ly93d3cuaGF2YW4uY29tLmJyL2VsZXRyby9lbGV0cm9wb3J0YXRlaXMvbWl4ZXJzLWUtbGlxdWlkaWZpY2Fkb3Jlcw%2C%2C/
827,https://www.havan.com.br/eletro/eletroportateis/mixers-e-liquidificadores?p=2
828,https://www.havan.com.br/mixer-triturador-de-alimentos-desmontavel-britania.html
829,https://www.havan.com.br/mixer-pmx500i-2-velocidades-500w-philco.html
830,https://www.havan.com.br/liquidificador-diamante-to-go-900w-preto-britania.html
831,https://www.havan.com.br/liquidificador-1200w-vermelho-plq912v-philco.html
832,https://www.havan.com.br/liquidificador-triple-inox-900w-philco.html
833,https://www.havan.com.br/liquidificador-plq800p-900w-preto-philco.html
834,https://www.havan.com.br/liquidificador-revert-turbo-1200w-preto-blq1250p-britania.html
835,https://www.havan.com.br/mixer-philco-maxxfit-spiralizer-pmx07p.html
836,https://www.havan.com.br/liquidificador-ph900-1200w-purple-philco.html
837,https://www.havan.com.br/liquidificador-liq411-robust-vermelho-cadence.html
838,https://www.havan.com.br/mixer-vertical-250w-m250-black-and-decker.html
839,https://www.havan.com.br/mixer-vertical-2-velocidades-black-and-decker-m600v.html
840,https://www.havan.com.br/liquidificador-plq912-inox-1200w-preto-philco.html
841,https://www.havan.com.br/mixer-e-cortador-eletrico-espiral-cadence-spr100.html
842,https://www.havan.com.br/liquidificador-arno-power-max-700w-ln51-branco.html
843,https://www.havan.com.br/liquidificador-oster-super-chef-vermelho.html
844,https://www.havan.com.br/mixer-3-em-1-philco-pmx600-preto.html
845,https://www.havan.com.br/liquidificador-fit-retro-300w-vermelho-philco.html
846,https://www.havan.com.br/eletro/eletroportateis/mixers-e-liquidificadores?cat=104
847,https://www.havan.com.br/eletro/eletroportateis/mixers-e-liquidificadores?cat=198
848,https://www.havan.com.br/eletro/eletroportateis/mixers-e-liquidificadores?price=-100
849,https://www.havan.com.br/eletro/eletroportateis/mixers-e-liquidificadores?price=100-200
850,https://www.havan.com.br/eletro/eletroportateis/mixers-e-liquidificadores?price=200-300
851,https://www.havan.com.br/eletro/eletroportateis/mixers-e-liquidificadores?price=300-
852,https://www.havan.com.br/eletro/eletroportateis/mixers-e-liquidificadores?product_brand=1153
853,https://www.havan.com.br/eletro/eletroportateis/mixers-e-liquidificadores?product_brand=18
854,https://www.havan.com.br/eletro/eletroportateis/mixers-e-liquidificadores?product_brand=28
855,https://www.havan.com.br/eletro/eletroportateis/mixers-e-liquidificadores?product_brand=29
856,https://www.havan.com.br/eletro/eletroportateis/mixers-e-liquidificadores?product_brand=31
857,https://www.havan.com.br/eletro/eletroportateis/mixers-e-liquidificadores?product_brand=39
858,https://www.havan.com.br/eletro/eletroportateis/mixers-e-liquidificadores?product_brand=43
859,https://www.havan.com.br/customer/account/login/referer/aHR0cHM6Ly93d3cuaGF2YW4uY29tLmJyL2VsZXRyby9lbGV0cm9wb3J0YXRlaXMvYmF0ZWRlaXJhcy1lLXByb2Nlc3NhZG9yZXM%2C/
860,https://www.havan.com.br/eletro/eletroportateis/batedeiras-e-processadores?p=2
861,https://www.havan.com.br/batedeira-planetaria-philco-php500-turbo-pink.html
862,https://www.havan.com.br/batedeira-planetaria-philco-php500-turbo-green.html
863,https://www.havan.com.br/batedeira-planetaria-php500-turbo-blue-500w-philco.html
864,https://www.havan.com.br/mini-processador-2p-com-jarra-tranparente-britania.html
865,https://www.havan.com.br/multiprocessador-all-in-one-900w-bmp900p-britania.html
866,https://www.havan.com.br/batedeira-planetaria-500w-turbo-inox-bbp515v-britania.html
867,https://www.havan.com.br/batedeira-planetaria-gold-glass-php500-philco.html
868,https://www.havan.com.br/batedeira-planetaria-black-obat610-oster.html
869,https://www.havan.com.br/batedeira-diamante-cristal-maxx-350w-britania.html
870,https://www.havan.com.br/batedeira-diamante-vermelha-350w-britania.html
871,https://www.havan.com.br/multiprocessador-de-alimentos-7-em-1-mpr870-oster.html
872,https://www.havan.com.br/multiprocessador-pmp1600-preto-philco.html
873,https://www.havan.com.br/batedeira-planetaria-britania-bbt500p.html
874,https://www.havan.com.br/batedeira-planetaria-php500-turbo-green-philco.html
875,https://www.havan.com.br/batedeira-planetaria-turbo-blue-php500-philco.html
876,https://www.havan.com.br/batedeira-planetaria-php500-turbo-purple-philco.html
877,https://www.havan.com.br/eletro/eletroportateis/batedeiras-e-processadores?cat=200
878,https://www.havan.com.br/eletro/eletroportateis/batedeiras-e-processadores?cat=102
879,https://www.havan.com.br/eletro/eletroportateis/batedeiras-e-processadores?price=-100
880,https://www.havan.com.br/eletro/eletroportateis/batedeiras-e-processadores?price=100-200
881,https://www.havan.com.br/eletro/eletroportateis/batedeiras-e-processadores?price=200-300
882,https://www.havan.com.br/eletro/eletroportateis/batedeiras-e-processadores?price=300-
883,https://www.havan.com.br/eletro/eletroportateis/batedeiras-e-processadores?product_brand=1153
884,https://www.havan.com.br/eletro/eletroportateis/batedeiras-e-processadores?product_brand=18
885,https://www.havan.com.br/eletro/eletroportateis/batedeiras-e-processadores?product_brand=28
886,https://www.havan.com.br/eletro/eletroportateis/batedeiras-e-processadores?product_brand=29
887,https://www.havan.com.br/eletro/eletroportateis/batedeiras-e-processadores?product_brand=39
888,https://www.havan.com.br/eletro/eletroportateis/batedeiras-e-processadores?product_brand=43
889,https://www.havan.com.br/customer/account/login/referer/aHR0cHM6Ly93d3cuaGF2YW4uY29tLmJyL2VsZXRyby9lbGV0cm9wb3J0YXRlaXMvYmViZWRvdXJvcy1lLXB1cmlmaWNhZG9yZXM%2C/
890,https://www.havan.com.br/eletro/eletroportateis/bebedouros-e-purificadores?p=2
891,https://www.havan.com.br/bebedouro-refrigerado-consul-cjd20ab-branco.html
892,https://www.havan.com.br/bebedouro-de-agua-de-coluna-esmaltec-egc35.html
893,https://www.havan.com.br/bebedouro-de-agua-esmaltec-gelagua-preto.html
894,https://www.havan.com.br/bebedouro-de-agua-de-coluna-esmaltec-egc35b-branco.html
895,https://www.havan.com.br/bebedouro-de-agua-esmaltec-gelagua-branco.html
896,https://www.havan.com.br/purificador-de-agua-esmaltec-puragua-acqua7-preto.html
897,https://www.havan.com.br/purificador-de-agua-esmaltec-puragua-acqua7-branco.html
898,https://www.havan.com.br/bebedouro-com-sistema-de-compress-o-philco-pbe03bqf.html
899,https://www.havan.com.br/bebedouro-com-sistema-de-compress-o-pbe02bf-philco.html
900,https://www.havan.com.br/bebedouro-de-agua-com-compressor-bc21b-electrolux.html
901,https://www.havan.com.br/purificador-de-agua-fr600-speciale-compressor-ibbl.html
902,https://www.havan.com.br/bebedouro-de-agua-sistema-de-compress-o-ibbl-compact.html
903,https://www.havan.com.br/bebedouro-de-agua-fn2000-com-sistema-de-compress-o-ibbl.html
904,https://www.havan.com.br/refil-para-filtro-acqua-bella-vitale-rv-01-lorenzetti-diversos.html
905,https://www.havan.com.br/refil-para-purificador-de-agua-cristal-1081-durin-diversos.html
906,https://www.havan.com.br/purificador-parede-cristal-sem-torneira-porto-belo-durin-01084.html
907,https://www.havan.com.br/purificador-compact-h2o-com-torneira-buzios-durin-branco.html
908,https://www.havan.com.br/purificador-de-agua-acqua-bella-lorenzetti-branco.html
909,https://www.havan.com.br/purificador-de-agua-acqua-bella-lorenzetti-preto.html
910,https://www.havan.com.br/purificador-de-agua-vitale-lorenzetti-7411016.html
911,https://www.havan.com.br/eletro/eletroportateis/bebedouros-e-purificadores?cat=199
912,https://www.havan.com.br/eletro/eletroportateis/bebedouros-e-purificadores?cat=135
913,https://www.havan.com.br/eletro/eletroportateis/bebedouros-e-purificadores?price=-100
914,https://www.havan.com.br/eletro/eletroportateis/bebedouros-e-purificadores?price=100-200
915,https://www.havan.com.br/eletro/eletroportateis/bebedouros-e-purificadores?price=200-300
916,https://www.havan.com.br/eletro/eletroportateis/bebedouros-e-purificadores?price=400-500
917,https://www.havan.com.br/eletro/eletroportateis/bebedouros-e-purificadores?price=500-600
918,https://www.havan.com.br/eletro/eletroportateis/bebedouros-e-purificadores?price=600-
919,https://www.havan.com.br/eletro/eletroportateis/bebedouros-e-purificadores?product_brand=18
920,https://www.havan.com.br/eletro/eletroportateis/bebedouros-e-purificadores?product_brand=28
921,https://www.havan.com.br/eletro/eletroportateis/bebedouros-e-purificadores?product_brand=33
922,https://www.havan.com.br/eletro/eletroportateis/bebedouros-e-purificadores?product_brand=35
923,https://www.havan.com.br/eletro/eletroportateis/bebedouros-e-purificadores?product_brand=36
924,https://www.havan.com.br/eletro/eletroportateis/bebedouros-e-purificadores?product_brand=38
925,https://www.havan.com.br/eletro/eletroportateis/bebedouros-e-purificadores?product_brand=41
926,https://www.havan.com.br/eletro/eletroportateis/bebedouros-e-purificadores?product_brand=42
927,https://www.havan.com.br/customer/account/login/referer/aHR0cHM6Ly93d3cuaGF2YW4uY29tLmJyL2VsZXRyby9lbGV0cm9kb21lc3RpY29z/
928,https://www.havan.com.br/eletro/eletrodomesticos?p=2
929,https://www.havan.com.br/eletro/eletrodomesticos?p=3
930,https://www.havan.com.br/eletro/eletrodomesticos?p=4
931,https://www.havan.com.br/eletro/eletrodomesticos?p=5
932,https://www.havan.com.br/aquecedor-versatil-lorenzetti.html
933,https://www.havan.com.br/cervejeira-98-litros-preta-philco-frostbier-cer-p01.html
934,https://www.havan.com.br/chuveiro-bella-ducha-4-temperaturas-branca-lorenzetti.html
935,https://www.havan.com.br/coifa-90cm-flat-pco90i-philco.html
936,https://www.havan.com.br/coifa-de-ilha-lineare-90cm-cadence.html
937,https://www.havan.com.br/coifa-de-parede-90cm-gourmet-cadence-cfa390.html
938,https://www.havan.com.br/coifa-de-parede-90cm-gourmet-cfa400-cadence.html
939,https://www.havan.com.br/coifa-de-parede-gourmet-vidro-com-60cm-cadence-cfa360.html
940,https://www.havan.com.br/cooktop-5-bocas-tripla-chama-inox-philco-bivolt.html
941,https://www.havan.com.br/cooktop-a-gas-5-bocas-fischer-fit-line-1743-bivolt.html
942,https://www.havan.com.br/cooktop-a-gas-5-bocas-tripla-chama-mueller-bivolt.html
943,https://www.havan.com.br/cooktop-a-gas-com-5-bocas-preto-ebano-fischer-1642-diversos.html
944,https://www.havan.com.br/cooktop-cook-chef-4-bocas-philco-preto-bivolt.html
945,https://www.havan.com.br/cooktop-de-induc-o-philco-chef-pct01.html
946,https://www.havan.com.br/depurador-60-cm-electrolux-de60b-branco.html
947,https://www.havan.com.br/depurador-60cm-electrolux-de60x-inox.html
948,https://www.havan.com.br/depurador-80cm-electrolux-de80-branco.html
949,https://www.havan.com.br/depurador-80cm-electrolux-de80x-inox.html
950,https://www.havan.com.br/depurador-slim-60cm-inox-philco-pdr60i.html
951,https://www.havan.com.br/eletro/eletrodomesticos?cat=369
952,https://www.havan.com.br/eletro/eletrodomesticos?cat=52
953,https://www.havan.com.br/eletro/eletrodomesticos?cat=94
954,https://www.havan.com.br/eletro/eletrodomesticos?cat=93
955,https://www.havan.com.br/eletro/eletrodomesticos?cat=58
956,https://www.havan.com.br/eletro/eletrodomesticos?cat=59
957,https://www.havan.com.br/eletro/eletrodomesticos?cat=92
958,https://www.havan.com.br/eletro/eletrodomesticos?cat=57
959,https://www.havan.com.br/eletro/eletrodomesticos?cat=372
960,https://www.havan.com.br/eletro/eletrodomesticos?cat=73
961,https://www.havan.com.br/eletro/eletrodomesticos?cat=66
962,https://www.havan.com.br/eletro/eletrodomesticos?price=-150
963,https://www.havan.com.br/eletro/eletrodomesticos?price=150-300
964,https://www.havan.com.br/eletro/eletrodomesticos?price=300-450
965,https://www.havan.com.br/eletro/eletrodomesticos?price=450-600
966,https://www.havan.com.br/eletro/eletrodomesticos?price=600-750
967,https://www.havan.com.br/eletro/eletrodomesticos?price=750-900
968,https://www.havan.com.br/eletro/eletrodomesticos?price=900-1050
969,https://www.havan.com.br/eletro/eletrodomesticos?price=1050-1200
970,https://www.havan.com.br/eletro/eletrodomesticos?price=1350-1500
971,https://www.havan.com.br/eletro/eletrodomesticos?price=1650-1800
972,https://www.havan.com.br/eletro/eletrodomesticos?price=1800-1950
973,https://www.havan.com.br/eletro/eletrodomesticos?price=1950-2100
974,https://www.havan.com.br/eletro/eletrodomesticos?price=2250-2400
975,https://www.havan.com.br/eletro/eletrodomesticos?price=2850-3000
976,https://www.havan.com.br/eletro/eletrodomesticos?price=3300-3450
977,https://www.havan.com.br/eletro/eletrodomesticos?price=3450-3600
978,https://www.havan.com.br/eletro/eletrodomesticos?price=3750-3900
979,https://www.havan.com.br/eletro/eletrodomesticos?price=3900-4050
980,https://www.havan.com.br/eletro/eletrodomesticos?price=4350-
981,https://www.havan.com.br/eletro/eletrodomesticos?product_brand=530
982,https://www.havan.com.br/eletro/eletrodomesticos?product_brand=2485
983,https://www.havan.com.br/eletro/eletrodomesticos?product_brand=446
984,https://www.havan.com.br/eletro/eletrodomesticos?product_brand=328
985,https://www.havan.com.br/eletro/eletrodomesticos?product_brand=18
986,https://www.havan.com.br/eletro/eletrodomesticos?product_brand=28
987,https://www.havan.com.br/eletro/eletrodomesticos?product_brand=31
988,https://www.havan.com.br/eletro/eletrodomesticos?product_brand=33
989,https://www.havan.com.br/eletro/eletrodomesticos?product_brand=34
990,https://www.havan.com.br/eletro/eletrodomesticos?product_brand=36
991,https://www.havan.com.br/eletro/eletrodomesticos?product_brand=38
992,https://www.havan.com.br/eletro/eletrodomesticos?product_brand=40
993,https://www.havan.com.br/eletro/eletrodomesticos?product_brand=42
994,https://www.havan.com.br/eletro/eletrodomesticos?product_brand=50
995,https://www.havan.com.br/eletro/eletrodomesticos?product_brand=108
996,https://www.havan.com.br/customer/account/login/referer/aHR0cHM6Ly93d3cuaGF2YW4uY29tLmJyL2VsZXRyby9lbGV0cm9kb21lc3RpY29zL2ZvZ29lcw%2C%2C/
997,https://www.havan.com.br/eletro/eletrodomesticos/fogoes?p=2
998,https://www.havan.com.br/fog-o-de-piso-4-bocas-esmaltec-diamante-branco.html
999,https://www.havan.com.br/fog-o-de-piso-5-bocas-esmaltec-diamante.html
1000,https://www.havan.com.br/fog-o-cooktop-4-bocas-a-gas-preto-fischer-1519-5713-bivolt.html
1001,https://www.havan.com.br/fog-o-cooktop-5-bocas-acendimento-automatico-consul-cd075-bivolt.html
1002,https://www.havan.com.br/fog-o-4-bocas-atlas-coliseum-glass-forno-limpa-facil-branco.html
1003,https://www.havan.com.br/fog-o-4-bocas-atlas-monaco-glass-branco-bivolt.html
1004,https://www.havan.com.br/fog-o-cooktop-4-bocas-electrolux-gc58v-bivolt.html
1005,https://www.havan.com.br/fog-o-a-gas-de-piso-4-bocas-atlas-monaco-inox-vc14-bivolt.html
1006,https://www.havan.com.br/fog-o-cooktop-5-bocas-electrolux-gc70v-bivolt.html
1007,https://www.havan.com.br/fog-o-cooktop-5-bocas-philco-chef-5-com-tripla-chama-bivolt.html
1008,https://www.havan.com.br/fog-o-4-bocas-fratello-vetro-grafite-mueller-bivolt.html
1009,https://www.havan.com.br/fog-o-de-piso-4-bocas-fratello-vetro-branco-mueller-bivolt.html
1010,https://www.havan.com.br/fog-o-5-bocas-atlas-fastcook-branco-chama-de-3000w-bivolt.html
1011,https://www.havan.com.br/fog-o-de-piso-5-bocas-fratello-vetro-grafite-mueller-bivolt.html
1012,https://www.havan.com.br/eletro/eletrodomesticos/fogoes?cat=55
1013,https://www.havan.com.br/eletro/eletrodomesticos/fogoes?cat=53
1014,https://www.havan.com.br/eletro/eletrodomesticos/fogoes?cat=54
1015,https://www.havan.com.br/eletro/eletrodomesticos/fogoes?price=-1000
1016,https://www.havan.com.br/eletro/eletrodomesticos/fogoes?price=1000-2000
1017,https://www.havan.com.br/eletro/eletrodomesticos/fogoes?price=2000-
1018,https://www.havan.com.br/eletro/eletrodomesticos/fogoes?product_brand=530
1019,https://www.havan.com.br/eletro/eletrodomesticos/fogoes?product_brand=2485
1020,https://www.havan.com.br/eletro/eletrodomesticos/fogoes?product_brand=328
1021,https://www.havan.com.br/eletro/eletrodomesticos/fogoes?product_brand=18
1022,https://www.havan.com.br/eletro/eletrodomesticos/fogoes?product_brand=33
1023,https://www.havan.com.br/eletro/eletrodomesticos/fogoes?product_brand=36
1024,https://www.havan.com.br/eletro/eletrodomesticos/fogoes?product_brand=38
1025,https://www.havan.com.br/eletro/eletrodomesticos/fogoes?product_brand=40
1026,https://www.havan.com.br/eletro/eletrodomesticos/fogoes?product_brand=108
