id,links
0,http://www.ibyte.com.br/tel:4020-5000
1,https://www.ibyte.com.br/aniversario-ibyte.html?limit=90
2,https://www.ibyte.com.br/
3,https://www.ibyte.com.br/nossas-lojas/
4,http://www.ibyte.com.br/faleconosco
5,https://api.whatsapp.com/send?phone=558540205000
6,http://www.ibyte.com.br/#
7,https://www.ibyte.com.br/goldentec.html
8,https://www.ibyte.com.br/goldentec/gamer.html
9,https://www.ibyte.com.br/goldentec/gamer/fone-gamer.html
10,https://www.ibyte.com.br/goldentec/gamer/teclado-gamer.html
11,https://www.ibyte.com.br/goldentec/gamer/mouse-gamer.html
12,https://www.ibyte.com.br/goldentec/gamer/acessorios-gamer.html
13,https://www.ibyte.com.br/goldentec/gamer/cadeira-gamer.html
14,https://www.ibyte.com.br/goldentec/fone-de-ouvido.html
15,https://www.ibyte.com.br/goldentec/fone-de-ouvido/auricular.html
16,https://www.ibyte.com.br/goldentec/fone-de-ouvido/headset.html
17,https://www.ibyte.com.br/goldentec/fone-de-ouvido/bluetooth.html
18,https://www.ibyte.com.br/goldentec/caixa-de-som.html
19,https://www.ibyte.com.br/goldentec/caixa-de-som/p2.html
20,https://www.ibyte.com.br/goldentec/caixa-de-som/bluetooth.html
21,https://www.ibyte.com.br/goldentec/caixa-de-som/amplificada.html
22,https://www.ibyte.com.br/goldentec/baterias-e-carregadores.html
23,https://www.ibyte.com.br/goldentec/baterias-e-carregadores/carregadores.html
24,https://www.ibyte.com.br/goldentec/baterias-e-carregadores/portateis.html
25,https://www.ibyte.com.br/goldentec/teclado-e-mouse.html
26,https://www.ibyte.com.br/goldentec/teclado-e-mouse/teclado.html
27,https://www.ibyte.com.br/goldentec/teclado-e-mouse/teclado/gamer.html
28,https://www.ibyte.com.br/goldentec/teclado-e-mouse/mouse.html
29,https://www.ibyte.com.br/goldentec/teclado-e-mouse/mouse/com-fio.html
30,https://www.ibyte.com.br/goldentec/teclado-e-mouse/mouse/sem-fio.html
31,https://www.ibyte.com.br/goldentec/pastas-cases-e-mochilas.html
32,https://www.ibyte.com.br/goldentec/case-para-smartphone.html
33,https://www.ibyte.com.br/goldentec/apresentador-de-slides.html
34,https://www.ibyte.com.br/goldentec/soundbar.html
35,https://www.ibyte.com.br/soundbar-180w-rms-com-subwoofer-goldentec-sbg01-com-bluetooth-e-usb-2-1-canais.html
36,https://www.ibyte.com.br/pc-s-e-notebooks.html
37,https://www.ibyte.com.br/pc-s-e-notebooks/notebook.html
38,https://www.ibyte.com.br/pc-s-e-notebooks/notebook/2-em-1.html
39,https://www.ibyte.com.br/pc-s-e-notebooks/notebook/mochilas-para-notebook.html
40,https://www.ibyte.com.br/pc-s-e-notebooks/notebook/carregador-de-notebook.html
41,https://www.ibyte.com.br/pc-s-e-notebooks/notebook/gravadora-externa.html
42,https://www.ibyte.com.br/pc-s-e-notebooks/notebook/bolsas-pastas-e-mochilas.html
43,https://www.ibyte.com.br/pc-s-e-notebooks/notebook/suporte-para-notebook.html
44,https://www.ibyte.com.br/pc-s-e-notebooks/computadores.html
45,https://www.ibyte.com.br/pc-s-e-notebooks/computadores/desktop.html
46,https://www.ibyte.com.br/pc-s-e-notebooks/computadores/all-in-one.html
47,https://www.ibyte.com.br/pc-s-e-notebooks/computadores/mini-pc-s.html
48,https://www.ibyte.com.br/pc-s-e-notebooks/computadores/servidores.html
49,https://www.ibyte.com.br/pc-s-e-notebooks/energia.html
50,https://www.ibyte.com.br/pc-s-e-notebooks/energia/no-breaks.html
51,https://www.ibyte.com.br/pc-s-e-notebooks/energia/no-breaks/acessorios.html
52,https://www.ibyte.com.br/pc-s-e-notebooks/energia/modulo-isolador.html
53,https://www.ibyte.com.br/pc-s-e-notebooks/energia/modulo-isolador/300w.html
54,https://www.ibyte.com.br/pc-s-e-notebooks/energia/modulo-isolador/500w.html
55,https://www.ibyte.com.br/pc-s-e-notebooks/energia/estabilizadores.html
56,https://www.ibyte.com.br/pc-s-e-notebooks/energia/estabilizadores/ate-300w.html
57,https://www.ibyte.com.br/pc-s-e-notebooks/energia/estabilizadores/ate-600w.html
58,https://www.ibyte.com.br/pc-s-e-notebooks/energia/estabilizadores/1000w-ou-superior.html
59,https://www.ibyte.com.br/pc-s-e-notebooks/energia/filtros-de-linha-e-extensoes.html
60,https://www.ibyte.com.br/pc-s-e-notebooks/energia/filtros-de-linha-e-extensoes/filtro-de-linha.html
61,https://www.ibyte.com.br/pc-s-e-notebooks/energia/filtros-de-linha-e-extensoes/extensoes.html
62,https://www.ibyte.com.br/pc-s-e-notebooks/energia/pilhas-baterias-e-carregadores.html
63,https://www.ibyte.com.br/pc-s-e-notebooks/energia/pilhas-baterias-e-carregadores/carregador-notebook.html
64,https://www.ibyte.com.br/pc-s-e-notebooks/energia/pilhas-baterias-e-carregadores/pilha-bateria-9v.html
65,https://www.ibyte.com.br/pc-s-e-notebooks/energia/pilhas-baterias-e-carregadores/bateria-portatil-power-bank.html
66,https://www.ibyte.com.br/pc-s-e-notebooks/energia/pilhas-baterias-e-carregadores/bateria-botao.html
67,https://www.ibyte.com.br/pc-s-e-notebooks/energia/pilhas-baterias-e-carregadores/bateria-nobreak.html
68,https://www.ibyte.com.br/pc-s-e-notebooks/apple.html
69,https://www.ibyte.com.br/pc-s-e-notebooks/apple/imac.html
70,https://www.ibyte.com.br/pc-s-e-notebooks/apple/macbook.html
71,https://www.ibyte.com.br/pc-s-e-notebooks/apple/mac-mini.html
72,https://www.ibyte.com.br/pc-s-e-notebooks/apple/acessorios.html
73,https://www.ibyte.com.br/pc-s-e-notebooks/perifericos.html
74,https://www.ibyte.com.br/pc-s-e-notebooks/perifericos/monitor.html
75,https://www.ibyte.com.br/pc-s-e-notebooks/perifericos/mouse.html
76,https://www.ibyte.com.br/pc-s-e-notebooks/perifericos/mouse/sem-fio.html
77,https://www.ibyte.com.br/pc-s-e-notebooks/perifericos/teclado.html
78,https://www.ibyte.com.br/pc-s-e-notebooks/perifericos/teclado/teclado-sem-fio.html
79,https://www.ibyte.com.br/pc-s-e-notebooks/perifericos/teclado-e-mouse.html
80,https://www.ibyte.com.br/pc-s-e-notebooks/perifericos/teclado-e-mouse/sem-fio.html
81,https://www.ibyte.com.br/pc-s-e-notebooks/perifericos/caixa-de-som.html
82,https://www.ibyte.com.br/pc-s-e-notebooks/perifericos/pen-drive.html
83,https://www.ibyte.com.br/pc-s-e-notebooks/acessorios.html
84,https://www.ibyte.com.br/pc-s-e-notebooks/acessorios/para-notebook.html
85,https://www.ibyte.com.br/pc-s-e-notebooks/acessorios/cartao-de-memoria.html
86,https://www.ibyte.com.br/pc-s-e-notebooks/acessorios/cabos-e-adaptadores.html
87,https://www.ibyte.com.br/pc-s-e-notebooks/acessorios/mouse-pads.html
88,https://www.ibyte.com.br/pc-s-e-notebooks/calculadoras.html
89,https://www.ibyte.com.br/pc-s-e-notebooks/calculadoras/grafica.html
90,https://www.ibyte.com.br/pc-s-e-notebooks/calculadoras/financeira.html
91,https://www.ibyte.com.br/pc-s-e-notebooks/calculadoras/cientifica.html
92,https://www.ibyte.com.br/pc-s-e-notebooks/calculadoras/bobina.html
93,https://www.ibyte.com.br/notebook-acer-aspire-3-intel-celeron-n3060-4gb-500gb-windows-10-home-15-6-a315-33-c39f.html
94,https://www.ibyte.com.br/telefones.html
95,https://www.ibyte.com.br/telefones/smartphones-e-celulares.html
96,https://www.ibyte.com.br/telefones/smartphones-e-celulares/smartphone.html
97,https://www.ibyte.com.br/telefones/smartphones-e-celulares/celular.html
98,https://www.ibyte.com.br/telefones/smartphones-e-celulares/telefone.html
99,https://www.ibyte.com.br/telefones/smartphones-e-celulares/telefone/basico.html
100,https://www.ibyte.com.br/telefones/smartphones-e-celulares/telefone/sem-fio.html
101,https://www.ibyte.com.br/telefones/smartphones-e-celulares/telefone/headsets-e-fones.html
102,https://www.ibyte.com.br/telefones/iphones.html
103,https://www.ibyte.com.br/telefones/iphones/acessorios.html
104,https://www.ibyte.com.br/telefones/iphones/carregadores.html
105,https://www.ibyte.com.br/telefones/iphones/dock-station.html
106,https://www.ibyte.com.br/telefones/iphones/cabos-e-adaptadores.html
107,https://www.ibyte.com.br/telefones/iphones/cases.html
108,https://www.ibyte.com.br/telefones/iphones/fones.html
109,https://www.ibyte.com.br/telefones/acessorios.html
110,https://www.ibyte.com.br/telefones/acessorios/carregadores.html
111,https://www.ibyte.com.br/telefones/acessorios/headset.html
112,https://www.ibyte.com.br/telefones/acessorios/pelicula.html
113,https://www.ibyte.com.br/telefones/acessorios/cases.html
114,https://www.ibyte.com.br/telefones/acessorios/cabos-e-adaptadores.html
115,https://www.ibyte.com.br/telefones/acessorios/pen-drive.html
116,https://www.ibyte.com.br/telefones/tablets.html
117,https://www.ibyte.com.br/telefones/tablets/comum.html
118,https://www.ibyte.com.br/telefones/tablets/com-chip.html
119,https://www.ibyte.com.br/telefones/tablets/acessorios.html
120,https://www.ibyte.com.br/telefones/tablets/acessorios/cartao-microsd.html
121,https://www.ibyte.com.br/telefones/tablets/acessorios/case.html
122,https://www.ibyte.com.br/telefones/tablets/acessorios/carregador.html
123,https://www.ibyte.com.br/telefones/tablets/acessorios/pelicula.html
124,https://www.ibyte.com.br/telefones/tablets/acessorios/cabos-e-adaptadores.html
125,https://www.ibyte.com.br/telefones/ipad.html
126,https://www.ibyte.com.br/telefones/ipad/cabos-e-adaptadores.html
127,https://www.ibyte.com.br/telefones/ipad/carregadores.html
128,https://www.ibyte.com.br/telefones/ipad/case.html
129,https://www.ibyte.com.br/telefones/ipad/pelicula.html
130,https://www.ibyte.com.br/telefones/ipad/outros.html
131,https://www.ibyte.com.br/telefones/radio-comunicador.html
132,https://www.ibyte.com.br/telefones/interfone.html
133,https://www.ibyte.com.br/smartphone-motorola-one-action-128gb-dual-android-pie-9-0-tela-6-3-exynos-9609-s925-4g-camera-12-5-16mp-quad-pixe-branco-polar.html
134,https://www.ibyte.com.br/tv-audio-e-video.html
135,https://www.ibyte.com.br/tv-audio-e-video/tvs.html
136,https://www.ibyte.com.br/tv-audio-e-video/tvs/smart-tv.html
137,https://www.ibyte.com.br/tv-audio-e-video/tvs/hdtv.html
138,https://www.ibyte.com.br/tv-audio-e-video/tvs/full-hd.html
139,https://www.ibyte.com.br/tv-audio-e-video/tvs/tv-ultra-hd.html
140,https://www.ibyte.com.br/tv-audio-e-video/tvs/android-tv.html
141,https://www.ibyte.com.br/tv-audio-e-video/tvs/qled.html
142,https://www.ibyte.com.br/tv-audio-e-video/tv-nanocell-lg-1.html
143,https://www.ibyte.com.br/tv-audio-e-video/acessorios-tv.html
144,https://www.ibyte.com.br/tv-audio-e-video/acessorios-tv/conversor-de-tv-digital.html
145,https://www.ibyte.com.br/tv-audio-e-video/acessorios-tv/chromecast.html
146,https://www.ibyte.com.br/tv-audio-e-video/acessorios-tv/apple-tv.html
147,https://www.ibyte.com.br/tv-audio-e-video/acessorios-tv/antenas.html
148,https://www.ibyte.com.br/tv-audio-e-video/acessorios-tv/soundbar.html
149,https://www.ibyte.com.br/tv-audio-e-video/acessorios-tv/central-multimidia.html
150,https://www.ibyte.com.br/tv-audio-e-video/video.html
151,https://www.ibyte.com.br/tv-audio-e-video/video/dvd-e-bluray-player.html
152,https://www.ibyte.com.br/tv-audio-e-video/video/automotivo.html
153,https://www.ibyte.com.br/tv-audio-e-video/video/projetores.html
154,https://www.ibyte.com.br/tv-audio-e-video/video/acessorios-para-projetor.html
155,https://www.ibyte.com.br/tv-audio-e-video/video/cabos-e-adaptadores-de-video.html
156,https://www.ibyte.com.br/tv-audio-e-video/suporte-tv-monitor.html
157,https://www.ibyte.com.br/tv-audio-e-video/kindle.html
158,https://www.ibyte.com.br/smart-tv-led-49-full-hd-samsung-j5290-hdmi-usb-wi-fi-integrado-conversor-digital.html
159,https://www.ibyte.com.br/som.html
160,https://www.ibyte.com.br/som/audio.html
161,https://www.ibyte.com.br/som/audio/mini-e-micro-system-1.html
162,https://www.ibyte.com.br/som/audio/caixas-de-som-1.html
163,https://www.ibyte.com.br/som/audio/caixa-amplificada-1.html
164,https://www.ibyte.com.br/som/audio/chromecast-audio-1.html
165,https://www.ibyte.com.br/som/audio/subwoofer-1.html
166,https://www.ibyte.com.br/som/audio/som-automotivo-1.html
167,https://www.ibyte.com.br/som/acessorios.html
168,https://www.ibyte.com.br/som/acessorios/fones-de-ouvido.html
169,https://www.ibyte.com.br/som/acessorios/cabo-de-audio.html
170,https://www.ibyte.com.br/som/acessorios/microfone.html
171,https://www.ibyte.com.br/som/ipods-e-acessorios.html
172,https://www.ibyte.com.br/som/mp3-mp4-player.html
173,https://www.ibyte.com.br/caixa-de-som-bluetooth-jbl-boombox-preta.html
174,https://www.ibyte.com.br/gamer-1.html
175,https://www.ibyte.com.br/gamer-1/pc.html
176,https://www.ibyte.com.br/gamer-1/pc/pc-gamer.html
177,https://www.ibyte.com.br/gamer-1/pc/teclado-gamer.html
178,https://www.ibyte.com.br/gamer-1/pc/mouse-gamer.html
179,https://www.ibyte.com.br/gamer-1/pc/fone-gamer.html
180,https://www.ibyte.com.br/gamer-1/pc/placa-de-video.html
181,https://www.ibyte.com.br/gamer-1/pc/notebook-gamer.html
182,https://www.ibyte.com.br/gamer-1/ps3.html
183,https://www.ibyte.com.br/gamer-1/ps3/jogos.html
184,https://www.ibyte.com.br/gamer-1/ps3/joysticks.html
185,https://www.ibyte.com.br/gamer-1/ps3/cabos-e-acessorios.html
186,https://www.ibyte.com.br/gamer-1/ps4.html
187,https://www.ibyte.com.br/gamer-1/ps4/consoles.html
188,https://www.ibyte.com.br/gamer-1/ps4/jogos.html
189,https://www.ibyte.com.br/gamer-1/ps4/controles.html
190,https://www.ibyte.com.br/gamer-1/ps4/cabos-e-acessorios.html
191,https://www.ibyte.com.br/gamer-1/xbox-360.html
192,https://www.ibyte.com.br/gamer-1/xbox-360/jogos.html
193,https://www.ibyte.com.br/gamer-1/xbox-360/controles.html
194,https://www.ibyte.com.br/gamer-1/xbox-360/cabos-e-acessorios.html
195,https://www.ibyte.com.br/gamer-1/xbox-one.html
196,https://www.ibyte.com.br/gamer-1/xbox-one/consoles.html
197,https://www.ibyte.com.br/gamer-1/xbox-one/jogos.html
198,https://www.ibyte.com.br/gamer-1/xbox-one/controles.html
199,https://www.ibyte.com.br/gamer-1/xbox-one/acessorios.html
200,https://www.ibyte.com.br/fone-gamer-gt-luminous-7-1-surround-branco-goldentec.html
201,https://www.ibyte.com.br/hardware.html
202,https://www.ibyte.com.br/hardware/processador.html
203,https://www.ibyte.com.br/hardware/processador/core-i3.html
204,https://www.ibyte.com.br/hardware/processador/core-i5.html
205,https://www.ibyte.com.br/hardware/processador/core-i7.html
206,https://www.ibyte.com.br/hardware/processador/celeron.html
207,https://www.ibyte.com.br/hardware/processador/pentium.html
208,https://www.ibyte.com.br/hardware/placas.html
209,https://www.ibyte.com.br/hardware/placas/placa-mae.html
210,https://www.ibyte.com.br/hardware/placas/placa-mae/8-9-geracao.html
211,https://www.ibyte.com.br/hardware/placas/placa-mae/6-7-geracao.html
212,https://www.ibyte.com.br/hardware/placas/placa-mae/4-5-geracao.html
213,https://www.ibyte.com.br/hardware/placas/placa-mae/2-3-geracao.html
214,https://www.ibyte.com.br/hardware/placas/placa-mae/1-geracao.html
215,https://www.ibyte.com.br/hardware/placas/placa-mae/com-processador-integrado.html
216,https://www.ibyte.com.br/hardware/placas/placa-de-video.html
217,https://www.ibyte.com.br/hardware/placas/placas-de-som.html
218,https://www.ibyte.com.br/hardware/armazenamento.html
219,https://www.ibyte.com.br/hardware/armazenamento/hds-e-ssds.html
220,https://www.ibyte.com.br/hardware/armazenamento/hds-e-ssds/hd.html
221,https://www.ibyte.com.br/hardware/armazenamento/hds-e-ssds/ssd.html
222,https://www.ibyte.com.br/hardware/armazenamento/pen-drive.html
223,https://www.ibyte.com.br/hardware/armazenamento/hd-externo.html
224,https://www.ibyte.com.br/hardware/armazenamento/hd-externo/case-para-hd-externo.html
225,https://www.ibyte.com.br/hardware/armazenamento/cartao-de-memoria.html
226,https://www.ibyte.com.br/hardware/armazenamento/midias.html
227,https://www.ibyte.com.br/hardware/armazenamento/leitor-de-cartao.html
228,https://www.ibyte.com.br/hardware/memoria-ram.html
229,https://www.ibyte.com.br/hardware/memoria-ram/para-pcs.html
230,https://www.ibyte.com.br/hardware/memoria-ram/para-pcs/ddr3.html
231,https://www.ibyte.com.br/hardware/memoria-ram/para-pcs/ddr4.html
232,https://www.ibyte.com.br/hardware/memoria-ram/para-notebook.html
233,https://www.ibyte.com.br/hardware/memoria-ram/para-servidor.html
234,https://www.ibyte.com.br/hardware/fontes.html
235,https://www.ibyte.com.br/hardware/fontes/ate-290w.html
236,https://www.ibyte.com.br/hardware/fontes/300w-a-390w.html
237,https://www.ibyte.com.br/hardware/fontes/400w-a-490w.html
238,https://www.ibyte.com.br/hardware/fontes/500w-a-790w.html
239,https://www.ibyte.com.br/hardware/fontes/acima-de-800w.html
240,https://www.ibyte.com.br/hardware/gravadoras.html
241,https://www.ibyte.com.br/hardware/gravadoras/gravadora-interna.html
242,https://www.ibyte.com.br/hardware/gravadoras/gravadora-externa.html
243,https://www.ibyte.com.br/hardware/gabinetes.html
244,https://www.ibyte.com.br/hardware/coolers.html
245,https://www.ibyte.com.br/hardware/exaustor.html
246,https://www.ibyte.com.br/hardware/software.html
247,https://www.ibyte.com.br/hardware/software/anti-virus.html
248,https://www.ibyte.com.br/hardware/software/office.html
249,https://www.ibyte.com.br/hardware/software/sistema-operacional.html
250,https://www.ibyte.com.br/fonte-de-alimentac-o-atx-goldentec-250w-real-fg-atx250.html
251,https://www.ibyte.com.br/redes.html
252,https://www.ibyte.com.br/redes/wireless.html
253,https://www.ibyte.com.br/redes/wireless/roteador.html
254,https://www.ibyte.com.br/redes/wireless/repetidor.html
255,https://www.ibyte.com.br/redes/wireless/access-point.html
256,https://www.ibyte.com.br/redes/wireless/placas-e-adaptadores-wireless.html
257,https://www.ibyte.com.br/redes/modem.html
258,https://www.ibyte.com.br/redes/modem/modem-3g-4g.html
259,https://www.ibyte.com.br/redes/modem/modem-adsl.html
260,https://www.ibyte.com.br/redes/switch.html
261,https://www.ibyte.com.br/redes/switch/8-portas.html
262,https://www.ibyte.com.br/redes/switch/16-portas.html
263,https://www.ibyte.com.br/redes/switch/24-portas.html
264,https://www.ibyte.com.br/redes/switch/48-portas.html
265,https://www.ibyte.com.br/redes/switch/outros.html
266,https://www.ibyte.com.br/redes/cabos-e-acessorios.html
267,https://www.ibyte.com.br/redes/cabos-e-acessorios/cabo-cat5e.html
268,https://www.ibyte.com.br/redes/cabos-e-acessorios/cabo-cat6e.html
269,https://www.ibyte.com.br/redes/cabos-e-acessorios/cabo-optico.html
270,https://www.ibyte.com.br/redes/cabos-e-acessorios/outros-cabos.html
271,https://www.ibyte.com.br/redes/cabos-e-acessorios/acessorios.html
272,https://www.ibyte.com.br/redes/antenas.html
273,https://www.ibyte.com.br/redes/antenas/interna.html
274,https://www.ibyte.com.br/redes/antenas/externa.html
275,https://www.ibyte.com.br/roteador-tenda-300mbps-com-2-antenas-externas-wireless-802-11n-n301.html
276,https://www.ibyte.com.br/impressoras.html
277,https://www.ibyte.com.br/impressoras/jato-de-tinta.html
278,https://www.ibyte.com.br/impressoras/jato-de-tinta/simples.html
279,https://www.ibyte.com.br/impressoras/jato-de-tinta/multifuncional.html
280,https://www.ibyte.com.br/impressoras/jato-de-tinta/tanque-de-tinta-bulk-ink.html
281,https://www.ibyte.com.br/impressoras/cartuchos.html
282,https://www.ibyte.com.br/impressoras/cartuchos/cartucho.html
283,https://www.ibyte.com.br/impressoras/cartuchos/refil-de-tinta.html
284,https://www.ibyte.com.br/impressoras/cartuchos/toner.html
285,https://www.ibyte.com.br/impressoras/cartuchos/fita-rotulador.html
286,https://www.ibyte.com.br/impressoras/laser.html
287,https://www.ibyte.com.br/impressoras/laser/colorida.html
288,https://www.ibyte.com.br/impressoras/laser/colorida/simples.html
289,https://www.ibyte.com.br/impressoras/laser/colorida/multifuncional.html
290,https://www.ibyte.com.br/impressoras/laser/monocromatica.html
291,https://www.ibyte.com.br/impressoras/laser/monocromatica/simples.html
292,https://www.ibyte.com.br/impressoras/laser/monocromatica/multifuncional.html
293,https://www.ibyte.com.br/impressoras/termica.html
294,https://www.ibyte.com.br/impressoras/termica/fiscal.html
295,https://www.ibyte.com.br/impressoras/termica/nao-fiscal.html
296,https://www.ibyte.com.br/impressoras/termica/impressora-de-etiquetas.html
297,https://www.ibyte.com.br/impressoras/termica/acessorios.html
298,https://www.ibyte.com.br/impressoras/resma-de-papel.html
299,https://www.ibyte.com.br/impressoras/resma-de-papel/comum.html
300,https://www.ibyte.com.br/impressoras/resma-de-papel/reciclado.html
301,https://www.ibyte.com.br/impressoras/resma-de-papel/papel-fotografico.html
302,https://www.ibyte.com.br/impressora-hp-multifuncional-deskjet-ink-advantage-2676-wi-fi.html
303,https://www.ibyte.com.br/casa-e-lazer.html
304,https://www.ibyte.com.br/casa-e-lazer/relogios.html
305,https://www.ibyte.com.br/casa-e-lazer/relogios/apple-watch.html
306,https://www.ibyte.com.br/casa-e-lazer/relogios/acessorios.html
307,https://www.ibyte.com.br/casa-e-lazer/relogios/pulseiras.html
308,https://www.ibyte.com.br/casa-e-lazer/relogios/garmin.html
309,https://www.ibyte.com.br/casa-e-lazer/lazer.html
310,https://www.ibyte.com.br/casa-e-lazer/lazer/skate-eletrico.html
311,https://www.ibyte.com.br/casa-e-lazer/lazer/drone.html
312,https://www.ibyte.com.br/casa-e-lazer/lazer/patinetes.html
313,https://www.ibyte.com.br/casa-e-lazer/ar-condicionado.html
314,https://www.ibyte.com.br/casa-e-lazer/ar-condicionado/9-000-btus.html
315,https://www.ibyte.com.br/casa-e-lazer/ar-condicionado/12-000-btus.html
316,https://www.ibyte.com.br/casa-e-lazer/ar-condicionado/climatizador.html
317,https://www.ibyte.com.br/casa-e-lazer/kindle.html
318,https://www.ibyte.com.br/casa-e-lazer/outros.html
319,https://www.ibyte.com.br/casa-e-lazer/outros/cafeteira.html
320,https://www.ibyte.com.br/casa-e-lazer/outros/ventilador.html
321,https://www.ibyte.com.br/casa-e-lazer/outros/radio-relogio.html
322,https://www.ibyte.com.br/casa-e-lazer/outros/balanca-eletronica.html
323,https://www.ibyte.com.br/casa-e-lazer/outros/lampada-luminaria.html
324,https://www.ibyte.com.br/casa-e-lazer/acessorios-para-cameras.html
325,https://www.ibyte.com.br/casa-e-lazer/acessorios-para-cameras/lentes.html
326,https://www.ibyte.com.br/casa-e-lazer/acessorios-para-cameras/bolsas-cases.html
327,https://www.ibyte.com.br/casa-e-lazer/acessorios-para-cameras/outros.html
328,https://www.ibyte.com.br/casa-e-lazer/acessorios-para-cameras/flash.html
329,https://www.ibyte.com.br/casa-e-lazer/filmadoras.html
330,https://www.ibyte.com.br/casa-e-lazer/filmadoras/gopro.html
331,https://www.ibyte.com.br/casa-e-lazer/filmadoras/cartao-de-memoria.html
332,https://www.ibyte.com.br/casa-e-lazer/filmadoras/acessorios-gopro.html
333,https://www.ibyte.com.br/casa-e-lazer/camera-automotiva.html
334,https://www.ibyte.com.br/casa-e-lazer/interfone.html
335,https://www.ibyte.com.br/casa-e-lazer/vigilancia.html
336,https://www.ibyte.com.br/casa-e-lazer/vigilancia/cameras.html
337,https://www.ibyte.com.br/casa-e-lazer/vigilancia/cameras/camera-ip.html
338,https://www.ibyte.com.br/casa-e-lazer/vigilancia/cameras/camera-dome.html
339,https://www.ibyte.com.br/casa-e-lazer/vigilancia/cameras/camera-bullet.html
340,https://www.ibyte.com.br/casa-e-lazer/vigilancia/dvr.html
341,https://www.ibyte.com.br/casa-e-lazer/vigilancia/nvr.html
342,https://www.ibyte.com.br/casa-e-lazer/vigilancia/acessorios.html
343,https://www.ibyte.com.br/patinete-eletrico-atrio-fun-dobravel-250w-velocidade-23km-h-ate-autonomia-15km-suporta-ate-90kgs-preto-es205.html
344,https://www.ibyte.com.br/marcas.html
345,https://www.ibyte.com.br/marcas/hyperx.html
346,https://www.ibyte.com.br/marcas/hyperx/headset.html
347,https://www.ibyte.com.br/marcas/hyperx/teclados.html
348,https://www.ibyte.com.br/marcas/hyperx/mouse.html
349,https://www.ibyte.com.br/marcas/hyperx/mousepad.html
350,https://www.ibyte.com.br/marcas/hyperx/memoria.html
351,https://www.ibyte.com.br/marcas/lenovo.html
352,https://www.ibyte.com.br/marcas/lenovo/notebook.html
353,https://www.ibyte.com.br/marcas/samsung.html
354,https://www.ibyte.com.br/marcas/samsung/notebook.html
355,https://www.ibyte.com.br/marcas/samsung/smart-tv.html
356,https://www.ibyte.com.br/marcas/samsung/smartphone.html
357,https://www.ibyte.com.br/marcas/apple.html
358,https://www.ibyte.com.br/marcas/apple/macbook.html
359,https://www.ibyte.com.br/marcas/apple/iphone.html
360,https://www.ibyte.com.br/marcas/lg.html
361,https://www.ibyte.com.br/marcas/lg/smartphone.html
362,https://www.ibyte.com.br/marcas/lg/smart-tv.html
363,https://www.ibyte.com.br/marcas/dell.html
364,https://www.ibyte.com.br/marcas/dell/notebook.html
365,https://www.ibyte.com.br/marcas/dell/computadores.html
366,https://www.ibyte.com.br/marcas/asus.html
367,https://www.ibyte.com.br/marcas/asus/notebook.html
368,https://www.ibyte.com.br/marcas/asus/smartphone.html
369,https://www.ibyte.com.br/marcas/acer.html
370,https://www.ibyte.com.br/marcas/acer/notebook.html
371,https://www.ibyte.com.br/outlet.html
372,https://www.ibyte.com.br/outlet/access-point.html
373,https://www.ibyte.com.br/outlet/acessorios-para-gopro.html
374,https://www.ibyte.com.br/outlet/anti-virus.html
375,https://www.ibyte.com.br/outlet/apple-watch.html
376,https://www.ibyte.com.br/outlet/apple-tv.html
377,https://www.ibyte.com.br/outlet/apresentador-de-slides.html
378,https://www.ibyte.com.br/outlet/bolsa-pasta-mochila.html
379,https://www.ibyte.com.br/outlet/cabos.html
380,https://www.ibyte.com.br/outlet/caixa-de-som.html
381,https://www.ibyte.com.br/outlet/calculadora.html
382,https://www.ibyte.com.br/pc-s-e-notebooks/notebook/celeron.html
383,https://www.ibyte.com.br/pc-s-e-notebooks/notebook/pentium.html
384,https://www.ibyte.com.br/pc-s-e-notebooks/notebook/core-i3.html
385,https://www.ibyte.com.br/pc-s-e-notebooks/notebook/core-i5.html
386,https://www.ibyte.com.br/pc-s-e-notebooks/notebook/core-i7.html
387,https://www.ibyte.com.br/pc-s-e-notebooks/perifericos/leitor-codigo-de-barras.html
388,https://www.ibyte.com.br/pc-s-e-notebooks/perifericos/hub-usb.html
389,https://www.ibyte.com.br/pc-s-e-notebooks/perifericos/webcam.html
390,https://www.ibyte.com.br/pc-s-e-notebooks/perifericos/no-break.html
391,https://www.ibyte.com.br/pc-s-e-notebooks/perifericos/estabilizadores.html
392,https://www.ibyte.com.br/pc-s-e-notebooks/perifericos/joystick.html
393,https://www.ibyte.com.br/pc-s-e-notebooks/perifericos/modulo-isolador.html
394,https://www.ibyte.com.br/pc-s-e-notebooks/perifericos/fones-de-ouvido.html
395,https://www.ibyte.com.br/pc-s-e-notebooks/perifericos/receptor-de-tv-digital.html
396,https://www.ibyte.com.br/pc-s-e-notebooks/perifericos/pinpad.html
397,https://www.ibyte.com.br/pc-s-e-notebooks/perifericos/mesa-digitalizadora.html
398,https://www.ibyte.com.br/pc-s-e-notebooks/perifericos/apresentador-de-slides.html
399,https://www.ibyte.com.br/telefones/acessorios/caixas-de-som.html
400,https://www.ibyte.com.br/telefones/acessorios/bateria-portatil.html
401,https://www.ibyte.com.br/telefones/acessorios/monopod.html
402,https://www.ibyte.com.br/telefones/acessorios/cartao-microsd.html
403,https://www.ibyte.com.br/tv-audio-e-video/tvs/nano-cell.html
404,https://www.ibyte.com.br/tv-audio-e-video/acessorios-tv/outros.html
405,https://www.ibyte.com.br/gamer-1/pc/jogos.html
406,https://www.ibyte.com.br/gamer-1/pc/controles.html
407,https://www.ibyte.com.br/gamer-1/pc/cabos-e-acessorios.html
408,https://www.ibyte.com.br/gamer-1/pc/monitor-gamer.html
409,https://www.ibyte.com.br/gamer-1/pc/gabinete-gamer.html
410,https://www.ibyte.com.br/gamer-1/pc/mousepad-gamer.html
411,https://www.ibyte.com.br/casa-e-lazer/pilhas-baterias-e-carregadores.html
412,https://www.ibyte.com.br/casa-e-lazer/pilhas-baterias-e-carregadores/pilhas.html
413,https://www.ibyte.com.br/casa-e-lazer/pilhas-baterias-e-carregadores/baterias-e-carregadores.html
414,https://www.ibyte.com.br/outlet/cameras.html
415,https://www.ibyte.com.br/outlet/camera-de-seguranca.html
416,https://www.ibyte.com.br/outlet/case.html
417,https://www.ibyte.com.br/outlet/carregador-portatil.html
418,https://www.ibyte.com.br/outlet/cartao-de-memoria.html
419,https://www.ibyte.com.br/outlet/cartucho.html
420,https://www.ibyte.com.br/outlet/computador.html
421,https://www.ibyte.com.br/outlet/computador-aio.html
422,https://www.ibyte.com.br/outlet/fone-de-ouvido.html
423,https://www.ibyte.com.br/outlet/impressoara.html
424,https://www.ibyte.com.br/outlet/jogos.html
425,https://www.ibyte.com.br/outlet/notebook.html
426,https://www.ibyte.com.br/outlet/placa-de-video.html
427,https://www.ibyte.com.br/outlet/pelicula.html
428,https://www.ibyte.com.br/outlet/pc-gamer.html
429,https://www.ibyte.com.br/outlet/relogio-monitor-cardiaco.html
430,https://www.ibyte.com.br/outlet/roteador.html
431,https://www.ibyte.com.br/outlet/smart-tv.html
432,https://www.ibyte.com.br/outlet/smartphones.html
433,https://www.ibyte.com.br/outlet/tablet.html
434,https://www.ibyte.com.br/outlet/teclado-e-mouse.html
435,https://www.ibyte.com.br/outlet/telefone-fixo.html
436,https://www.ibyte.com.br/outlet/tela-de-projecao.html
437,https://www.ibyte.com.br/outlet/toner.html
438,https://www.ibyte.com.br/motorola-one.html
439,https://www.ibyte.com.br/blackfriday.html
440,https://www.ibyte.com.br/notebook-dell-inspiron-i15-3567-a30c-intel-core-7-i5-4gb-1tb-tela-led-15-6-cinza.html
441,https://www.ibyte.com.br/monitor-gamer-acer.html
442,https://www.ibyte.com.br/fone-auricular-bluetooth-tws-goldentec-sense-gt-q63-preto.html
443,https://www.ibyte.com.br/studio-games.html
444,http://bit.ly/PlugadosIbyte
445,https://www.ibyte.com.br/patinete-eletrico.html
446,https://www.ibyte.com.br/linha-jbl-caixa-de-som.html
447,http://www.ibyte.com.br/nossas-lojas
448,http://www.ibyte.com.br/#lighbox-cartao
449,http://www.ibyte.com.br/#lighbox-avista
450,http://www.ibyte.com.br/#lighbox-desconto
451,http://www.ibyte.com.br/retire-na-loja-regulamento
452,http://www.ibyte.com.br/#lighbox-fretegratis
453,https://www.ibyte.com.br/formas-de-pagamento
454,https://www.ibyte.com.br/vitrine/vitrine1-ofertas.html
455,https://www.ibyte.com.br/caixa-de-som-bluetooth-jbl-flip-4-com-bateria-recarregavel-e-a-prova-d-agua.html
456,https://www.ibyte.com.br/smartphone-samsung-galaxy-j8-64gb-tela-6-octa-core-1-8ghz-4g-16mp-f1-7-5mp-f1-9-dual-cam-preto.html
457,https://www.ibyte.com.br/smart-tv-led-55-samsung-55ru7100-ultra-hd-4k-com-conversor-digital-3-hdmi-2-usb-wi-fi.html
458,https://www.ibyte.com.br/hd-externo-1tb-portatil-toshiba-canvio-advance-white-usb-3-0-hdtc910xw3aa.html
459,https://www.ibyte.com.br/ventilador-mondial-maxi-power-nv-15-6p-fb-30cm-6-pas-220v.html
460,https://www.ibyte.com.br/ventilador-mondial-maxi-power-nv-15-6p-fb-30cm-6-pas-127v.html
461,https://www.ibyte.com.br/patinete-eletrico-atrio-es260-preto-e-capacete-atrio-mtb-grafite-com-led-g-bi137.html
462,https://www.ibyte.com.br/patinete-eletrico-atrio-250w-23km-h-e-capacete-atrio-mtb-grafite-com-led-g-bi137-multilaser.html
463,https://www.ibyte.com.br/patinete-eletrico-multilaser-atrio-urban-e-capacete-atrio-mtb-grafite-com-led-g-bi137-multilaser.html
464,https://www.ibyte.com.br/vitrine/vitrine-chegou-na-ibyte.html
465,https://www.ibyte.com.br/mochila-goldentec-prime-para-notebook-15-6-nylon-preta.html
466,https://www.ibyte.com.br/headset-bluetooth-goldentec-hbg30-v2-preto.html
467,https://www.ibyte.com.br/mp4-player-8gb-lcd-1-8-goldentec-sport-a1809-preto.html
468,https://www.ibyte.com.br/carregador-portatil-power-bank-4400mah-goldentec-gt4400-v2-0.html
469,https://www.ibyte.com.br/mochila-com-rodinhas-goldentec-urb-para-notebook-15-6-preta.html
470,https://www.ibyte.com.br/tela-de-projecao-retratil-goldentec-200x150-cm.html
471,https://www.ibyte.com.br/fone-auricular-bluetooth-goldentec-ultra-gt109-preto.html
472,https://www.ibyte.com.br/headphone-bluetooth-gt-follow-goldentec-verde-gt5btvd.html
473,https://www.ibyte.com.br/monitor-19-5-led-hd-goldentec-mg95-preto.html
474,https://www.ibyte.com.br/vitrine/tv-e-na-ibyte.html
475,https://www.ibyte.com.br/smart-tv-led-32-lg-lk610-webos-4-0-upscaler-hd.html
476,https://www.ibyte.com.br/tv-55-lg-uhd-smart-webos-55uk6540psb-tela-55-4k-hdr.html
477,https://www.ibyte.com.br/smart-tv-qled-75-samsung-qn75q7fnagxzd-ultra-hd-4k-wi-fi-prata.html
478,https://www.ibyte.com.br/ultra-hd-tv-led-49-sony-4k-3-hdmi-e-3-usb-wi-fi-kd-49x705f.html
479,https://www.ibyte.com.br/smart-tv-led-32-hd-samsung-32j4290-com-wide-color-enhancer-plus-espelhamento-de-tela-wi-fi-dolby-digital-plus-hdmi-e-usb.html
480,https://www.ibyte.com.br/smart-tv-led-43-samsung-43j5290-full-hd-com-conversor-digital-2-hdmi-1-usb-wi-fi-screen-mirroring-web-browser-preta.html
481,https://www.ibyte.com.br/smart-tv-led-55-tcl-p65us-ultra-hd-4k-hdr-50p65us-hdmi-usb-wi-fi-integrado-sleep-timer-closed-caption.html
482,https://www.ibyte.com.br/smart-tv-4k-led-65-tcl-p65us-wi-fi-hdr-3-hdmi-2-usb.html
483,https://www.ibyte.com.br/smart-tv-led-65-uhd-4k-lg-65sm8600psa-nanocell.html
484,https://www.ibyte.com.br/smart-tv-led-32-hd-lg-32lm620bpsa-thinq-ai-quad-core-bluetooth-hdmi-usb.html
485,https://www.ibyte.com.br/tv-audio-e-video/tvs.html?utm_source=site&utm_medium=banner_secundario1&utm_campaign=novo_smartv_bs_versao1
486,https://www.ibyte.com.br/som-para-toda-festa.html?utm_source=site&utm_medium=banner_secundario2&utm_campaign=novo_som_bs_versao1
487,https://www.ibyte.com.br/gamer.html?utm_source=site&utm_medium=banner_secundario3&utm_campaign=novo_gamer_bs_versao1
488,https://www.ibyte.com.br/telefones/smartphones-e-celulares/smartphone.html?utm_source=site&utm_medium=banner_secundario4&utm_campaign=novo_celular_bs_versao1
489,https://www.ibyte.com.br/vitrine/confira-mais-produtos-vitrine.html
490,https://www.ibyte.com.br/headset-gamer-hyperx-7-1-cloud-ii-khx-hscp-rd-preto-e-vermelho.html
491,https://www.ibyte.com.br/teclado-gamer-goldentec-legend-led-backlight-verde-aluminium-edition.html
492,https://www.ibyte.com.br/headphone-gamer-goldentec-gt-attack-7-1-canais-laranja.html
493,https://www.ibyte.com.br/cadeira-gamer-race-goldentec-blue-cgg175.html
494,https://www.ibyte.com.br/headset-gamer-hyperx-cloud-stinger-hx-hscs-bk-na.html
495,https://www.ibyte.com.br/mouse-gamer-hyperx-pulsefire-fps-pro-rgb-16000dpi-hx-mc003b.html
496,https://www.ibyte.com.br/mouse-gamer-hyperx-pulsefire-core-rgb-6200-dpi-hx-mc004b.html
497,https://www.ibyte.com.br/headset-gamer-sem-fio-hyperx-cloud-stinger-wireless-ps4-drivers-50mm-preto-e-azul-hx-hscsw-bk.html
498,https://www.ibyte.com.br/fone-gamer-gt-luminous-7-1-surround-preto-goldentec.html
499,https://www.ibyte.com.br/mouse-gamer-hyperx-pulsefire-fps-3200dpi-hx-mc001a-a.html
500,https://www.ibyte.com.br/vitrine/vitrine-mais-vendidos.html
501,https://www.ibyte.com.br/caixa-de-som-portatil-beats-pill-bluetooth-branca.html
502,https://www.ibyte.com.br/soundbar-jbl-cinema-sb150-120w-rms-bluetooth.html
503,https://www.ibyte.com.br/fone-de-ouvido-intra-auricular-jbl-t110-branco-jblt110wht.html
504,https://www.ibyte.com.br/caixa-de-som-bluetooth-jbl-flip-4-branca-flip4wht.html
505,https://www.ibyte.com.br/caixa-de-som-goldentec-100w-amplificada-gt-extreme-v2-bluetooth-preta.html
506,https://www.ibyte.com.br/caixa-de-som-jbl-go-2-bluetooth-a-prova-d-agua-3-1w-navy.html
507,https://www.ibyte.com.br/mini-system-lg-620w-usb-mp3-bluetooth-xboom-ck56.html
508,https://www.ibyte.com.br/fone-de-ouvido-sem-fio-jbl-free-intra-auricular-branco.html
509,https://www.ibyte.com.br/fone-sport-jbl-reflect-contour-2-black.html
510,https://www.ibyte.com.br/caixa-de-som-jbl-go-2-bluetooth-a-prova-d-agua-3-1w-verde-claro.html
511,https://www.ibyte.com.br/vitrine/destaques-vitrine.html
512,https://www.ibyte.com.br/smartphone-motorola-moto-e5-play-tela-5-34-qualcomm-snapdragon-425-msm8917-16gb-4g-camera-05mp-gold.html
513,https://www.ibyte.com.br/samsung-galaxy-j4-core-tela-infinita-de-6-16-gb-cam-8mp-5mp-sm-j410gzkjzto-preto.html
514,https://www.ibyte.com.br/smartphone-motorola-one-xt1941-64gb-tela-5-9-camera-dupla-4gb-ram-android-one-preto.html
515,https://www.ibyte.com.br/smartphone-motorola-moto-g7-plus-64-gb-6-24-snapdragon-636-indigo.html
516,https://www.ibyte.com.br/smartphone-asus-zenfone-live-l1-octacore-32gb-13mp-tela-5-5-black-za550kl-4a129br.html
517,https://www.ibyte.com.br/smartphone-asus-zenfone-5-selfie-pro-128gb-20mp-tela-6-vermelho-zc600kl-5c127br.html
518,https://www.ibyte.com.br/smartphone-samsung-galaxy-a10-32gb-dual-chip-android-9-0-tela-6-2-octa-core-4g-camera-13mp-preto.html
519,https://www.ibyte.com.br/smartphone-samsung-galaxy-a20-32gb-13mp-5mp-4g-dual-chip-preto.html
520,https://www.ibyte.com.br/smartphone-samsung-galaxy-a30-64gb-azul-4g-4gb-ram-6-4-cam-dupla-cam-selfie-16mp.html
521,https://www.ibyte.com.br/smartphone-samsung-galaxy-a70-azul-128gb-tela-infinita-de-6-7-camera-traseira-tripla.html
522,https://www.ibyte.com.br/sobre-nos/
523,https://www.ibyte.com.br/iso9001/
524,https://www.ibyte.com.br/encarte/
525,https://app.ibyte.com.br/fortesrh/externo/logoutExterno.action?empresaId=4
526,https://www.ibyte.com.br/politica-de-privacidade/
527,https://www.ibyte.com.br/faleconosco/
528,https://www.ibyte.com.br/download-drives/
529,https://www.ibyte.com.br/errata/
530,https://www.ibyte.com.br/ibs/
531,https://www.ibyte.com.br/residuos-eletronicos/
532,https://web.whatsapp.com/send?phone=558540205000&text=Oi!%20Estou%20entrando%20em%20contato%20pelo%20chat%20Whatsapp%20da%20sua%20loja%20virtual.%20Poderia%20me%20ajudar?
533,https://www.facebook.com/lojaibyte
534,https://twitter.com/lojaibyte
535,https://www.youtube.com/user/lojaibyte
536,https://www.instagram.com/lojaibyte/
537,https://www.ibyte.com.br/formas-de-pagamento/
538,https://www.ibyte.com.br/site-seguro/
539,https://www.ebit.com.br/ibyte/selo
540,https://www.compreeconfie.com.br/seloapp/loja/selo/%7B9cbabf88-7bcc-4356-92c8-4a31dbc1d736%7D
541,https://transparencyreport.google.com/safe-browsing/search?url=www.ibyte.com.br
542,http://www.ibyte.com.br/javascript:()
543,http://www.bis2bis.com.br
544,https://www.ibyte.com.br/aniversario-ibyte.html?limit=32
545,https://www.ibyte.com.br/aniversario-ibyte.html?limit=60
546,https://www.ibyte.com.br/aniversario-ibyte.html?limit=90&p=2
547,https://www.ibyte.com.br/smartphone-motorola-moto-e6-plus-cinza-metalico-32gb-tela-6-1-octa-core-e-2gb-e-headset-goldentec-gt-soul-colors-preto.html
548,https://www.ibyte.com.br/smart-tv-led-40-android-tcl-40s6500-full-hd-usb-hdmi-comando-de-voz-google-assistant.html
549,https://www.ibyte.com.br/notebook-samsung-style-s50-intel-core-i5-7200u-tela-13-3-full-hd-led-256-gb-ssd.html
550,https://www.ibyte.com.br/kindle-novo-paperwhite-8gb-wi-fi-preto-ao0705.html
551,https://www.ibyte.com.br/kindle-10-geracao-4gb-tela-6-com-iluminacao-embutida-preto.html
552,https://www.ibyte.com.br/smartphone-motorola-one-vision-xt1970-1-128gb-4gb-ram-tela-de-6-3-camera-traseira-dupla-azul-safira.html
553,https://www.ibyte.com.br/smartphone-motorola-one-vision-xt1970-1-bronze-128gb-4gb-ram-tela-6-3-camera-traseira-dupla-octa-core-leitor-digital.html
554,https://www.ibyte.com.br/smartphone-motorola-one-action-128gb-dual-android-pie-9-0-tela-6-3-exynos-9609-s925-4g-camera-12-5-16mp-quad-pixe.html
555,https://www.ibyte.com.br/smartphone-lg-k9-tv-dourado-com-16gb-tela-de-5-0-hd-android-7-0-dual-chip-4g-camera-8mp-processador-quad-core-e-2gb-de-ram.html
556,https://www.ibyte.com.br/smartphone-lg-k9-tv-dual-chip-android-7-0-tela-5-quad-core-1-3-ghz-16gb-4g-camera-8mp-azul.html
557,https://www.ibyte.com.br/smartphone-lg-k11-32gb-dual-chip-android-7-1-2-tela-5-3-octa-core-1-5-ghz-4g-camera-13mp-preto.html
558,https://www.ibyte.com.br/smartphone-lg-k11-tela-5-3-32gb-4g-octa-core-3gb-ram-cam-13mp-selfie-5mp-dual-chip.html
559,https://www.ibyte.com.br/smartphone-samsung-galaxy-a10-32gb-dual-chip-android-9-0-tela-6-2-octa-core-4g-camera-13mp-azul.html
560,https://www.ibyte.com.br/smartphone-samsung-galaxy-a10-32gb-dual-chip-android-9-0-tela-6-2-octa-core-4g-camera-13mp-vermelho.html
561,https://www.ibyte.com.br/smartphone-samsung-a30-dual-64gb-16mp-sm-a305gzkrzto-preto.html
562,https://www.ibyte.com.br/smartphone-samsung-galaxy-a30-64gb-dual-chip-android-9-0-tela-6-4-octa-core-4g-camera-16mp-5mp-branco.html
563,https://www.ibyte.com.br/carregador-portatil-2500mah-para-celular-goldentec-gt2500-preto.html
564,https://www.ibyte.com.br/tablet-samsung-galaxy-tab-a-t280-7-8gb-wi-fi-android-5-1-quad-core-camera-5mp-preto.html
565,https://www.ibyte.com.br/carregador-sem-fio-goldentec-gt-comfort-qi.html
566,https://www.ibyte.com.br/carregador-sem-fio-gt-easycharge-goldentec.html
567,https://www.ibyte.com.br/fone-de-ouvido-jbl-conectividade-bluetooth-t110bt-branco.html
568,https://www.ibyte.com.br/fone-de-ouvido-jbl-conectividade-bluetooth-intra-auricular-preto-t110bt.html
569,https://www.ibyte.com.br/caixa-de-som-portatil-jbl-boombox-60w-rms-bluetooth-verde.html
570,https://www.ibyte.com.br/caixa-de-som-jbl-go-2-bluetooth-portatil-a-prova-dagua-3w-usb-black.html
571,https://www.ibyte.com.br/caixa-de-som-jbl-go-2-bluetooth-a-prova-d-agua-3-1w-rose.html
572,https://www.ibyte.com.br/caixa-de-som-jbl-go-2-bluetooth-orange.html
573,https://www.ibyte.com.br/fones-de-ouvido-jbl-tune-500bt-supra-auriculares-sem-fio-preto.html
574,https://www.ibyte.com.br/fones-de-ouvido-jbl-tune-500bt-supra-auriculares-sem-fio-branco.html
575,https://www.ibyte.com.br/fones-de-ouvido-jbl-tune-500bt-supra-auriculares-sem-fio-azul.html
576,https://www.ibyte.com.br/headphone-bluetooth-goldentec-gt-prata-bt1513pta.html
577,https://www.ibyte.com.br/caixa-de-som-bluetooth-20w-rms-goldentec-gt-inspire-2.html
578,https://www.ibyte.com.br/headphone-bluetooth-gt-follow-goldentec-roxo-gt5btli.html
579,https://www.ibyte.com.br/headphone-bluetooth-gt-follow-goldentec-vermelho-gt5btvr.html
580,https://www.ibyte.com.br/headphone-bluetooth-gt-follow-goldentec-amarelo-gt5btam.html
581,https://www.ibyte.com.br/headphone-bluetooth-gt-follow-goldentec-azul-gt5btaz.html
582,https://www.ibyte.com.br/suporte-para-notebook-17-goldentec-sng17-com-cooler.html
583,https://www.ibyte.com.br/teclado-goldentec-multimida-usb-v2-preto.html
584,https://www.ibyte.com.br/carregador-universal-90w-para-notebooks-goldentec-gt80012p.html
585,https://www.ibyte.com.br/mouse-optico-usb-gt-colors-azul-1000dpi-goldentec.html
586,https://www.ibyte.com.br/mouse-optico-usb-gt-colors-verde-1000dpi-goldentec.html
587,https://www.ibyte.com.br/mouse-optico-usb-gt-colors-vermelho-1000dpi-goldentec.html
588,https://www.ibyte.com.br/mouse-sem-fio-gt-comfort-1600dpi-goldentec.html
589,https://www.ibyte.com.br/mochila-goldentec-oslo-para-notebook-15-6-preta-gt8605b.html
590,https://www.ibyte.com.br/notebook-samsung-essentials-e20-intel-dual-core-4gb-500gb-15-6.html
591,https://www.ibyte.com.br/notebook-expert-x50-samsung-intel-core-i7-de-8-gerac-o-led-hd-15-6-1-tb.html
592,https://www.ibyte.com.br/notebook-dell-inspiron-i15-3584-a10b-intel-core-i3-4gb-1tb-15-6-e-headset-goldentec-gt-soul-colors-azul.html
593,https://www.ibyte.com.br/notebook-dell-inspiron-i15-3583-a2xb-8-gerac-o-intel-core-i5-4gb-1tbheadset-goldentec-gt-soul-colors-azul.html
594,https://www.ibyte.com.br/modulo-isolador-estabilizado-g3-apc-500v.html
595,https://www.ibyte.com.br/estabilizador-apc-cubic-300va-bivolt-115v-preto-cubic300bi-br.html
596,https://www.ibyte.com.br/impressora-multifuncional-hp-deskjet-ink-advantage-2136-f5s30a.html
597,https://www.ibyte.com.br/cartucho-664-f6v29ab-ink-advantage-preto-hp.html
598,https://www.ibyte.com.br/cartucho-de-tinta-hp-664-tricolor-f6v28ab.html
599,https://www.ibyte.com.br/impressora-multifuncional-epson-ecotank-l3150.html
600,https://www.ibyte.com.br/refil-tinta-epson-t544120-al-preto.html
601,https://www.ibyte.com.br/refil-de-tinta-epson-t544-t544220-ciano.html
602,https://www.ibyte.com.br/refil-de-tinta-epson-magenta-t544320-al.html
603,https://www.ibyte.com.br/refil-de-tinta-epson-t544-amarelo.html
604,https://www.ibyte.com.br/teclado-mecanico-gamer-goldentec-gt-mechanical.html
605,https://www.ibyte.com.br/mouse-gamer-2400-dpi-gt-aura-goldentec-gt916.html
606,https://www.ibyte.com.br/refil-de-tinta-goldentec-compativel-com-epson-t6721-t6641-preto.html
607,https://www.ibyte.com.br/refil-de-tinta-goldentec-compativel-com-epson-t6642-t6722-cyano.html
608,https://www.ibyte.com.br/refil-de-tinta-goldentec-compativel-com-epson-t6643-t6723-magenta.html
609,https://www.ibyte.com.br/refil-de-tinta-goldentec-compativel-com-epson-t6644-t6724-yellow.html
610,https://www.ibyte.com.br/monitor-gamer-acer-led-27-widescreen-hdmi-vga-kg271-bmiix.html
611,https://www.ibyte.com.br/computador-gamer-goldentec-ggw10-com-intel-core-i5-9400f-2-9ghz-8gb-1tb-gtx-1050-ti-4gb-ddr5-win-10.html
612,https://www.ibyte.com.br/computador-goldentec-p-ggtw10-com-intel-core-i5-8400-2-8ghz-8gb-1tb-dvd-windows-10-home-2.html
613,https://www.ibyte.com.br/computador-goldentec-a-gcl-com-intel-celeron-dual-core-j1800-2-41ghz-4gb-ssd-120gb-dvd.html
614,https://www.ibyte.com.br/apresentador-goldentec-wireless-wpg02-com-touchpad.html
615,https://www.ibyte.com.br/suporte-de-teto-para-projetor-goldentec.html
616,https://www.ibyte.com.br/chromecast-3-full-hd-hdmi-google-ao0649.html
617,https://www.ibyte.com.br/projetor-benq-eco-friendly-svga-ms531.html
618,http://www.ibyte.com.br/como-comprar
619,http://www.ibyte.com.br/formas-de-pagamento
620,http://www.ibyte.com.br/prazo-de-entrega
621,http://www.ibyte.com.br/trocas-e-devolucoes
622,http://www.ibyte.com.br/garantias
623,http://www.ibyte.com.br/codigo-de-defesa-do-consumidor
624,https://ibs.ibyte.com.br/ibs/
625,https://www.whatsapp.com
626,http://www.ibyte.com.br/?l=az
627,http://www.ibyte.com.br/?l=af
628,http://www.ibyte.com.br/?l=id
629,http://www.ibyte.com.br/?l=ms
630,http://www.ibyte.com.br/?l=ca
631,http://www.ibyte.com.br/?l=cs
632,http://www.ibyte.com.br/?l=da
633,http://www.ibyte.com.br/?l=de
634,http://www.ibyte.com.br/?l=et
635,http://www.ibyte.com.br/?l=en
636,http://www.ibyte.com.br/?l=es
637,http://www.ibyte.com.br/?l=fr
638,http://www.ibyte.com.br/?l=ga
639,http://www.ibyte.com.br/?l=hr
640,http://www.ibyte.com.br/?l=it
641,http://www.ibyte.com.br/?l=sw
642,http://www.ibyte.com.br/?l=lv
643,http://www.ibyte.com.br/?l=lt
644,http://www.ibyte.com.br/?l=hu
645,http://www.ibyte.com.br/?l=nl
646,http://www.ibyte.com.br/?l=nb
647,http://www.ibyte.com.br/?l=uz
648,http://www.ibyte.com.br/?l=fil
649,http://www.ibyte.com.br/?l=pl
650,http://www.ibyte.com.br/?l=pt_br
651,http://www.ibyte.com.br/?l=pt_pt
652,http://www.ibyte.com.br/?l=ro
653,http://www.ibyte.com.br/?l=sq
654,http://www.ibyte.com.br/?l=sk
655,http://www.ibyte.com.br/?l=sl
656,http://www.ibyte.com.br/?l=fi
657,http://www.ibyte.com.br/?l=sv
658,http://www.ibyte.com.br/?l=vi
659,http://www.ibyte.com.br/?l=tr
660,http://www.ibyte.com.br/?l=el
661,http://www.ibyte.com.br/?l=bg
662,http://www.ibyte.com.br/?l=kk
663,http://www.ibyte.com.br/?l=mk
664,http://www.ibyte.com.br/?l=ru
665,http://www.ibyte.com.br/?l=sr
666,http://www.ibyte.com.br/?l=uk
667,http://www.ibyte.com.br/?l=he
668,http://www.ibyte.com.br/?l=ar
669,http://www.ibyte.com.br/?l=fa
670,http://www.ibyte.com.br/?l=ur
671,http://www.ibyte.com.br/?l=bn
672,http://www.ibyte.com.br/?l=hi
673,http://www.ibyte.com.br/?l=gu
674,http://www.ibyte.com.br/?l=kn
675,http://www.ibyte.com.br/?l=mr
676,http://www.ibyte.com.br/?l=ta
677,http://www.ibyte.com.br/?l=te
678,http://www.ibyte.com.br/?l=ml
679,http://www.ibyte.com.br/?l=th
680,http://www.ibyte.com.br/?l=zh_cn
681,http://www.ibyte.com.br/?l=zh_tw
682,http://www.ibyte.com.br/?l=ja
683,http://www.ibyte.com.br/?l=ko
684,https://translate.whatsapp.com
685,https://www.whatsapp.com/download
686,https://www.whatsapp.com/features/
687,https://www.whatsapp.com/security/
688,https://www.whatsapp.com/download/
689,https://web.whatsapp.com/
690,https://www.whatsapp.com/business/
691,https://www.whatsapp.com/about/
692,https://www.whatsapp.com/join/
693,https://www.whatsappbrand.com/
694,https://www.whatsapp.com/contact/
695,https://blog.whatsapp.com
696,https://www.whatsapp.com/android/
697,https://www.whatsapp.com/appstore/
698,https://www.whatsapp.com/wp/
699,https://www.whatsapp.com/nokia/
700,https://faq.whatsapp.com/
701,https://twitter.com/whatsapp
702,https://www.facebook.com/WhatsApp
703,https://www.whatsapp.com/legal/
704,https://www.ibyte.com.br/goldentec.html?limit=32
705,https://www.ibyte.com.br/goldentec.html?limit=60
706,https://www.ibyte.com.br/goldentec.html?limit=90
707,https://www.ibyte.com.br/goldentec.html?p=2
708,https://www.ibyte.com.br/goldentec.html?p=3
709,https://www.ibyte.com.br/goldentec.html?p=4
710,https://www.ibyte.com.br/goldentec.html?p=5
711,https://www.ibyte.com.br/cooler-goldentec-gt-fan1150-para-soquetes-1151-1150-1155-1156.html
712,https://www.ibyte.com.br/placa-mae-1155-tcn-h61-ddr3-box-com-hdmi.html
713,https://www.ibyte.com.br/fone-de-ouvido-bluetooth-goldentec-gt-white-com-microfone.html
714,https://www.ibyte.com.br/carregador-portatil-5000mah-para-celular-goldentec-gt5000-preta.html
715,https://www.ibyte.com.br/cabo-lightning-micro-usb-para-apple-mfi-goldentec-msh-ca-005-preto-1-metro.html
716,https://www.ibyte.com.br/mp4-8gb-lcd-1-8-goldentec-sport-a1809-azul.html
717,https://www.ibyte.com.br/carregador-portatil-multifuncional-12000mah-goldentec-gt12000rj11.html
718,https://www.ibyte.com.br/gabinete-sem-fonte-sx-gt11-gamer-goldentec.html
719,https://www.ibyte.com.br/cabo-2-em-1-premium-lightning-micro-usb-para-apple-mfi-goldentec-msh2em1bco-branco-1-metro.html
720,https://www.ibyte.com.br/memoria-ddr3-4gb-1333mhz-goldentec-gt-jddr3-4gb.html
721,https://www.ibyte.com.br/memoria-ddr3-8gb-1333mhz-goldentec-gt-jddr3-8gb.html
722,https://www.ibyte.com.br/memoria-ddr4-4gb-2400mhz-goldentec-gt-jddr4-4gb.html
723,https://www.ibyte.com.br/memoria-ddr4-8gb-2400mhz-goldentec-gt-jddr4-8gb.html
724,https://www.ibyte.com.br/computador-goldentec-f-gcl-com-intelr-coretm-i3-8100-3-6ghz-4gb-1tb.html
725,https://www.ibyte.com.br/computador-goldentec-f-gcw10vl-com-intel-core-i3-8100-3-6ghz-4gb-500gb-dvd-windows-10-home-sl-2.html
726,https://www.ibyte.com.br/computador-goldentec-n-gcl-com-intel-pentium-dual-core-g3220-3-0ghz-4gb-500gb-2.html
727,https://www.ibyte.com.br/computador-goldentec-a-gcl-com-intelr-celeronr-dual-core-j1800-2-41ghz-4gb-500gb-wifi-2.html
728,https://www.ibyte.com.br/computador-goldentec-p-gcl-com-intelr-coretm-i5-8400-2-8ghz-4gb-1tb.html
729,https://www.ibyte.com.br/computador-gamer-goldentec-com-intel-core-i3-8100-3-6ghz-8gb-1tb-gtx1050ti-win-10.html
730,https://www.ibyte.com.br/computador-gamer-goldentec-com-intel-core-i5-9400f-2-9ghz-8gb-2tb-dvd-rtx-2060-oc-6gb-win-10.html
731,https://www.ibyte.com.br/computador-gamer-goldentec-ggw10-com-intel-core-i5-9400f-2-9ghz-8gb-2tb-rtx2060oc-win-10.html
732,https://www.ibyte.com.br/computador-goldentec-f-gcw10pro-com-intel-core-i3-8100-3-6ghz-4gb-1tb-dvd-windows-10-pro-2.html
733,https://www.ibyte.com.br/computador-goldentec-f-gcw10pro-com-intelr-coretm-i3-8100-3-6ghz-4gb-ssd-240gb-windows-10-pro.html
734,https://www.ibyte.com.br/computador-goldentec-f-gcl-com-intel-2-geracao-core-i3-2100-3-1ghz-4gb-ssd-120gb.html
735,https://www.ibyte.com.br/goldentec/gamer.html?limit=32
736,https://www.ibyte.com.br/goldentec/gamer.html?limit=60
737,https://www.ibyte.com.br/goldentec/gamer.html?limit=90
738,https://www.ibyte.com.br/goldentec/gamer.html?p=2
739,https://www.ibyte.com.br/mouse-optico-goldentec-gt-power-gamer-preto.html
740,https://www.ibyte.com.br/teclado-usb-goldentec-gt-tgaming-preto-vermelho.html
741,https://www.ibyte.com.br/fonte-atx-350w-real-goldentec-fg-atx350-bivolt.html
742,https://www.ibyte.com.br/cooler-fan-gamer-12cm-goldentec-gt-flow-1200rpm-led-vermelho.html
743,https://www.ibyte.com.br/controle-dual-shock-goldentec-v2-para-pc-ps2-e-ps3.html
744,https://www.ibyte.com.br/controle-para-xbox-one-e-pc-dual-shock-goldentec-gt-one.html
745,https://www.ibyte.com.br/mousepad-com-apoio-em-gel-goldentec-confort-preto.html
746,https://www.ibyte.com.br/mousepad-gamer-goldentec-invictus-mpg355-medio-preto.html
747,https://www.ibyte.com.br/mouse-gt-gaming-3200-goldentec-usb-3200dpi.html
748,https://www.ibyte.com.br/mouse-gamer-usb-goldentec-gt-spectre-4000-dpi-gmspct.html
749,https://www.ibyte.com.br/cadeira-gamer-odissey-red-goldentec-cgg197.html
750,https://www.ibyte.com.br/mouse-gamer-rgb-goldentec-gt-strike-4000-dpi-gt3050.html
751,https://www.ibyte.com.br/mouse-gamer-3200-dpi-gt-accurate-goldentec-gt946.html
752,https://www.ibyte.com.br/fone-de-ouvido-goldentec-gt-gamer-preto-com-vermelho.html
753,https://www.tolvnow.com/chat/2_entry.php?key=6c4b761a28b734fe93831e3fb400ce87&vars=&page=http%3A%2F%2Fwww.ibyte.com.br%2F&depto=153&_=1540212701865
754,http://www.ibyte.com.br/#disponibilidade-14856
755,https://www.ibyte.com.br/teclado-gamer-gt-backlight-usb-goldentec.html
756,http://www.ibyte.com.br/#disponibilidade-27596
757,https://www.ibyte.com.br/mouse-gamer-goldentec-impactus-3200-dpi-gt203m.html
758,http://www.ibyte.com.br/#disponibilidade-30419
759,https://www.ibyte.com.br/gabinete-gamer-goldentec-7026-com-acrilico-lateral-led-fan-12cm-sem-fonte-preto.html
760,http://www.ibyte.com.br/#disponibilidade-30897
761,https://www.ibyte.com.br/cooler-fan-gamer-12cm-goldentec-gt-flow-1200rpm-led-verde.html
762,http://www.ibyte.com.br/#disponibilidade-31077
763,https://www.ibyte.com.br/controle-para-xbox-360-e-pc-dual-shock-goldentec-gt-360.html
764,http://www.ibyte.com.br/#disponibilidade-31318
765,https://www.ibyte.com.br/computador-gamer-goldentec-intel-core-i3-7100-3-9ghz-8gb-1tb-gtx1050oc-win10.html
766,http://www.ibyte.com.br/#disponibilidade-36632
767,https://www.ibyte.com.br/pc-gamer-goldentec-com-intel-core-i5-7400-3-0ghz-8gb-1tb-gtx1050oc-win10.html
768,http://www.ibyte.com.br/#disponibilidade-37121
769,https://www.ibyte.com.br/computador-gamer-goldentec-com-intel-pentium-dual-core-g4400-3-3ghz-8gb-1tb-gtx-1050-oc-2gb-ddr5.html
770,http://www.ibyte.com.br/#disponibilidade-38045
771,https://www.ibyte.com.br/computador-gamer-com-intel-pentium-dual-core-g4400-3-3ghz-8gb-1tb-gtx-1050-2gb-dvd-goldentec-ggl.html
772,http://www.ibyte.com.br/#disponibilidade-38046
773,https://www.ibyte.com.br/goldentec/gamer/fone-gamer.html?limit=32
774,https://www.ibyte.com.br/goldentec/gamer/fone-gamer.html?limit=60
775,https://www.ibyte.com.br/goldentec/gamer/fone-gamer.html?limit=90
776,https://www.ibyte.com.br/goldentec/gamer/teclado-gamer.html?limit=32
777,https://www.ibyte.com.br/goldentec/gamer/teclado-gamer.html?limit=60
778,https://www.ibyte.com.br/goldentec/gamer/teclado-gamer.html?limit=90
779,https://www.ibyte.com.br/goldentec/gamer/mouse-gamer.html?limit=32
780,https://www.ibyte.com.br/goldentec/gamer/mouse-gamer.html?limit=60
781,https://www.ibyte.com.br/goldentec/gamer/mouse-gamer.html?limit=90
782,https://www.ibyte.com.br/goldentec/gamer/acessorios-gamer.html?limit=32
783,https://www.ibyte.com.br/goldentec/gamer/acessorios-gamer.html?limit=60
784,https://www.ibyte.com.br/goldentec/gamer/acessorios-gamer.html?limit=90
785,https://www.ibyte.com.br/goldentec/gamer/cadeira-gamer.html?limit=32
786,https://www.ibyte.com.br/goldentec/gamer/cadeira-gamer.html?limit=60
787,https://www.ibyte.com.br/goldentec/gamer/cadeira-gamer.html?limit=90
788,https://www.ibyte.com.br/goldentec/fone-de-ouvido.html?limit=32
789,https://www.ibyte.com.br/goldentec/fone-de-ouvido.html?limit=60
790,https://www.ibyte.com.br/goldentec/fone-de-ouvido.html?limit=90
791,https://www.ibyte.com.br/goldentec/fone-de-ouvido.html?p=2
792,https://www.ibyte.com.br/fone-goldentec-gt-f50-basic-preto.html
793,https://www.ibyte.com.br/headset-goldentec-gt-soul-colors-roxo.html
794,https://www.ibyte.com.br/headset-goldentec-gt-soul-colors-azul.html
795,https://www.ibyte.com.br/headset-goldentec-gt-soul-colors-verde.html
796,https://www.ibyte.com.br/headset-goldentec-gt-soul-colors-vermelho.html
797,https://www.ibyte.com.br/headset-goldentec-gt-soul-colors-preto.html
798,https://www.ibyte.com.br/headphone-bluetooth-goldentec-gt-fun-bt235.html
799,https://www.ibyte.com.br/headphone-goldentec-gt-studio-pro.html
800,https://www.ibyte.com.br/fone-auricular-bluetooth-goldentec-active-preto-com-vermelho.html
801,https://www.ibyte.com.br/fone-auricular-gt-bass-goldentec-preto.html
802,http://www.ibyte.com.br/#disponibilidade-30808
803,https://www.ibyte.com.br/fone-auricular-gt-urb-goldentec-preto.html
804,http://www.ibyte.com.br/#disponibilidade-30807
805,https://www.ibyte.com.br/fone-auricular-gt-urb-goldentec-branco.html
806,http://www.ibyte.com.br/#disponibilidade-30806
807,https://www.ibyte.com.br/fone-de-ouvido-goldentec-gt-f2000-preto-com-laranja.html
808,http://www.ibyte.com.br/#disponibilidade-14857
809,https://www.ibyte.com.br/fone-de-ouvido-goldentec-gt-f100-prata-com-azul.html
810,http://www.ibyte.com.br/#disponibilidade-14854
811,https://www.ibyte.com.br/fone-de-ouvido-dobravel-goldentec-gt-studio-vermelho.html
812,http://www.ibyte.com.br/#disponibilidade-25957
813,https://www.ibyte.com.br/fone-auricular-goldentec-gt-move-amarelo-com-microfone-1-2-metros.html
814,http://www.ibyte.com.br/#disponibilidade-28137
815,https://www.ibyte.com.br/fone-de-ouvido-bluetooth-com-microfone-goldentec-gt013bt.html
816,http://www.ibyte.com.br/#disponibilidade-28193
817,https://www.ibyte.com.br/fone-de-ouvido-com-microfone-goldentec-gt-f216-preto.html
818,http://www.ibyte.com.br/#disponibilidade-28222
819,https://www.ibyte.com.br/goldentec/fone-de-ouvido/auricular.html?limit=32
820,https://www.ibyte.com.br/goldentec/fone-de-ouvido/auricular.html?limit=60
821,https://www.ibyte.com.br/goldentec/fone-de-ouvido/auricular.html?limit=90
822,https://www.ibyte.com.br/fone-de-ouvido-bluetooth-goldentec-gt-sport-vermelho-e-preto.html
823,http://www.ibyte.com.br/#disponibilidade-33400
824,https://www.ibyte.com.br/fone-auricular-gt-life-goldentec-azul-gt3001.html
825,http://www.ibyte.com.br/#disponibilidade-36343
826,https://www.ibyte.com.br/fone-auricular-gt-life-goldentec-vermelho-gt3001r.html
827,http://www.ibyte.com.br/#disponibilidade-36344
828,https://www.ibyte.com.br/fone-auricular-gt-life-goldentec-preto-gt3001b.html
829,http://www.ibyte.com.br/#disponibilidade-36345
830,https://www.ibyte.com.br/fone-auricular-goldentec-gt-free-preto-gt1p.html
831,http://www.ibyte.com.br/#disponibilidade-36403
832,https://www.ibyte.com.br/fone-auricular-goldentec-gt-vibe-preto-gt10p.html
833,http://www.ibyte.com.br/#disponibilidade-36405
834,https://www.ibyte.com.br/goldentec/fone-de-ouvido/headset.html?limit=32
835,https://www.ibyte.com.br/goldentec/fone-de-ouvido/headset.html?limit=60
836,https://www.ibyte.com.br/goldentec/fone-de-ouvido/headset.html?limit=90
837,https://www.ibyte.com.br/goldentec/fone-de-ouvido/bluetooth.html?limit=32
838,https://www.ibyte.com.br/goldentec/fone-de-ouvido/bluetooth.html?limit=60
839,https://www.ibyte.com.br/goldentec/fone-de-ouvido/bluetooth.html?limit=90
840,https://www.ibyte.com.br/goldentec/caixa-de-som.html?limit=32
841,https://www.ibyte.com.br/goldentec/caixa-de-som.html?limit=60
842,https://www.ibyte.com.br/goldentec/caixa-de-som.html?limit=90
843,https://www.ibyte.com.br/caixa-de-som-bluetooth-6w-rms-goldentec-gt-soundsync-gt201-madeira.html
844,https://www.ibyte.com.br/caixa-de-som-bluetooth-6w-rms-goldentec-gt-soundsync-gt201p-preta.html
845,https://www.ibyte.com.br/caixa-de-som-3w-bluetooth-gt-pure-gold-goldentec.html
846,https://www.ibyte.com.br/caixa-de-som-6-0w-rms-goldentec-gt-music-branco-azul.html
847,https://www.ibyte.com.br/caixa-de-som-6-0w-rms-goldentec-gt-music-preto-laranja.html
848,https://www.ibyte.com.br/caixa-de-som-6-0w-rms-goldentec-gt-sound-2-0-preto-azul.html
849,https://www.ibyte.com.br/caixa-de-som-amplificadora-150w-rms-goldentec-gt-sound-pro-preta.html
850,https://www.ibyte.com.br/caixa-de-som-bluetooth-20w-rms-goldentec-gt-inspire-2-vermelha.html
851,http://www.ibyte.com.br/#disponibilidade-35065
852,https://www.ibyte.com.br/caixa-de-som-torre-500w-rms-dj-mixer-goldentec-bluetooth-2-usbs-funcao-dj-csdjg1206.html
853,http://www.ibyte.com.br/#disponibilidade-36446
854,https://www.ibyte.com.br/caixa-de-som-400w-rms-dj-party-goldentec-cxdjg606-com-bluetooth-e-2-usbs.html
855,http://www.ibyte.com.br/#disponibilidade-36447
856,https://www.ibyte.com.br/mini-caixa-de-som-portatil-gt-mobile-music-goldentec-vermelha.html
857,http://www.ibyte.com.br/#disponibilidade-14591
858,https://www.ibyte.com.br/caixa-de-som-portatil-gt-mobile-music-goldentec-azul.html
859,http://www.ibyte.com.br/#disponibilidade-14590
860,https://www.ibyte.com.br/caixa-de-som-portatil-5w-rms-goldentec-gt-power-music-preta.html
861,http://www.ibyte.com.br/#disponibilidade-14908
862,https://www.ibyte.com.br/caixa-som-goldentec-gt-power-music-style-rosa.html
863,http://www.ibyte.com.br/#disponibilidade-21604
864,https://www.ibyte.com.br/caixa-som-portatil-5w-rms-goldentec-gt-power-plus-preta.html
865,http://www.ibyte.com.br/#disponibilidade-21601
866,https://www.ibyte.com.br/caixa-de-som-portatil-5w-rms-goldentec-gt-power-plus-roxa.html
867,http://www.ibyte.com.br/#disponibilidade-21602
868,https://www.ibyte.com.br/caixa-de-som-bluetooth-3-0-goldentec-gt-68p500-nfc-branca.html
869,http://www.ibyte.com.br/#disponibilidade-25487
870,https://www.ibyte.com.br/caixa-de-som-bluetooth-4-0-gt-minibox-sound-goldentec.html
871,http://www.ibyte.com.br/#disponibilidade-25655
872,https://www.ibyte.com.br/caixa-de-som-gt-mini-sound-bluetooth-6w-rms-goldentec-gtb28-preta.html
873,http://www.ibyte.com.br/#disponibilidade-27361
874,https://www.ibyte.com.br/caixa-de-som-gt-minibox-sound-1-5w-rms-bluetooth-3-0-goldentec-miniv2.html
875,http://www.ibyte.com.br/#disponibilidade-28000
876,https://www.ibyte.com.br/caixa-de-som-bluetooth-20w-rms-goldentec-gt-inspire-inspblu-aluminio.html
877,http://www.ibyte.com.br/#disponibilidade-28059
878,https://www.ibyte.com.br/caixa-de-som-amplificadora-goldentec-100w-gt-extreme-preta.html
879,http://www.ibyte.com.br/#disponibilidade-31785
880,https://www.ibyte.com.br/caixa-de-som-amplificadora-goldentec-100w-gt-extreme-v2-branca.html
881,http://www.ibyte.com.br/#disponibilidade-32970
882,https://www.ibyte.com.br/goldentec/caixa-de-som/p2.html?limit=32
883,https://www.ibyte.com.br/goldentec/caixa-de-som/p2.html?limit=60
884,https://www.ibyte.com.br/goldentec/caixa-de-som/p2.html?limit=90
885,https://www.ibyte.com.br/goldentec/caixa-de-som/bluetooth.html?limit=32
886,https://www.ibyte.com.br/goldentec/caixa-de-som/bluetooth.html?limit=60
887,https://www.ibyte.com.br/goldentec/caixa-de-som/bluetooth.html?limit=90
888,https://www.ibyte.com.br/goldentec/caixa-de-som/amplificada.html?limit=32
889,https://www.ibyte.com.br/goldentec/caixa-de-som/amplificada.html?limit=60
890,https://www.ibyte.com.br/goldentec/caixa-de-som/amplificada.html?limit=90
891,https://www.ibyte.com.br/goldentec/baterias-e-carregadores.html?limit=32
892,https://www.ibyte.com.br/goldentec/baterias-e-carregadores.html?limit=60
893,https://www.ibyte.com.br/goldentec/baterias-e-carregadores.html?limit=90
894,https://www.ibyte.com.br/carregador-veicular-com-2-entradas-usb-goldentec-cag01.html
895,https://www.ibyte.com.br/carregador-de-parede-goldentec-gt4usb-com-4-usb-branco.html
896,https://www.ibyte.com.br/carregador-portatil-premium-5000mah-power-bank-goldentec-silver-gt50silver.html
897,https://www.ibyte.com.br/carregador-portatil-8000mah-para-celular-goldentec-gt-8000-v2.html
898,http://www.ibyte.com.br/#disponibilidade-35084
899,https://www.ibyte.com.br/carregador-portatil-sem-fio-8000mah-goldentec-gtduopower.html
900,http://www.ibyte.com.br/#disponibilidade-35264
901,https://www.ibyte.com.br/carregador-portatil-8000mah-para-celular-goldentec-gt8000.html
902,http://www.ibyte.com.br/#disponibilidade-28536
903,https://www.ibyte.com.br/carregador-de-parede-goldentec-gt2usb-com-2-usb-branco.html
904,http://www.ibyte.com.br/#disponibilidade-29002
905,https://www.ibyte.com.br/carregador-portatil-gt-premium-10-000mah-silver-goldentec-gt13dsilver.html
906,http://www.ibyte.com.br/#disponibilidade-31182
907,https://www.ibyte.com.br/carregador-portatil-gt-premium-10-000mah-gold-goldentec-gt13dgold.html
908,http://www.ibyte.com.br/#disponibilidade-31183
909,https://www.ibyte.com.br/bateria-premium-5000mah-power-bank-goldentec-gold-gt50gold.html
910,http://www.ibyte.com.br/#disponibilidade-31326
911,https://www.ibyte.com.br/goldentec/baterias-e-carregadores/carregadores.html?limit=32
912,https://www.ibyte.com.br/goldentec/baterias-e-carregadores/carregadores.html?limit=60
913,https://www.ibyte.com.br/goldentec/baterias-e-carregadores/carregadores.html?limit=90
914,https://www.ibyte.com.br/goldentec/baterias-e-carregadores/portateis.html?limit=32
915,https://www.ibyte.com.br/goldentec/baterias-e-carregadores/portateis.html?limit=60
916,https://www.ibyte.com.br/goldentec/baterias-e-carregadores/portateis.html?limit=90
917,https://www.ibyte.com.br/goldentec/teclado-e-mouse.html?limit=32
918,https://www.ibyte.com.br/goldentec/teclado-e-mouse.html?limit=60
919,https://www.ibyte.com.br/goldentec/teclado-e-mouse.html?limit=90
920,https://www.ibyte.com.br/mouse-optico-sem-fio-usb-goldentec-gt-wsl-branco.html
921,https://www.ibyte.com.br/mini-mouse-optico-sem-fio-goldentec-gt-w3c-com-3-cores.html
922,https://www.ibyte.com.br/mini-mouse-retratil-goldentec-gt-colors-verde.html
923,https://www.ibyte.com.br/mini-mouse-retratil-goldentec-gt-colors-vermelho.html
924,https://www.ibyte.com.br/mini-mouse-retratil-goldentec-gt-colors-rosa.html
925,https://www.ibyte.com.br/teclado-usb-goldentec-gt850-pteto.html
926,https://www.ibyte.com.br/mouse-optico-goldentec-sk9935-800-1200dpi-preto.html
927,https://www.ibyte.com.br/teclado-sem-fio-touchpad-goldentec.html
928,https://www.ibyte.com.br/mouse-optico-goldentec-gt150-1000dpi-usb.html
929,https://www.ibyte.com.br/kit-teclado-e-mouse-com-fio-goldentec-gt-black.html
930,https://www.ibyte.com.br/teclado-numerico-usb-goldentec-tng01-preto.html
931,https://www.ibyte.com.br/mini-mouse-optico-usb-com-cabo-retratil-goldentec-gt-r300-black-piano.html
932,http://www.ibyte.com.br/#disponibilidade-14493
933,https://www.ibyte.com.br/mini-mouse-retratil-goldentec-gt-colors-laranja.html
934,http://www.ibyte.com.br/#disponibilidade-16785
935,https://www.ibyte.com.br/teclado-multimidia-usb-goldentec-preto-usb-g100.html
936,http://www.ibyte.com.br/#disponibilidade-20231
937,https://www.ibyte.com.br/mouse-sem-fio-recarregavel-gt-compact-1200dpi-goldentec.html
938,http://www.ibyte.com.br/#disponibilidade-34062
939,https://www.ibyte.com.br/teclado-e-mouse-sem-fio-goldentec-gt-compact-gt239.html
940,http://www.ibyte.com.br/#disponibilidade-37064
941,https://www.ibyte.com.br/goldentec/teclado-e-mouse/teclado.html?limit=32
942,https://www.ibyte.com.br/goldentec/teclado-e-mouse/teclado.html?limit=60
943,https://www.ibyte.com.br/goldentec/teclado-e-mouse/teclado.html?limit=90
944,https://www.ibyte.com.br/goldentec/teclado-e-mouse/teclado/gamer.html?limit=32
945,https://www.ibyte.com.br/goldentec/teclado-e-mouse/teclado/gamer.html?limit=60
946,https://www.ibyte.com.br/goldentec/teclado-e-mouse/teclado/gamer.html?limit=90
947,https://www.ibyte.com.br/goldentec/teclado-e-mouse/mouse.html?limit=32
948,https://www.ibyte.com.br/goldentec/teclado-e-mouse/mouse.html?limit=60
949,https://www.ibyte.com.br/goldentec/teclado-e-mouse/mouse.html?limit=90
950,https://www.ibyte.com.br/goldentec/teclado-e-mouse/mouse/com-fio.html?limit=32
951,https://www.ibyte.com.br/goldentec/teclado-e-mouse/mouse/com-fio.html?limit=60
952,https://www.ibyte.com.br/goldentec/teclado-e-mouse/mouse/com-fio.html?limit=90
953,https://www.ibyte.com.br/goldentec/teclado-e-mouse/mouse/sem-fio.html?limit=32
954,https://www.ibyte.com.br/goldentec/teclado-e-mouse/mouse/sem-fio.html?limit=60
955,https://www.ibyte.com.br/goldentec/teclado-e-mouse/mouse/sem-fio.html?limit=90
956,https://www.ibyte.com.br/goldentec/pastas-cases-e-mochilas.html?limit=32
957,https://www.ibyte.com.br/goldentec/pastas-cases-e-mochilas.html?limit=60
958,https://www.ibyte.com.br/goldentec/pastas-cases-e-mochilas.html?limit=90
959,https://www.ibyte.com.br/goldentec/pastas-cases-e-mochilas.html?p=2
960,https://www.ibyte.com.br/case-goldentec-para-tablet-10-em-neoprene-preta.html
961,https://www.ibyte.com.br/bolsa-feminina-goldentec-para-notebook-15-6-bege.html
962,https://www.ibyte.com.br/mochila-goldentec-pt1-nylon-para-notebook-15-6-preto-com-cinza.html
963,https://www.ibyte.com.br/mochila-goldentec-prime-para-notebook-15-6-nylon-marrom.html
964,https://www.ibyte.com.br/bolsa-feminina-para-notebook-15-6-goldentec-lsw1012-preta.html
965,https://www.ibyte.com.br/mochila-feminina-para-notebook-14-1-goldentec-lsb6262b-roxa.html
966,https://www.ibyte.com.br/case-para-notebook-14-1-neoprene-goldentec-com-bolso-preta.html
967,https://www.ibyte.com.br/case-goldentec-com-alca-externa-para-notebook-15-6-preta.html
968,https://www.ibyte.com.br/case-para-notebook-15-6-goldentec-com-bolso-smash-preta.html
969,https://www.ibyte.com.br/case-para-notebook-15-light-preta-goldentec-lsn1062black.html
970,https://www.ibyte.com.br/mochila-goldentec-essential-para-notebook-15-6-cinza-gt8495b.html
971,https://www.ibyte.com.br/mochila-goldentec-outdoor-para-notebook-15-6-preta-gt7999d.html
972,https://www.ibyte.com.br/mochila-goldentec-security-p-notebook-15-6-preto-c-cinza-gt8796-1.html
973,https://www.ibyte.com.br/mochila-goldentec-trip-para-notebook-15-6-nylon-preta.html
974,http://www.ibyte.com.br/#disponibilidade-25205
975,https://www.ibyte.com.br/case-neoprene-goldentec-graphic-preta-notebook-de-14.html
976,http://www.ibyte.com.br/#disponibilidade-24883
977,https://www.ibyte.com.br/case-neoprene-goldentec-graphic-rosa-notebook-15.html
978,http://www.ibyte.com.br/#disponibilidade-24889
979,https://www.ibyte.com.br/case-tablet-7-neoprene-goldentec-preta.html
980,http://www.ibyte.com.br/#disponibilidade-25290
981,https://www.ibyte.com.br/mochila-goldentec-light-notebook-15-6-nylon-cinza.html
982,http://www.ibyte.com.br/#disponibilidade-25206
983,https://www.ibyte.com.br/case-notebook-14-goldentec-alto-relevo-neoprene-preta.html
984,http://www.ibyte.com.br/#disponibilidade-24565
985,https://www.ibyte.com.br/case-universal-articulada-tablet-7-goldentec-confort-azul.html
986,http://www.ibyte.com.br/#disponibilidade-25839
987,https://www.ibyte.com.br/case-universal-articulada-tablet-7-goldentec-vermelha.html
988,http://www.ibyte.com.br/#disponibilidade-25838
989,https://www.ibyte.com.br/case-universal-articulada-tablet-7-goldentec-azul.html
990,http://www.ibyte.com.br/#disponibilidade-25837
991,https://www.ibyte.com.br/case-universal-para-tablets-7-goldentec-esporte-verde.html
992,http://www.ibyte.com.br/#disponibilidade-25834
993,https://www.ibyte.com.br/case-para-notebook-14-1-goldentec-prime-marrom.html
994,http://www.ibyte.com.br/#disponibilidade-27884
995,https://www.ibyte.com.br/case-envelope-para-notebook-15-neoprene-goldentec-preta.html
996,http://www.ibyte.com.br/#disponibilidade-27883
997,https://www.ibyte.com.br/case-envelope-para-notebook-14-neoprene-goldentec-color.html
998,http://www.ibyte.com.br/#disponibilidade-27882
999,https://www.ibyte.com.br/bolsa-feminina-para-notebook-14-1-goldentec-lsw7458-roxa.html
1000,http://www.ibyte.com.br/#disponibilidade-28203
1001,https://www.ibyte.com.br/mochila-goldentec-lsb7428-em-nylon-para-notebook-15-6-cinza.html
1002,http://www.ibyte.com.br/#disponibilidade-28206
1003,https://www.ibyte.com.br/case-universal-para-tablets-7-goldentec-estampas-gld520719.html
1004,http://www.ibyte.com.br/#disponibilidade-28454
