id,links
0,http://www.kabum.com.br/#
1,https://www.kabum.com.br/cgi-local/site/institucional/sobre.cgi
2,https://www.kabum.com.br/cgi-local/site/institucional/politicas.cgi
3,https://www.kabum.com.br/hardware
4,https://www.kabum.com.br/hardware/controladoras
5,https://www.kabum.com.br/hardware/rede-wireless-sem-fio
6,https://www.kabum.com.br/hardware/rede-wired-com-fio
7,https://www.kabum.com.br/hardware/ssd-2-5
8,https://www.kabum.com.br/hardware/placas-de-som
9,https://www.kabum.com.br/hardware/processadores
10,https://www.kabum.com.br/hardware/placas-mae
11,https://www.kabum.com.br/hardware/switch-kvm
12,https://www.kabum.com.br/hardware/placas-tv-edicao
13,https://www.kabum.com.br/hardware/modem
14,https://www.kabum.com.br/hardware/memoria-ram
15,https://www.kabum.com.br/hardware/fontes
16,https://www.kabum.com.br/hardware/drives
17,https://www.kabum.com.br/hardware/disco-rigido-hd
18,https://www.kabum.com.br/hardware/coolers
19,https://www.kabum.com.br/hardware/placa-de-video-vga
20,http://www.kabum.com.br/monteoseu
21,https://www.kabum.com.br/celular-telefone/smartphones
22,https://www.kabum.com.br/celular-telefone/smartphones/alcatel
23,https://www.kabum.com.br/celular-telefone/smartphones/quantum
24,https://www.kabum.com.br/celular-telefone/smartphones/lenovo
25,https://www.kabum.com.br/celular-telefone/smartphones/tp-link
26,https://www.kabum.com.br/celular-telefone/smartphones/dl
27,https://www.kabum.com.br/celular-telefone/smartphones/mirage
28,https://www.kabum.com.br/celular-telefone/smartphones/meizu
29,https://www.kabum.com.br/celular-telefone/smartphones/c3tech
30,https://www.kabum.com.br/celular-telefone/smartphones/tcl
31,https://www.kabum.com.br/celular-telefone/smartphones/semp-go
32,https://www.kabum.com.br/celular-telefone/smartphones/qbex
33,https://www.kabum.com.br/celular-telefone/smartphones/microsoft
34,https://www.kabum.com.br/celular-telefone/smartphones/apple
35,https://www.kabum.com.br/celular-telefone/smartphones/lg
36,https://www.kabum.com.br/celular-telefone/smartphones/motorola
37,https://www.kabum.com.br/celular-telefone/smartphones/positivo
38,https://www.kabum.com.br/celular-telefone/smartphones/sony
39,https://www.kabum.com.br/celular-telefone/smartphones/samsung
40,https://www.kabum.com.br/celular-telefone/smartphones/multilaser
41,https://www.kabum.com.br/celular-telefone/smartphones/blu
42,https://www.kabum.com.br/celular-telefone/smartphones/asus
43,https://www.kabum.com.br/celular-telefone/smartphones/xiaomi
44,http://www.kabum.com.br/celular-telefone/smartphones/samsung
45,https://www.kabum.com.br/perifericos
46,https://www.kabum.com.br/perifericos/acessorios
47,https://www.kabum.com.br/perifericos/mesa-digitalizadora
48,https://www.kabum.com.br/perifericos/video-conferencia
49,https://www.kabum.com.br/perifericos/pen-drive
50,https://www.kabum.com.br/perifericos/gabinetes
51,https://www.kabum.com.br/perifericos/suprimentos
52,https://www.kabum.com.br/perifericos/webcam
53,https://www.kabum.com.br/perifericos/som-acessorios
54,https://www.kabum.com.br/perifericos/energia
55,https://www.kabum.com.br/perifericos/suportes
56,https://www.kabum.com.br/perifericos/bolsas
57,https://www.kabum.com.br/perifericos/cabos
58,https://www.kabum.com.br/perifericos/adaptadores
59,https://www.kabum.com.br/perifericos/escritorio
60,https://www.kabum.com.br/perifericos/teclado-mouse
61,http://www.kabum.com.br/cgi-local/site/listagem/listagem.cgi?string=razer
62,https://www.kabum.com.br/computadores
63,https://www.kabum.com.br/computadores/computadores
64,https://www.kabum.com.br/computadores/computador-gamer
65,https://www.kabum.com.br/computadores/tablets
66,https://www.kabum.com.br/computadores/softwares
67,https://www.kabum.com.br/computadores/servidores
68,https://www.kabum.com.br/computadores/scanners
69,https://www.kabum.com.br/computadores/impressoras
70,https://www.kabum.com.br/computadores/notebooks-ultrabooks
71,https://www.kabum.com.br/computadores/notebook-gamer
72,https://www.kabum.com.br/computadores/monitores
73,http://www.kabum.com.br/computadores/softwares/office
74,https://www.kabum.com.br/hardware/placa-de-video-vga/acessorios
75,https://www.kabum.com.br/hardware/placa-de-video-vga/amd-ati
76,https://www.kabum.com.br/hardware/placa-de-video-vga/nvidia
77,http://www.kabum.com.br/hardware/placa-de-video-vga/nvidia/geforce-rtx
78,https://www.kabum.com.br/computadores/monitores/lcd
79,https://www.kabum.com.br/computadores/monitores/led
80,https://www.kabum.com.br/computadores/monitores/gamers
81,https://www.kabum.com.br/computadores/monitores/profissionais-lfd
82,http://www.kabum.com.br/cgi-local/site/listagem/listagem.cgi?string=monitor+lg
83,https://www.kabum.com.br/perifericos/teclado-mouse/mouse-com-fio
84,https://www.kabum.com.br/perifericos/teclado-mouse/teclado-mouse-gamer
85,https://www.kabum.com.br/perifericos/teclado-mouse/teclado-gamer
86,https://www.kabum.com.br/perifericos/teclado-mouse/mouse-gamer
87,https://www.kabum.com.br/perifericos/teclado-mouse/mouse-mouse-pad-combo
88,https://www.kabum.com.br/perifericos/teclado-mouse/mouse-pad
89,https://www.kabum.com.br/perifericos/teclado-mouse/teclado-mouse-combo
90,https://www.kabum.com.br/perifericos/teclado-mouse/teclado-sem-fio
91,https://www.kabum.com.br/perifericos/teclado-mouse/teclado-com-fio
92,https://www.kabum.com.br/perifericos/teclado-mouse/mouse-sem-fio
93,https://www.kabum.com.br/perifericos/teclado-mouse/kit-gamer
94,http://www.kabum.com.br/cgi-local/site/listagem/listagem.cgi?string=hyperx
95,https://www.kabum.com.br/gamer
96,https://www.kabum.com.br/gamer/playstation-3
97,https://www.kabum.com.br/gamer/nintendo-switch
98,https://www.kabum.com.br/gamer/cadeiras-gamer
99,https://www.kabum.com.br/gamer/tectoy
100,https://www.kabum.com.br/gamer/e-sports
101,https://www.kabum.com.br/gamer/pc
102,https://www.kabum.com.br/gamer/playstation-4
103,https://www.kabum.com.br/gamer/xbox-one
104,https://www.kabum.com.br/gamer/xbox-360
105,https://www.kabum.com.br/gamer/mesa-gamer
106,http://www.kabum.com.br/cgi-local/site/listagem/listagem.cgi?string=cadeira+gamer&btnG=
107,https://www.kabum.com.br/cameras-digitais/cartoes-de-memoria
108,http://www.kabum.com.br/cgi-local/site/listagem/listagem.cgi?string=seagate&
109,https://www.kabum.com.br/eletronicos
110,https://www.kabum.com.br/brinquedos
111,https://www.kabum.com.br/celular-telefone
112,https://www.kabum.com.br/presentes
113,https://www.kabum.com.br/beleza-saude
114,https://www.kabum.com.br/casa-jardim
115,https://www.kabum.com.br/esporte-e-lazer
116,https://www.kabum.com.br/automacao
117,https://www.kabum.com.br/eletroportateis
118,https://www.kabum.com.br/video-som
119,https://www.kabum.com.br/automotivo
120,https://www.kabum.com.br/seguranca
121,https://www.kabum.com.br/relogios
122,https://www.kabum.com.br/instrumento-musical
123,https://www.kabum.com.br/cameras-digitais
124,https://www.kabum.com.br/smart-home
125,https://www.kabum.com.br/cgi-local/site/tools/banner.cgi?W=Lx1067&int_banner_name=THEME-HORA-DO-PLAY&int_banner_position=tematizacao_home
126,https://www.kabum.com.br/cgi-local/site/tools/banner.cgi?W=LTx1067&int_banner_name=THEME-HORA-DO-PLAY&int_banner_position=tematizacao_home
127,https://www.kabum.com.br/celular-telefone/smartphones/apple?int_banner_name=apple&int_banner_position=carrossel_topo_home
128,https://www.kabum.com.br/hardware/disco-rigido-hd?int_banner_name=disco-rigido-hd&int_banner_position=carrossel_topo_home
129,https://www.kabum.com.br/gamer?int_banner_name=gamer&int_banner_position=carrossel_topo_home
130,https://www.kabum.com.br/perifericos/som-acessorios/headphone-gamer?int_banner_name=headphone-gamer&int_banner_position=carrossel_topo_home
131,https://www.kabum.com.br/hardware/memoria-ram?int_banner_name=memoria-ram&int_banner_position=carrossel_topo_home
132,https://www.kabum.com.br/computadores/monitores?int_banner_name=monitores&int_banner_position=carrossel_topo_home
133,https://www.kabum.com.br/perifericos/pen-drive?int_banner_name=pen-drive&int_banner_position=carrossel_topo_home
134,https://www.kabum.com.br/hardware/placa-de-video-vga?int_banner_name=placa-de-video-vga&int_banner_position=carrossel_topo_home
135,https://www.kabum.com.br/hardware/placas-mae?int_banner_name=placas-mae&int_banner_position=carrossel_topo_home
136,https://www.kabum.com.br/hardware/processadores?int_banner_name=processadores&int_banner_position=carrossel_topo_home
137,https://www.kabum.com.br/hardware/rede-wireless-sem-fio?int_banner_name=rede-wireless-sem-fio&int_banner_position=carrossel_topo_home
138,https://www.kabum.com.br/celular-telefone/smartphones?int_banner_name=smartphones&int_banner_position=carrossel_topo_home
139,https://www.kabum.com.br/hardware/ssd-2-5?int_banner_name=ssd-2-5&int_banner_position=carrossel_topo_home
140,https://www.kabum.com.br/perifericos/teclado-mouse?int_banner_name=teclado-mouse&int_banner_position=carrossel_topo_home
141,https://www.kabum.com.br/celular-telefone/celulares
142,https://www.kabum.com.br/celular-telefone/smartphones-acessorios
143,https://www.kabum.com.br/celular-telefone/telefones
144,https://www.kabum.com.br/eletronicos/calculadoras
145,https://www.kabum.com.br/eletronicos/player-de-midia-hd
146,https://www.kabum.com.br/eletronicos/quadricoptero-drone
147,https://www.kabum.com.br/eletronicos/walk-talk
148,https://www.kabum.com.br/cameras-digitais/acessorios
149,https://www.kabum.com.br/cameras-digitais/camera-de-aventura
150,https://www.kabum.com.br/cameras-digitais/camera-instantanea
151,https://www.kabum.com.br/cameras-digitais/cameras-digitais
152,https://www.kabum.com.br/cameras-digitais/estabilizador-de-imagem-
153,https://www.kabum.com.br/cameras-digitais/linha-profissional
154,https://www.kabum.com.br/cameras-digitais/telescopio
155,https://www.kabum.com.br/instrumento-musical/bateria-e-percussao
156,https://www.kabum.com.br/instrumento-musical/instrumentos-de-cordas
157,https://www.kabum.com.br/instrumento-musical/pro-audio
158,https://www.kabum.com.br/seguranca/acessorio-cftv
159,https://www.kabum.com.br/seguranca/acessorios-
160,https://www.kabum.com.br/seguranca/alarmes
161,https://www.kabum.com.br/seguranca/baba-eletronica
162,https://www.kabum.com.br/seguranca/cameras
163,https://www.kabum.com.br/seguranca/controle-de-acesso
164,https://www.kabum.com.br/seguranca/dvr
165,https://www.kabum.com.br/seguranca/-fechaduras
166,https://www.kabum.com.br/seguranca/gravador
167,https://www.kabum.com.br/seguranca/-iluminacao
168,https://www.kabum.com.br/seguranca/kit-monitoramento
169,https://www.kabum.com.br/seguranca/porteiro
170,https://www.kabum.com.br/automotivo/acessorios-exterior
171,https://www.kabum.com.br/automotivo/cd-mp3-player
172,https://www.kabum.com.br/automotivo/iluminacao
173,https://www.kabum.com.br/automotivo/som-automotivo
174,https://www.kabum.com.br/automotivo/tuning
175,https://www.kabum.com.br/automotivo/vidro-eletrico
176,https://www.kabum.com.br/video-som/acessorios-tv
177,https://www.kabum.com.br/video-som/antena-de-tv
178,https://www.kabum.com.br/video-som/aparelho-de-som-
179,https://www.kabum.com.br/video-som/conversor-dtv
180,https://www.kabum.com.br/video-som/dvd
181,https://www.kabum.com.br/video-som/home-theater-
182,https://www.kabum.com.br/video-som/projetor
183,https://www.kabum.com.br/video-som/receptores-de-tv
184,https://www.kabum.com.br/video-som/soundbar
185,https://www.kabum.com.br/video-som/suportes
186,https://www.kabum.com.br/video-som/tv
187,https://www.kabum.com.br/smart-home/cameras
188,https://www.kabum.com.br/smart-home/lampada-led
189,https://www.kabum.com.br/eletroportateis/abridor-de-vinho
190,https://www.kabum.com.br/eletroportateis/adega
191,https://www.kabum.com.br/eletroportateis/aquecedor
192,https://www.kabum.com.br/eletroportateis/ar-portatil
193,https://www.kabum.com.br/eletroportateis/armadilha-para-mosquito
194,https://www.kabum.com.br/eletroportateis/aspirador-de-po
195,https://www.kabum.com.br/eletroportateis/aspirador-de-po-portatil
196,https://www.kabum.com.br/eletroportateis/balanca
197,https://www.kabum.com.br/eletroportateis/batedeira
198,https://www.kabum.com.br/eletroportateis/bebedouro
199,https://www.kabum.com.br/eletroportateis/beleza-e-saude
200,https://www.kabum.com.br/eletroportateis/blender-shake
201,https://www.kabum.com.br/eletroportateis/cafeteira
202,https://www.kabum.com.br/eletroportateis/cervejeira
203,https://www.kabum.com.br/eletroportateis/chaleira
204,https://www.kabum.com.br/eletroportateis/churrasqueira
205,https://www.kabum.com.br/eletroportateis/churrasqueira-eletrica
206,https://www.kabum.com.br/eletroportateis/climatizador
207,https://www.kabum.com.br/eletroportateis/cortador-de-cabelo
208,https://www.kabum.com.br/eletroportateis/crepeira
209,https://www.kabum.com.br/eletroportateis/desumidificador
210,https://www.kabum.com.br/eletroportateis/espremedor
211,https://www.kabum.com.br/eletroportateis/fatiador
212,https://www.kabum.com.br/eletroportateis/ferro-a-seco
213,https://www.kabum.com.br/eletroportateis/ferro-a-vapor
214,https://www.kabum.com.br/eletroportateis/forno-eletrico
215,https://www.kabum.com.br/eletroportateis/frigobar-
216,https://www.kabum.com.br/eletroportateis/fritadeira-sem-oleo
217,https://www.kabum.com.br/eletroportateis/grill
218,https://www.kabum.com.br/eletroportateis/liquidificador
219,https://www.kabum.com.br/eletroportateis/maquina-de-algodao-doce
220,https://www.kabum.com.br/eletroportateis/maquina-de-sorvete
221,https://www.kabum.com.br/eletroportateis/maquina-de-waffle
222,https://www.kabum.com.br/eletroportateis/microondas
223,https://www.kabum.com.br/eletroportateis/mixer
224,https://www.kabum.com.br/eletroportateis/moedor-de-cafe
225,https://www.kabum.com.br/eletroportateis/multiprocessador
226,https://www.kabum.com.br/eletroportateis/omeleteira
227,https://www.kabum.com.br/eletroportateis/panela-de-pressao
228,https://www.kabum.com.br/eletroportateis/panela-eletrica
229,https://www.kabum.com.br/eletroportateis/panificadora
230,https://www.kabum.com.br/eletroportateis/passadeira-a-vapor
231,https://www.kabum.com.br/eletroportateis/pipoqueira
232,https://www.kabum.com.br/eletroportateis/processadores
233,https://www.kabum.com.br/eletroportateis/purificador-de-agua
234,https://www.kabum.com.br/eletroportateis/ralador-eletrico
235,https://www.kabum.com.br/eletroportateis/sanduicheira-e-grill
236,https://www.kabum.com.br/eletroportateis/torradeira
237,https://www.kabum.com.br/eletroportateis/tostador
238,https://www.kabum.com.br/eletroportateis/umidificador
239,https://www.kabum.com.br/eletroportateis/vaporizador
240,https://www.kabum.com.br/eletroportateis/ventilador
241,https://www.kabum.com.br/automacao/combo
242,https://www.kabum.com.br/automacao/gavetas
243,https://www.kabum.com.br/automacao/impressora
244,https://www.kabum.com.br/automacao/leitores
245,https://www.kabum.com.br/automacao/porta-cedulas
246,https://www.kabum.com.br/automacao/rotulador
247,https://www.kabum.com.br/automacao/sat-fiscal
248,https://www.kabum.com.br/automacao/terminais
249,https://www.kabum.com.br/brinquedos/drone-
250,https://www.kabum.com.br/brinquedos/personagens
251,https://www.kabum.com.br/esporte-e-lazer/bicicleta
252,https://www.kabum.com.br/esporte-e-lazer/lutas-artes-marciais
253,https://www.kabum.com.br/casa-jardim/iluminacao
254,https://www.kabum.com.br/presentes/escritorio
255,https://www.kabum.com.br/ofertas/ofertadodia?int_banner_name=ofertadodia&int_banner_position=kbar
256,https://www.kabum.com.br/monteoseu/?int_banner_name=monteoseu&int_banner_position=kbar
257,https://www.kabum.com.br/cgi-local/site/tools/banner.cgi?W=Bx317&int_banner_name=KBAR%20HYPERX%20FURY%20DDR4&int_banner_position=kbar
258,https://www.kabum.com.br/produto/85198/ssd-kingston-a400-480gb-sata-leitura-500mb-s-g-
259,https://www.kabum.com.br/cgi-local/site/listagem/listagem.cgi?dep=01&sec=1432&cat=105&sub=&pagina=1&ordem=6&limite=50
260,https://www.kabum.com.br/produto/87400/processador-amd-ryzen-5-1600-cooler-wraith-spire-
261,https://www.kabum.com.br/cgi-local/site/listagem/listagem.cgi?dep=01&sec=16&cat=129&sub=&pagina=1&ordem=6&limite=50
262,https://www.kabum.com.br/produto/103547/memoria-hyperx-fury-8gb-2666mhz-ddr4-cl16-pre-
263,https://www.kabum.com.br/cgi-local/site/listagem/listagem.cgi?dep=01&sec=11&cat=6558&sub=&pagina=1&ordem=6&limite=50
264,https://www.kabum.com.br/produto/102007/console-microsoft-xbox-one-s-1tb-branco-game-the-
265,https://www.kabum.com.br/cgi-local/site/listagem/listagem.cgi?dep=2412&sec=3941&cat=3944&sub=&pagina=1&ordem=6&limite=50
266,https://www.kabum.com.br/produto/99504/placa-mae-asus-prime-b450m-gaming-br-amd-am4-mat-
267,https://www.kabum.com.br/cgi-local/site/listagem/listagem.cgi?dep=01&sec=15&cat=143&sub=&pagina=1&ordem=6&limite=50
268,https://www.kabum.com.br/produto/101343/smartphone-samsung-galaxy-a10-32gb-13mp-tela-6-
269,https://www.kabum.com.br/cgi-local/site/listagem/listagem.cgi?dep=2422&sec=2424&cat=2439&sub=&pagina=1&ordem=6&limite=50
270,https://www.kabum.com.br/cgi-local/site/tools/banner.cgi?W=Bx309&int_banner_name=SPLASHLINE%20RAZER%20HUNTSMAN&int_banner_position=splash_linha1
271,https://www.kabum.com.br/produto/101340/monitor-gamer-acer-led-23-6-widescreen-full-hd-
272,https://www.kabum.com.br/cgi-local/site/listagem/listagem.cgi?dep=04&sec=36&cat=7875&sub=&pagina=1&ordem=6&limite=50
273,https://www.kabum.com.br/produto/95971/notebook-gamer-acer-aspire-nitro-5-intel-core-i5-7-
274,https://www.kabum.com.br/cgi-local/site/listagem/listagem.cgi?dep=04&sec=7762&cat=8957&sub=&pagina=1&ordem=6&limite=50
275,https://www.kabum.com.br/produto/100169/kindle-novo-paperwhite-8gb-wi-fi-preto-ao0705
276,https://www.kabum.com.br/cgi-local/site/listagem/listagem.cgi?dep=04&sec=934&cat=6914&sub=&pagina=1&ordem=6&limite=50
277,https://www.kabum.com.br/produto/101813/console-sony-playstation-4-hits-bundle-1tb-days-
278,https://www.kabum.com.br/cgi-local/site/listagem/listagem.cgi?dep=2412&sec=3942&cat=3945&sub=&pagina=1&ordem=6&limite=50
279,https://www.kabum.com.br/produto/76488/headset-gamer-razer-kraken-essential-com-microfone-
280,https://www.kabum.com.br/cgi-local/site/listagem/listagem.cgi?dep=03&sec=290&cat=5980&sub=&pagina=1&ordem=6&limite=50
281,https://www.kabum.com.br/produto/98911/smartphone-samsung-galaxy-j4-core-16gb-8mp-tela-
282,https://www.kabum.com.br/cgi-local/site/tools/banner.cgi?W=Bx289&int_banner_name=SPLASHLINE%20HUSKY&int_banner_position=splash_linha2
283,https://www.kabum.com.br/produto/84108/hd-seagate-barracuda-1tb-3-5-sata-st1000dm01-
284,https://www.kabum.com.br/cgi-local/site/listagem/listagem.cgi?dep=01&sec=08&cat=85&sub=&pagina=1&ordem=6&limite=50
285,https://www.kabum.com.br/produto/97702/roteador-multilaser-wireless-150mbps-1-antena-com-
286,https://www.kabum.com.br/cgi-local/site/listagem/listagem.cgi?dep=01&sec=1787&cat=1800&sub=&pagina=1&ordem=6&limite=50
287,https://www.kabum.com.br/produto/86441/headset-gamer-hyperx-cloud-revolver-s-7-1-dolby-di-
288,https://www.kabum.com.br/produto/100859/chromecast-3-google-ga00439-br
289,https://www.kabum.com.br/cgi-local/site/listagem/listagem.cgi?dep=02&sec=680&cat=7598&sub=&pagina=1&ordem=6&limite=50
290,https://www.kabum.com.br/produto/95566/mouse-gamer-hyperx-pulsefire-surge-rgb-16000-dpi-
291,https://www.kabum.com.br/cgi-local/site/listagem/listagem.cgi?dep=03&sec=289&cat=6787&sub=&pagina=1&ordem=6&limite=50
292,https://www.kabum.com.br/produto/98810/kaspersky-antivirus-2019-1-pc-digital-para-downl-
293,https://www.kabum.com.br/cgi-local/site/listagem/listagem.cgi?dep=04&sec=504&cat=562&sub=&pagina=1&ordem=6&limite=50
294,https://www.kabum.com.br/produto/98105/placa-de-video-vga-zotac-nvidia-geforce-rtx-2080-t-
295,https://www.kabum.com.br/cgi-local/site/listagem/listagem.cgi?dep=01&sec=14&cat=954&sub=&pagina=1&ordem=6&limite=50
296,https://www.kabum.com.br/produto/97939/roteador-gamer-wireless-asus-rt-ac86u-dual-band-a-
297,https://www.kabum.com.br/produto/99849/notebook-hp-246-g6-intel-core-i3-7020u-4gb-500g-
298,https://www.kabum.com.br/cgi-local/site/listagem/listagem.cgi?dep=04&sec=35&cat=206&sub=&pagina=1&ordem=6&limite=50
299,https://www.kabum.com.br/produto/101351/smartphone-samsung-galaxy-a50-64gb-25mp-tela-6-
300,https://www.kabum.com.br/produto/91021/fonte-corsair-450w-80-plus-bronze-cx450-cp-90201-
301,https://www.kabum.com.br/cgi-local/site/listagem/listagem.cgi?dep=01&sec=10&cat=6562&sub=&pagina=1&ordem=6&limite=50
302,https://www.kabum.com.br/produto/84405/monitor-gamer-asus-led-24-widescreen-full-hd-hd-
303,https://www.kabum.com.br/cgi-local/site/tools/banner.cgi?W=Bx314&int_banner_name=SPLASHLINE%20SEAGATE%20BARRACUDA&int_banner_position=splash_linha4
304,https://www.kabum.com.br/produto/92515/headset-gamer-razer-kraken-7-1-v2-mercury-white-
305,https://www.kabum.com.br/produto/100916/hd-seagate-barracuda-2tb-3-5-sata-st2000dm00-
306,https://www.kabum.com.br/produto/94211/placa-mae-gigabyte-z370m-aorus-gaming-intel-lga-1-
307,https://www.kabum.com.br/cgi-local/site/listagem/listagem.cgi?dep=01&sec=15&cat=144&sub=&pagina=1&ordem=6&limite=50
308,https://www.kabum.com.br/produto/100842/smartphone-samsung-galaxy-s10-128gb-16mp-tela-
309,https://www.kabum.com.br/produto/101967/placa-de-video-gigabyte-nvidia-geforce-rtx-2060-wi-
310,https://www.kabum.com.br/produto/98753/notebook-vaio-fit-15s-intel-core-i5-7200u-8gb-s-
311,https://www.kabum.com.br/produto/89334/mouse-gamer-hyperx-pulsefire-fps-3200dpi-hx-mc00-
312,https://www.kabum.com.br/produto/54507/headset-gamer-warrior-p2-preto-e-vermelho-ph101
313,https://www.kabum.com.br/produto/80632/ssd-sandisk-plus-240gb-sata-leitura-530mb-s-gr-
314,https://www.kabum.com.br/produto/104494/caixa-de-som-bluetooth-ultimate-ears-wonderboom-portatil-e-a-prova-d-agua-ate-10-horas-de-bateria-unicorn
315,https://www.kabum.com.br/produto/103962/webcam-logitech-brio-4k-pro-full-hd-tecnologia-hdr-rightlight-3-960-001178
316,https://www.kabum.com.br/produto/103932/teclado-mecanico-gamer-motospeed-ck99-rgb-switch-outemu-blue-us-bmstc0019azl
317,https://www.kabum.com.br/produto/103935/teclado-mecanico-gamer-motospeed-k87s-compacto-rgb-switch-outemu-blue-us-bmstc0025azl
318,https://www.kabum.com.br/produto/103941/teclado-mecanico-gamer-motospeed-ck108-rgb-switch-outemu-blue-us-bmstc0030azl
319,https://transparencyreport.google.com/safe-browsing/search?url=kabum.com.br&hl=pt-PT
320,https://www.kabum.com.br/beleza-saude/barbeador
321,https://www.kabum.com.br/maquiagem/olhos
322,https://www.kabum.com.br/relogios/masculino
323,https://www.kabum.com.br/semijoias/feminino
324,https://www.kabum.com.br/cgi-local/site/institucional/politica_marketplace.cgi
325,https://www.kabum.com.br/cgi-local/site/institucional/politica_privacidade.cgi
326,https://www.kabum.com.br/cgi-local/site/institucional/sobre.cgi?ancora=premios
327,https://jobs.kenoby.com/kabum
328,https://www.kabum.com.br/download/cdc/CODIGO_DE_DEFESA_DO_CONSUMIDOR.zip
329,http://www.kabum.com.br/mailto:ate%6Edimento@k%61bum%2Ec%6F%6D.br
330,https://static.kabum.com.br/conteudo/quem_somos/img/cd-g.jpg
331,https://static.kabum.com.br/conteudo/quem_somos/img/cd-interno-g.jpg
332,https://static.kabum.com.br/conteudo/quem_somos/img/sede-g.jpg
333,https://static.kabum.com.br/conteudo/quem_somos/img/sede-eua-g.jpg
334,https://static.kabum.com.br/conteudo/quem_somos/img/14-g.jpg
335,https://static.kabum.com.br/conteudo/quem_somos/img/000-g.jpg
336,https://static.kabum.com.br/conteudo/quem_somos/img/00-g.jpg
337,https://static.kabum.com.br/conteudo/quem_somos/img/13-g.jpg
338,https://static.kabum.com.br/conteudo/quem_somos/img/10-g.jpg
339,https://static.kabum.com.br/conteudo/quem_somos/img/06-g.jpg
340,https://static.kabum.com.br/conteudo/quem_somos/img/01-g.jpg
341,https://static.kabum.com.br/conteudo/quem_somos/img/05-g.jpg
342,https://static.kabum.com.br/conteudo/quem_somos/img/08-g.jpg
343,https://static.kabum.com.br/conteudo/quem_somos/img/02-g.jpg
344,https://static.kabum.com.br/conteudo/quem_somos/img/03-g.jpg
345,https://static.kabum.com.br/conteudo/quem_somos/img/04-g.jpg
346,https://static.kabum.com.br/conteudo/quem_somos/img/11-g.jpg
347,https://static.kabum.com.br/conteudo/quem_somos/img/09-g.jpg
348,https://static.kabum.com.br/conteudo/quem_somos/img/12-g.jpg
349,http://e-sports.kabum.com.br
350,https://www.youtube.com/kabumtv
351,https://www.facebook.com/kabum.com.br/
352,https://www.instagram.com/kabum.com.br/
353,https://www.youtube.com/user/kabumoficial
354,https://twitter.com/kabumcombr
355,https://www.kabum.com.br/cgi-local/site/tools/banner.cgi?W=Lx1074&int_banner_name=THEME-SMART-PARTY-SETEMBRO&int_banner_position=tematizacao_home
356,https://www.kabum.com.br/cgi-local/site/tools/banner.cgi?W=LTx1074&int_banner_name=THEME-SMART-PARTY-SETEMBRO&int_banner_position=tematizacao_home
357,http://www.kabum.com.br/mailto:atendimento@kabum.com.br
358,https://www.kabum.com.br/cgi-local/site/tools/banner.cgi?W=Lx913&int_banner_name=THEME-MONTE-SEU-PC-OK&int_banner_position=tematizacao_listagem
359,https://www.kabum.com.br/cgi-local/site/tools/banner.cgi?W=LTx913&int_banner_name=THEME-MONTE-SEU-PC-OK&int_banner_position=tematizacao_listagem
360,https://www.kabum.com.br/relogios/unissex
361,https://www.kabum.com.br/beleza-saude/depilador
362,https://www.kabum.com.br/beleza-saude/secador
363,https://www.kabum.com.br/maquiagem/acessorios
364,https://www.kabum.com.br/hardware/hardware
365,http://www.kabum.com.br/?string=&pagina=2&ordem=5&limite=30
366,http://www.kabum.com.br/?string=&pagina=3&ordem=5&limite=30
367,http://www.kabum.com.br/?string=&pagina=4&ordem=5&limite=30
368,http://www.kabum.com.br/?string=&pagina=5&ordem=5&limite=30
369,http://www.kabum.com.br/?string=&pagina=81&ordem=5&limite=30
370,https://www.kabum.com.br/produto/85197/ssd-kingston-a400-240gb-sata-leitura-500mb-s-gravacao-350mb-s-sa400s37-240g
371,https://www.kabum.com.br/produto/98637/placa-de-video-asus-nvidia-geforce-rtx-2080-dual-oc-8gb-gddr6-dual-rtx2080-o8g
372,https://www.kabum.com.br/produto/85198/ssd-kingston-a400-480gb-sata-leitura-500mb-s-gravacao-450mb-s-sa400s37-480g
373,https://www.kabum.com.br/produto/85196/ssd-kingston-a400-120gb-sata-leitura-500mb-s-gravacao-320mb-s-sa400s37-120g
374,https://www.kabum.com.br/produto/79936/memoria-hyperx-fury-8gb-2400mhz-ddr4-cl15-preto-hx424c15fb2-8
375,https://www.kabum.com.br/cgi-local/site/marketplace/listagem.cgi?produto=79936
376,https://www.kabum.com.br/produto/84108/hd-seagate-barracuda-1tb-3-5-sata-st1000dm010
377,https://www.kabum.com.br/produto/98544/ssd-crucial-bx500-240gb-sata-leitura-540mb-s-gravacao-500mb-s-ct240bx500ssd1
378,https://www.kabum.com.br/produto/84471/memoria-corsair-vengeance-lpx-8gb-2400mhz-ddr4-cl16-preto-cmk8gx4m1a2400c16
379,https://www.kabum.com.br/produto/63356/hd-seagate-externo-portatil-expansion-usb-3-0-1tb-preto-stea1000400
380,https://www.kabum.com.br/produto/74806/case-c3-tech-p-hd-2-5-usb-3-0-preto-ch-300bk
381,https://www.kabum.com.br/produto/99482/memoria-crucial-ballistix-sport-lt-8gb-2666mhz-ddr4-cl16-vermelho-bls8g4d26bfsek
382,https://www.kabum.com.br/produto/80632/ssd-sandisk-plus-240gb-sata-leitura-530mb-s-gravacao-440mb-s-sdssda-240g-g26
383,https://www.kabum.com.br/produto/85948/kingston-adaptador-de-ssd-2-5-para-baia-3-5-sna-br2-35
384,https://www.kabum.com.br/produto/76880/memoria-hyperx-fury-4gb-2400mhz-ddr4-cl15-preto-hx424c15fb-4
385,https://www.kabum.com.br/cgi-local/site/marketplace/listagem.cgi?produto=76880
386,https://www.kabum.com.br/produto/94938/ssd-wd-green-240gb-sata-leitura-545mb-s-gravacao-465mb-s-wds240g2g0a
387,https://www.kabum.com.br/produto/99504/placa-mae-asus-prime-b450m-gaming-br-amd-am4-matx-ddr4
388,https://www.kabum.com.br/produto/94723/processador-amd-ryzen-3-2200g-cooler-wraith-stealth-cache-6mb-3-5ghz-3-7ghz-max-turbo-am4-yd2200c5fbbox
389,https://www.kabum.com.br/produto/99683/processador-intel-core-i5-9400f-coffee-lake-cache-9mb-2-9ghz-4-1ghz-max-turbo-lga-1151-sem-video-bx80684i59400f
390,https://www.kabum.com.br/produto/96896/placa-mae-asus-tuf-h310m-plus-gaming-br-intel-lga-1151-matx-ddr4
391,https://www.kabum.com.br/produto/102832/placa-de-video-asrock-phantom-gaming-d-radeon-rx570-8g-oc-gddr5
392,https://www.kabum.com.br/produto/87400/processador-amd-ryzen-5-1600-cooler-wraith-spire-cache-19mb-3-2ghz-3-6ghz-max-turbo-am4-sem-video-yd1600bbaebox
393,https://www.kabum.com.br/produto/99557/memoria-crucial-ballistix-sport-lt-8gb-2400mhz-ddr4-cinza-bls8g4d240fsbk
394,https://www.kabum.com.br/produto/84464/memoria-corsair-vengeance-lpx-4gb-2400mhz-ddr4-cl14-preto-cmk4gx4m1a2400c14
395,https://www.kabum.com.br/produto/98543/ssd-crucial-bx-500-120gb-sata-leitura-540mb-s-gravacao-500mb-s-ct120bx500ssd1
396,https://www.kabum.com.br/produto/101715/placa-mae-gigabyte-ga-ab350m-ds3h-v2-amd-am4-matx-ddr4
397,https://www.kabum.com.br/produto/103547/memoria-hyperx-fury-8gb-2666mhz-ddr4-cl16-preto-hx426c16fb3-8
398,https://www.kabum.com.br/produto/102487/ssd-lexar-ns100-128gb-sata-leitura-520mb-s-lns100-128rbna
399,https://www.kabum.com.br/produto/95539/ssd-sandisk-plus-120gb-sata-leitura-530mb-s-gravacao-310mb-s-sdssda-120g-g27
400,https://www.kabum.com.br/produto/79700/memoria-crucial-ballistix-sport-lt-4gb-2400mhz-ddr4-cl16-cinza-bls4g4d240fsb
401,https://www.kabum.com.br/cgi-local/site/marketplace/listagem.cgi?produto=79700
402,https://www.kabum.com.br/produto/59467/fonte-evga-400w-100-n1-0400-l
403,https://www.kabum.com.br/hardware/controladoras/sata
404,https://www.kabum.com.br/hardware/controladoras/serial
405,https://www.kabum.com.br/hardware/controladoras/usb
406,https://www.kabum.com.br/hardware/controladoras/controladoras
407,https://www.kabum.com.br/produto/52147/placa-controladora-comtac-pci-express-2-portas-sata-ii-9047
408,https://www.kabum.com.br/produto/36335/placa-comtac-pci-2-portas-seriais-9015
409,https://www.kabum.com.br/produto/85614/placa-empire-pci-express-4-portas-usb-3-0-dp-43
410,https://www.kabum.com.br/hardware/rede-wireless-sem-fio/access-point
411,https://www.kabum.com.br/hardware/rede-wireless-sem-fio/access-point/cisco
412,https://www.kabum.com.br/hardware/rede-wireless-sem-fio/access-point/d-link
413,https://www.kabum.com.br/hardware/rede-wireless-sem-fio/access-point/hp
414,https://www.kabum.com.br/hardware/rede-wireless-sem-fio/access-point/link-one
415,https://www.kabum.com.br/hardware/rede-wireless-sem-fio/access-point/tp-link
416,https://www.kabum.com.br/hardware/rede-wireless-sem-fio/access-point/ubiquiti
417,https://www.kabum.com.br/hardware/rede-wireless-sem-fio/adaptador-usb
418,https://www.kabum.com.br/hardware/rede-wireless-sem-fio/adaptador-usb/11ac
419,https://www.kabum.com.br/hardware/rede-wireless-sem-fio/adaptador-usb/1300-mbps
420,https://www.kabum.com.br/hardware/rede-wireless-sem-fio/adaptador-usb/150-mbps
421,https://www.kabum.com.br/hardware/rede-wireless-sem-fio/adaptador-usb/300-mbps
422,https://www.kabum.com.br/hardware/rede-wireless-sem-fio/adaptador-usb/600-mbps
423,https://www.kabum.com.br/hardware/rede-wireless-sem-fio/antenas
424,https://www.kabum.com.br/hardware/rede-wireless-sem-fio/antenas/8-dbi
425,https://www.kabum.com.br/hardware/rede-wireless-sem-fio/bluetooth
426,https://www.kabum.com.br/hardware/rede-wireless-sem-fio/placas-pci
427,https://www.kabum.com.br/hardware/rede-wireless-sem-fio/placas-pci/1000-mbps
428,https://www.kabum.com.br/hardware/rede-wireless-sem-fio/placas-pci/300-mbps
429,https://www.kabum.com.br/hardware/rede-wireless-sem-fio/placas-pci-express
430,https://www.kabum.com.br/hardware/rede-wireless-sem-fio/placas-pci-express/1000-mbps
431,https://www.kabum.com.br/hardware/rede-wireless-sem-fio/placas-pci-express/150-mbps
432,https://www.kabum.com.br/hardware/rede-wireless-sem-fio/repetidor-extensor-wi-fi
433,https://www.kabum.com.br/hardware/rede-wireless-sem-fio/repetidor-extensor-wi-fi/1200-mbps
434,https://www.kabum.com.br/hardware/rede-wireless-sem-fio/repetidor-extensor-wi-fi/150-mbps
435,https://www.kabum.com.br/hardware/rede-wireless-sem-fio/repetidor-extensor-wi-fi/1750-mbps
436,https://www.kabum.com.br/hardware/rede-wireless-sem-fio/repetidor-extensor-wi-fi/300-mbps
437,https://www.kabum.com.br/hardware/rede-wireless-sem-fio/repetidor-powerline
438,https://www.kabum.com.br/hardware/rede-wireless-sem-fio/roteador-vpn
439,https://www.kabum.com.br/hardware/rede-wireless-sem-fio/roteadores
440,https://www.kabum.com.br/hardware/rede-wireless-sem-fio/roteadores/1000-mbps
441,https://www.kabum.com.br/hardware/rede-wireless-sem-fio/roteadores/1200-mbps
442,https://www.kabum.com.br/hardware/rede-wireless-sem-fio/roteadores/1300-mbps
443,https://www.kabum.com.br/hardware/rede-wireless-sem-fio/roteadores/1350-mbps
444,https://www.kabum.com.br/hardware/rede-wireless-sem-fio/roteadores/150-mbps
445,https://www.kabum.com.br/hardware/rede-wireless-sem-fio/roteadores/1750-mbps
446,https://www.kabum.com.br/hardware/rede-wireless-sem-fio/roteadores/1900-mbps
447,https://www.kabum.com.br/hardware/rede-wireless-sem-fio/roteadores/2600mbps
448,https://www.kabum.com.br/hardware/rede-wireless-sem-fio/roteadores/2900-mbps
449,https://www.kabum.com.br/hardware/rede-wireless-sem-fio/roteadores/300-mbps
450,https://www.kabum.com.br/hardware/rede-wireless-sem-fio/roteadores/450-mbps
451,https://www.kabum.com.br/hardware/rede-wireless-sem-fio/roteadores/5400-mbps
452,https://www.kabum.com.br/hardware/rede-wireless-sem-fio/roteadores/600-mbps
453,https://www.kabum.com.br/hardware/rede-wireless-sem-fio/roteadores/750-mbps
454,https://www.kabum.com.br/hardware/rede-wireless-sem-fio/roteadores/900-mbps
455,https://www.kabum.com.br/hardware/rede-wireless-sem-fio/wireless-outdoor
456,https://www.kabum.com.br/hardware/rede-wireless-sem-fio/wireless-outdoor/2-4ghz
457,https://www.kabum.com.br/hardware/rede-wireless-sem-fio/rede-wireless-sem-fio
458,https://www.kabum.com.br/produto/60147/adaptador-empire-bluetooth-4-0-usb-jc-f-1193-3640
459,https://www.kabum.com.br/produto/50082/repetidor-expansor-tp-link-wi-fi-network-300mbps-tl-wa850re
460,https://www.kabum.com.br/produto/90432/roteador-tp-link-wireless-dual-band-ac1200-com-4-antenas-branco-archer-c50
461,https://www.kabum.com.br/produto/94094/roteador-d-link-ac-750mbps-dual-band-com-3-antenas-dir-819
462,https://www.kabum.com.br/produto/45483/mini-adaptador-tp-link-nano-wireless-n-usb-150-mbps-tl-wn725n
463,https://www.kabum.com.br/produto/91100/roteador-tp-link-dual-band-750mbps-3-antenas-archer-c20
464,https://www.kabum.com.br/produto/97939/roteador-gamer-wireless-asus-rt-ac86u-dual-band-ac2900mbps-aimesh-3-antenas-usb-3-0-impressora-3g-4g-dualcore-rede-gigabit-airadar
465,https://www.kabum.com.br/produto/45480/mini-adaptador-tp-link-wireless-n-usb-300-mbps-tl-wn823n-
466,https://www.kabum.com.br/produto/85644/roteador-wireless-tp-link-dual-band-ac-1350-archer-c60
467,https://www.kabum.com.br/produto/84556/roteador-wireless-asus-rt-n300-300mbps-2-antenas-5dbi-3-em-1-roteador-repetidor-access-point-configuracao-facil-grande-alcance
468,https://www.kabum.com.br/produto/9059/roteador-d-link-300mbps-dual-antena-5dbi-ipv6-modo-repetidor-bivolt-preto-dir-615
469,https://www.kabum.com.br/produto/71061/roteador-gamer-wireless-asus-rt-ac68u-dual-band-ac1900mbps-aimesh-3-antenas-usb-3-0-impressora-3g-4g-dualcore-rede-gigabit-airadar
470,https://www.kabum.com.br/produto/92120/roteador-tp-link-wireless-n-300mbps-tl-wr849n
471,https://www.kabum.com.br/produto/94093/repetidor-d-link-300-mbps-dap-1325
472,https://www.kabum.com.br/produto/101797/adaptador-wireless-tp-link-usb-3-0-ac1300-archer-t3u
473,https://www.kabum.com.br/produto/77427/repetidor-tp-link-300-mbps-tl-wa855re
474,https://www.kabum.com.br/produto/84557/roteador-wireless-asus-rt-ac51u-dual-band-ac-750mbps-2-antenas-usb-para-impressora-e-3g-4g-configuracao-facil-asus-aicloud-vpn-streaming
475,https://www.kabum.com.br/produto/94116/access-point-tp-link-wireless-n-300mbps-montavel-em-teto-eap115
476,https://www.kabum.com.br/produto/20240/adaptador-tp-link-wireless-usb-300mbps-tl-wn822n
477,https://www.kabum.com.br/produto/101923/roteador-tp-link-archer-c6-ac1200-10-100-1000mbps-4-antenas
478,https://www.kabum.com.br/produto/70537/repetidor-tp-link-wifi-range-extender-ac750-2-4ghz-ate-300mpbs-re200
479,https://www.kabum.com.br/produto/97248/roteador-mercusys-300mbps-mw301r
480,https://www.kabum.com.br/produto/94115/access-point-tp-link-wireless-n300-montavel-em-teto-eap110
481,https://www.kabum.com.br/produto/103531/roteador-tp-link-wireless-vdsl2-300mbps-branco-td-w9970
482,https://www.kabum.com.br/produto/93897/roteador-tenda-300mbps-com-2-antenas-externas-wireless-802-11n-n301
483,https://www.kabum.com.br/produto/101422/roteador-tp-link-300mbps-2-antenas-tl-wr820n
484,https://www.kabum.com.br/produto/95615/adaptador-tenda-wireless-n-300mbps-usb-u1
485,https://www.kabum.com.br/produto/55113/adaptador-d-link-wireless-dwa-123-150-mbps-usb-802-11n
486,https://www.kabum.com.br/produto/96115/roteador-d-link-ac-1200mbps-dir-815
487,https://www.kabum.com.br/produto/87981/repetidor-de-sinal-maxprint-maxlink-300p
488,https://www.kabum.com.br/hardware/rede-wired-com-fio/placas-de-rede
489,https://www.kabum.com.br/hardware/rede-wired-com-fio/placas-de-rede/1000-mbps
490,https://www.kabum.com.br/hardware/rede-wired-com-fio/roteadores
491,https://www.kabum.com.br/hardware/rede-wired-com-fio/switchs
492,https://www.kabum.com.br/hardware/rede-wired-com-fio/switchs/12-portas
493,https://www.kabum.com.br/hardware/rede-wired-com-fio/switchs/16-portas
494,https://www.kabum.com.br/hardware/rede-wired-com-fio/switchs/24-portas
495,https://www.kabum.com.br/hardware/rede-wired-com-fio/switchs/26-portas
496,https://www.kabum.com.br/hardware/rede-wired-com-fio/switchs/28-portas
497,https://www.kabum.com.br/hardware/rede-wired-com-fio/switchs/48-portas
498,https://www.kabum.com.br/hardware/rede-wired-com-fio/switchs/5-portas
499,https://www.kabum.com.br/hardware/rede-wired-com-fio/switchs/8-portas
500,https://www.kabum.com.br/hardware/rede-wired-com-fio/vpn
501,https://www.kabum.com.br/hardware/rede-wired-com-fio/rede-wired-com-fio
502,https://www.kabum.com.br/produto/71687/switch-8-portas-tp-link-10-100-1000-gigabit-tl-sg1008d
503,https://www.kabum.com.br/produto/73613/switch-16-portas-tp-link-gigabit-10-100-1000-mbps-rack-desk-tl-sg1016d
504,https://www.kabum.com.br/produto/4893/switch-8-portas-tp-link-10-100-mbps-tl-sf1008d
505,https://www.kabum.com.br/produto/71729/switch-hp-1820-48g-j9981a
506,https://www.kabum.com.br/produto/22261/switch-wired-tp-link-gigabit-24-portas-tl-sg1024d-
507,https://www.kabum.com.br/produto/93056/switch-hp-aruba-24-portas-jl381a
508,https://www.kabum.com.br/produto/48131/placa-de-rede-usb-empire-para-rj45-jc-1192-2929-10-100-mbps
509,https://www.kabum.com.br/produto/61837/switch-8-portas-tp-link-10-100-1000-gigabit-tl-sg108
510,https://www.kabum.com.br/produto/88832/switch-de-mesa-mercusys-5-portas-10-100mbps-ms105
511,https://www.kabum.com.br/produto/34572/switch-dgs-1008a-d-link-10-100-1000mbps-gigabit-ethernet-com-8-portas
512,https://www.kabum.com.br/produto/61135/switch-5-portas-tp-link-10-1000-mbps-tl-sg105
513,https://www.kabum.com.br/produto/83800/switch-tp-link-24-10-100-l2-nao-gerenciavel-tl-sf1024d
514,https://www.kabum.com.br/produto/72867/switch-hp-8-portas-1820-j9979a
515,https://www.kabum.com.br/produto/88831/switch-de-mesa-mercusys-8-portas-10-100mbps-ms108
516,https://www.kabum.com.br/produto/4902/switch-16-portas-tp-link-10-100-mbps-tl-sf1016d
517,https://www.kabum.com.br/produto/68157/switch-hpe-1420-16g-jh016a-
518,https://www.kabum.com.br/produto/86869/switch-d-link-5-portas-fast-ethernet-des-1005c
519,https://www.kabum.com.br/produto/96210/switch-tp-link-smart-gigabit-com-48-portas-4-slots-t1600g-52ts
520,https://www.kabum.com.br/produto/85232/switch-d-link-08-portas-10-100-des-1008c
521,https://www.kabum.com.br/produto/10295/tenda-hub-switch-5-portas-10-100mbps-s105
522,https://www.kabum.com.br/produto/73684/switch-hp-1420-24g-giga-2-sfp-jh017a
523,https://www.kabum.com.br/produto/22376/roteador-tp-link-banda-larga-com-balanceamento-de-carga-10-100mbps-tl-r470t-
524,https://www.kabum.com.br/produto/45505/roteador-tp-link-broadband-vpn-4-portas-gigabit-tl-r600vpn-
525,https://www.kabum.com.br/produto/10309/roteador-tp-link-broadband-tl-r480t-
526,https://www.kabum.com.br/produto/100602/switch-cisco-sg350-28mp-28-portas-10-100-1000-e-2-portas-sfp-sg350-28mp-k9-br
527,https://www.kabum.com.br/produto/17786/switch-d-link-16-portas-10-100mbps-des-1016a
528,https://www.kabum.com.br/produto/103527/switch-tp-link-fast-ethernet-8-portas-10-100mbps-tl-sf1008p
529,https://www.kabum.com.br/produto/96890/switch-intelbras-16-portas-fast-ethernet-sf-sf-1600-q-
530,https://www.kabum.com.br/produto/101808/switch-maxprint-giga-ethernet-8-portas-10-100-1000-68421
531,https://www.kabum.com.br/produto/1208/switch-d-link-des-1024d-24-portas-10-100mbps
532,https://www.kabum.com.br/hardware/ssd-2-5/acessorios
533,https://www.kabum.com.br/hardware/ssd-2-5/externo
534,https://www.kabum.com.br/hardware/ssd-2-5/m-2
535,https://www.kabum.com.br/hardware/ssd-2-5/pci-express
536,https://www.kabum.com.br/hardware/ssd-2-5/ssd-2-5
537,https://www.kabum.com.br/hardware/ssd-2-5/ssd-2-5/120-0-gb
538,https://www.kabum.com.br/hardware/ssd-2-5/ssd-2-5/128-0-gb
539,https://www.kabum.com.br/hardware/ssd-2-5/ssd-2-5/1tb
540,https://www.kabum.com.br/hardware/ssd-2-5/ssd-2-5/240-0-gb
541,https://www.kabum.com.br/hardware/ssd-2-5/ssd-2-5/250-0-gb
542,https://www.kabum.com.br/hardware/ssd-2-5/ssd-2-5/256-0-gb
543,https://www.kabum.com.br/hardware/ssd-2-5/ssd-2-5/2tb
544,https://www.kabum.com.br/hardware/ssd-2-5/ssd-2-5/480-0-gb
545,https://www.kabum.com.br/hardware/ssd-2-5/ssd-2-5/500-gb
546,https://www.kabum.com.br/hardware/ssd-2-5/ssd-2-5/512gb
547,https://www.kabum.com.br/hardware/ssd-2-5/ssd-2-5/960-0-gb
548,http://www.kabum.com.br/?string=&pagina=6&ordem=5&limite=30
549,https://www.kabum.com.br/produto/102488/ssd-lexar-ns100-256gb-sata-leitura-520mb-s-lns100-256rbna
550,https://www.kabum.com.br/produto/94937/ssd-wd-green-120gb-sata-leitura-545mb-s-gravacao-430mb-s-wds120g2g0a
551,https://www.kabum.com.br/produto/97093/ssd-corsair-force-series-mp300-120gb-m-2-nvme-leitura-1520mb-s-gravacao-460mb-s-cssd-f120gbmp300
552,https://www.kabum.com.br/produto/96292/suporte-corsair-p-ssd-cssd-brkt1
553,https://www.kabum.com.br/produto/100016/ssd-adata-su630-480gb-sata-leitura-520mb-s-gravacao-450mb-s-asu630ss-480gq-r
554,https://www.kabum.com.br/produto/100945/ssd-adata-xpg-gammix-s11-pro-256gb-m-2-nvme-leitura-3500mb-s-gravacao-1200mb-s-agammixs11p-256gt-c
555,https://www.kabum.com.br/cgi-local/site/marketplace/listagem.cgi?produto=100945
556,https://www.kabum.com.br/produto/101067/ssd-gigabyte-240gb-sata-leitura-500mb-s-gravacao-420mb-s-gp-gstfs31240gntd
557,https://www.kabum.com.br/produto/102489/ssd-lexar-ns100-512gb-sata-leitura-550mb-s-lns100-512rbna
558,https://www.kabum.com.br/produto/100015/ssd-adata-su630-240gb-sata-leitura-520mb-s-gravacao-450mb-s-asu630ss-240gq-r
559,https://www.kabum.com.br/produto/95217/ssd-kingston-a400-960gb-sata-leitura-500mb-s-gravacao-450mb-s-sa400s37-960g
560,https://www.kabum.com.br/produto/100014/ssd-adata-su650-120gb-sata-leitura-520mb-s-gravacao-450mb-s-asu650ss-120gt-r
561,https://www.kabum.com.br/produto/101637/ssd-adata-xpg-sx6000-lite-256gb-m-2-nvme-leitura-1800mb-s-gravacao-900mb-s-asx6000lnp-256gt-c
562,https://www.kabum.com.br/produto/95877/ssd-wd-green-240gb-m-2-leitura-545mb-s-wds240g2g0b
563,https://www.kabum.com.br/produto/80575/ssd-sandisk-plus-480gb-sata-leitura-535mb-s-gravacao-445mb-s-sdssda-480g-g26
564,https://www.kabum.com.br/produto/100025/ssd-adata-xpg-gammix-s11-pro-512gb-m-2-nvme-leitura-3500mb-s-gravacao-2300mb-s-agammixs11p-512gt-c
565,https://www.kabum.com.br/produto/98942/ssd-corsair-force-series-mp510-480gb-m-2-nvme-leitura-3480mb-s-gravacao-2000mb-s-cssd-f480gbmp510
566,https://www.kabum.com.br/produto/94891/ssd-crucial-mx500-500gb-sata-leitura-560mb-s-gravacao-510mb-s-ct500mx500ssd1
567,https://www.kabum.com.br/produto/96293/suporte-corsair-p-ate-2-ssd-s-cssd-brkt2
568,https://www.kabum.com.br/produto/98941/ssd-corsair-force-series-mp510-240gb-m-2-nvme-leitura-3100mb-s-gravacao-1050mb-s-cssd-f240gbmp510
569,https://www.kabum.com.br/produto/95778/ssd-wd-green-120gb-m-2-leitura-545mb-s-wds120g2g0b
570,https://www.kabum.com.br/hardware/placas-de-som/amplificador
571,https://www.kabum.com.br/hardware/placas-de-som/pci
572,https://www.kabum.com.br/hardware/placas-de-som/pci/3-0
573,https://www.kabum.com.br/hardware/placas-de-som/pci/5-1-canais
574,https://www.kabum.com.br/hardware/placas-de-som/pci-express-x1
575,https://www.kabum.com.br/hardware/placas-de-som/pci-express-x1/5-1-canais
576,https://www.kabum.com.br/hardware/placas-de-som/usb
577,https://www.kabum.com.br/hardware/placas-de-som/placas-de-som
578,https://www.kabum.com.br/produto/92933/adaptador-de-som-vinik-usb-7-1-canais-virtual-ausb71-
579,https://www.kabum.com.br/produto/92932/adaptador-de-som-vinik-usb-5-1-canais-virtual-ausb51-
580,https://www.kabum.com.br/produto/65232/empire-adaptador-de-placa-de-som-usb-5-1-3701-cores-sortidas-
581,https://www.kabum.com.br/produto/101877/placa-de-som-creative-labs-sound-blaster-usb-70sb173000000
582,https://www.kabum.com.br/produto/66621/empire-placa-de-som-usb-7-1-3818
583,https://www.kabum.com.br/produto/101689/placa-de-som-hyperx-dolby-7-1-linha-revolver-s-hxs-hsdg3
584,https://www.kabum.com.br/produto/96633/placa-de-som-gv-brasil-pci-5-1-canais-pci-015
585,https://www.kabum.com.br/produto/101321/placa-de-som-hyperx-amp-usb-virtual-7-1-surround-sound-hx-usccamss-bk
586,https://www.kabum.com.br/produto/96634/placa-de-som-gv-brasil-pci-express-pci-805
587,https://www.kabum.com.br/produto/84505/placa-de-som-creative-labs-so-sound-blaster-audigy-rx-pcie-box-70sb155000001
588,https://www.kabum.com.br/produto/99576/acessorio-razer-usb-audio-enhancer-placa-de-som-externa
589,https://www.kabum.com.br/produto/97172/placa-de-som-sharkoon-7-1-surround-sb1
590,https://www.kabum.com.br/produto/66821/adaptador-de-som-usb-virtual-7-1-canais-pd560-cov-786-
591,https://www.kabum.com.br/produto/84503/placa-de-som-creative-labs-sb1506-sound-blaster-zx-pcie-70sb150600000
592,https://www.kabum.com.br/produto/101875/placa-de-som-creative-labs-sound-blasterx-g1-usb-7-1-canais-70sb171000000
593,https://www.kabum.com.br/produto/100352/placa-de-som-evga-nu-audio-pcie-5-1-canais-712-p1-an01-kr-
594,https://www.kabum.com.br/produto/101876/placa-de-som-creative-labs-sound-blasterx-ae-5-70sb174000000
595,https://www.kabum.com.br/produto/84501/placa-de-som-usb-creative-labs-sb1290-sound-blaster-x-fi-go-pro-usb-eng-cli-rtl-70sb129000000
596,https://www.kabum.com.br/produto/95491/placa-de-som-hyperx-cloud-virtual-7-1-surround-sound-hx-usccpss-bk
597,https://www.kabum.com.br/produto/102875/placa-de-som-externa-sharkoon-gaming-dac-pro-s-usb
598,https://www.kabum.com.br/produto/84502/placa-de-som-creative-labs-sb1500-sound-blaster-z-pcie-70sb150000000
599,https://www.kabum.com.br/produto/84506/placa-de-som-creative-labs-sb1095-sound-blaster-x-fi-surround-5-1-pro-eng-rtl-usb-externo-70sb109500000
600,https://www.kabum.com.br/produto/84507/amplificador-de-headphone-creative-labs-so-sound-blaster-omni-surround-5-1-70sb156000000
601,https://www.kabum.com.br/produto/89131/placa-pci-md-9-som-6280
602,https://www.kabum.com.br/produto/89134/placa-pci-e-md-9-som-7088
603,https://www.kabum.com.br/produto/89132/placa-pci-e-md-9-c-4-usb-3-0-7618
604,https://www.kabum.com.br/produto/77676/placa-pci-express-f-new-4-saidas-usb-3-0-9171
605,https://www.kabum.com.br/produto/65262/adaptador-de-som-usb-virtual-7-1-canais-pd520-cov-020
606,https://www.kabum.com.br/produto/89130/placa-pci-md-9-c-4-usb-2-0-4398
607,https://www.kabum.com.br/produto/92409/adaptador-de-som-md9-usb-7-1-6647-
608,https://www.kabum.com.br/cgi-local/site/tools/banner.cgi?W=Lx997&int_banner_name=THEME-AMD-RYZEN-3&int_banner_position=tematizacao_listagem
609,https://www.kabum.com.br/cgi-local/site/tools/banner.cgi?W=LTx997&int_banner_name=THEME-AMD-RYZEN-3&int_banner_position=tematizacao_listagem
610,https://www.kabum.com.br/hardware/processadores/amd
611,https://www.kabum.com.br/hardware/processadores/amd/a-series
612,https://www.kabum.com.br/hardware/processadores/amd/athlon
613,https://www.kabum.com.br/hardware/processadores/amd/athlon-ii-x2
614,https://www.kabum.com.br/hardware/processadores/amd/fx-series
615,https://www.kabum.com.br/hardware/processadores/amd/phenom-ii-x4
616,https://www.kabum.com.br/hardware/processadores/amd/ryzen
617,https://www.kabum.com.br/hardware/processadores/amd/threadripper
618,https://www.kabum.com.br/hardware/processadores/intel
619,https://www.kabum.com.br/hardware/processadores/intel/celeron
620,https://www.kabum.com.br/hardware/processadores/intel/core-i3
621,https://www.kabum.com.br/hardware/processadores/intel/core-i5
622,https://www.kabum.com.br/hardware/processadores/intel/core-i7
623,https://www.kabum.com.br/hardware/processadores/intel/core-i9
624,https://www.kabum.com.br/hardware/processadores/intel/pentium-g
625,https://www.kabum.com.br/hardware/processadores/processadores
626,https://www.kabum.com.br/produto/101918/processador-intel-core-i3-9100f-coffee-lake-cache-6mb-3-6ghz-4-2ghz-max-turbo-lga-1151-sem-video-bx80684i39100f
627,https://www.kabum.com.br/produto/102438/processador-amd-ryzen-5-3600-cache-32mb-3-6ghz-4-2ghz-max-turbo-am4-sem-video-100-100000031box
628,https://www.kabum.com.br/produto/96700/processador-intel-pentium-g5400-coffee-lake-8a-geracao-cache-4mb-3-7ghz-lga-1151-bx80684g5400
629,https://www.kabum.com.br/produto/95557/processador-amd-ryzen-5-2600-cooler-wraith-stealth-cache-19mb-3-4ghz-3-9ghz-max-turbo-am4-sem-video-yd2600bbafbox
630,https://www.kabum.com.br/produto/94724/processador-amd-ryzen-5-2400g-cooler-wraith-stealth-cache-6mb-3-6ghz-3-9ghz-max-turbo-am4-yd2400c5fbbox
631,https://www.kabum.com.br/produto/102436/processador-amd-ryzen-7-3700x-32mb-3-6ghz-4-6ghz-max-turbo-am4-sem-video-100-100000071box
632,https://www.kabum.com.br/produto/95564/processador-amd-ryzen-7-2700-cooler-wraith-spire-cache-20mb-3-2ghz-4-1ghz-max-turbo-am4-sem-video-yd2700bbafbox
633,https://www.kabum.com.br/produto/102808/processador-intel-core-i9-9900kf-coffee-lake-refresh-geracao-cache-16mb-3-6ghz-5-0ghz-max-turbo-lga-1151-sem-video-bx80684i99900kf
634,https://www.kabum.com.br/produto/102249/processador-amd-ryzen-5-3400g-cache-4mb-3-7ghz-4-2ghz-max-turbo-am4-yd3400c5fhbox
635,https://www.kabum.com.br/cgi-local/site/marketplace/listagem.cgi?produto=102249
636,https://www.kabum.com.br/produto/98876/processador-amd-athlon-200ge-cache-5mb-3-2ghz-am4-yd200gc6fbbox
637,https://www.kabum.com.br/produto/102522/processador-intel-core-i7-9700kf-coffee-lake-refresh-cache-12mb-3-6ghz-4-9ghz-max-turbo-lga-1151-sem-video-bx80684i79700kf
638,https://www.kabum.com.br/produto/102248/processador-amd-ryzen-3-3200g-cache-4mb-3-6ghz-4ghz-max-turbo-am4-yd3200c5fhbox
639,https://www.kabum.com.br/produto/86328/processador-intel-pentium-g4560-kaby-lake-cache-3mb-3-5ghz-lga-1151-bx80677g4560
640,https://www.kabum.com.br/produto/95565/processador-amd-ryzen-7-2700x-cooler-wraith-prism-cache-20mb-3-7ghz-4-35ghz-max-turbo-am4-sem-video-yd270xbgafbox
641,https://www.kabum.com.br/produto/102437/processador-amd-ryzen-5-3600x-cache-32mb-3-8ghz-4-4ghz-max-turbo-am4-sem-video-100-100000022box
642,https://www.kabum.com.br/produto/95563/processador-amd-ryzen-5-2600x-cooler-wraith-spire-cache-19mb-3-6ghz-4-25ghz-max-turbo-am4-sem-video-yd260xbcafbox
643,https://www.kabum.com.br/produto/92918/processador-intel-core-i5-8400-coffee-lake-cache-9mb-2-8ghz-4ghz-max-turbo-lga-1151-bx80684i58400
644,https://www.kabum.com.br/cgi-local/site/marketplace/listagem.cgi?produto=92918
645,https://www.kabum.com.br/produto/102809/processador-intel-core-i5-9600kf-coffee-lake-refresh-cache-9mb-3-7ghz-4-6ghz-max-turbo-lga-1151-sem-video-bx80684i59600kf
646,https://www.kabum.com.br/produto/92998/processador-amd-a8-9600-bristol-ridge-cache-2mb-3-1ghz-3-4ghz-max-turbo-am4-ad9600agabbox
647,https://www.kabum.com.br/produto/100194/processador-amd-athlon-220ge-cache-5mb-3-4ghz-am4-yd220gc6fbbox
648,https://www.kabum.com.br/produto/101253/processador-intel-celeron-g4900-coffee-lake-cache-2mb-3-1ghz-lga-1151-bx80684g4900
649,https://www.kabum.com.br/produto/102435/processador-amd-ryzen-7-3800x-cache-32mb-3-9ghz-4-5ghz-max-turbo-amd4-100-100000025box
650,https://www.kabum.com.br/produto/92997/processador-amd-a10-9700-bristol-ridge-cache-2mb-3-5ghz-3-8ghz-max-turbo-am4-ad9700agabbox
651,https://www.kabum.com.br/produto/102434/processador-amd-ryzen-9-3900x-cache-64mb-3-8ghz-4-6ghz-max-turbo-am4-sem-video-100-100000023box
652,https://www.kabum.com.br/produto/100195/processador-amd-athlon-240ge-cache-5mb-3-5ghz-am4-yd240gc6fbbox
653,https://www.kabum.com.br/produto/90443/processador-intel-core-i7-7740x-kaby-lake-cache-8mb-4-3ghz-4-5ghz-max-turbo-lga-2066-bx80677i77740x
654,https://www.kabum.com.br/produto/93110/processador-intel-core-i3-8100-coffee-lake-cache-6mb-3-6ghz-lga-1151-bx80684i38100
655,https://www.kabum.com.br/hardware/placas-mae/p-processador-amd
656,https://www.kabum.com.br/hardware/placas-mae/p-processador-amd/asrock
657,https://www.kabum.com.br/hardware/placas-mae/p-processador-amd/asus
658,https://www.kabum.com.br/hardware/placas-mae/p-processador-amd/gigabyte
659,https://www.kabum.com.br/hardware/placas-mae/p-processador-amd/msi
660,https://www.kabum.com.br/hardware/placas-mae/p-processador-intel
661,https://www.kabum.com.br/hardware/placas-mae/p-processador-intel/asrock
662,https://www.kabum.com.br/hardware/placas-mae/p-processador-intel/asus
663,https://www.kabum.com.br/hardware/placas-mae/p-processador-intel/evga
664,https://www.kabum.com.br/hardware/placas-mae/p-processador-intel/gigabyte
665,https://www.kabum.com.br/hardware/placas-mae/p-processador-intel/msi
666,https://www.kabum.com.br/hardware/placas-mae/placas-mae
667,http://www.kabum.com.br/?string=&pagina=9&ordem=5&limite=30
668,https://www.kabum.com.br/produto/94927/placa-mae-asrock-a320m-hd-amd-am4-matx-ddr4
669,https://www.kabum.com.br/produto/93427/placa-mae-asus-prime-a320m-k-br-amd-am4-matx-ddr4
670,https://www.kabum.com.br/produto/96739/placa-mae-asus-tuf-b360m-plus-gaming-br-intel-lga-1151-matx-ddr4
671,https://www.kabum.com.br/produto/96414/placa-mae-gigabyte-b360m-gaming-hd-intel-lga-1151-matx-ddr4
672,https://www.kabum.com.br/produto/98883/placa-mae-asus-prime-z390m-plus-intel-lga-1151-matx-ddr4
673,https://www.kabum.com.br/produto/99760/placa-mae-gigabyte-ga-a320m-h-amd-am4-matx-ddr4-rev-1-1-
674,https://www.kabum.com.br/produto/100237/placa-mae-gigabyte-h310m-h-2-0-intel-lga-1151-matx-ddr4-rev-1-0-
675,https://www.kabum.com.br/produto/96610/placa-mae-gigabyte-b360m-aorus-gaming-3-intel-lga-1151-matx-ddr4
676,https://www.kabum.com.br/produto/94709/placa-mae-gigabyte-ga-a320m-s2h-amd-am4-matx-ddr4
677,https://www.kabum.com.br/cgi-local/site/marketplace/listagem.cgi?produto=94709
678,https://www.kabum.com.br/produto/102904/placa-mae-asrock-h310cm-hg4-intel-lga-1151-matx-ddr4
679,https://www.kabum.com.br/produto/98076/placa-mae-gigabyte-b450m-ds3h-amd-am4-matx-ddr4
680,https://www.kabum.com.br/produto/94211/placa-mae-gigabyte-z370m-aorus-gaming-intel-lga-1151-matx-ddr4
681,https://www.kabum.com.br/cgi-local/site/marketplace/listagem.cgi?produto=94211
682,https://www.kabum.com.br/produto/101356/placa-mae-asus-prime-z370m-plus-ii-intel-lga-1151-matx-ddr4
683,https://www.kabum.com.br/produto/99034/placa-mae-gigabyte-b450-aorus-m-amd-am4-matx-ddr4
684,https://www.kabum.com.br/produto/79455/placa-mae-asus-m5a78l-m-plus-usb3-amd-am3-matx-ddr3
685,https://www.kabum.com.br/cgi-local/site/marketplace/listagem.cgi?produto=79455
686,https://www.kabum.com.br/produto/99107/placa-mae-gigabyte-z390-m-gaming-intel-lga-1151-matx-ddr4
687,https://www.kabum.com.br/cgi-local/site/marketplace/listagem.cgi?produto=99107
688,https://www.kabum.com.br/produto/101358/placa-mae-asus-prime-b365m-k-intel-lga-1151-matx-ddr4
689,https://www.kabum.com.br/produto/99761/placa-mae-gigabyte-b450m-gaming-amd-am4-matx-ddr4-rev-1-0-
690,https://www.kabum.com.br/produto/100033/placa-mae-asus-tuf-x470-plus-gaming-amd-am4-atx-ddr4
691,https://www.kabum.com.br/produto/102521/placa-mae-gigabyte-h310m-s2p-2-0-intel-lga-1151-matx-ddr4
692,https://www.kabum.com.br/produto/98159/placa-mae-gigabyte-z390-aorus-elite-intel-lga-1151-atx-ddr4
693,https://www.kabum.com.br/produto/99110/placa-mae-gigabyte-b450-aorus-pro-amd-am4-atx-ddr4
694,https://www.kabum.com.br/produto/102416/placa-mae-gigabyte-x570-aorus-elite-amd-am4-atx-ddr4
695,https://www.kabum.com.br/produto/99113/placa-mae-gigabyte-b450-aorus-elite-amd-atx-ddr4
696,https://www.kabum.com.br/produto/95692/placa-mae-gigabyte-b360-aorus-gaming-3-intel-lga-1151-atx-ddr4
697,https://www.kabum.com.br/produto/96960/placa-mae-gigabyte-b360m-ds3h-intel-lga-1151-matx-ddr4
698,https://www.kabum.com.br/produto/98161/placa-mae-gigabyte-z390-gaming-x-intel-lga-1151-atx-ddr4
699,https://www.kabum.com.br/hardware/switch-kvm/comtac
700,https://www.kabum.com.br/hardware/switch-kvm/switch-kvm
701,https://www.kabum.com.br/produto/56737/-comtac-switch-kvm-usb-para-4-computadores-9292
702,https://www.kabum.com.br/hardware/placas-tv-edicao/acessorios
703,https://www.kabum.com.br/hardware/placas-tv-edicao/captura-de-game
704,https://www.kabum.com.br/hardware/placas-tv-edicao/captura-de-tv-digital
705,https://www.kabum.com.br/hardware/placas-tv-edicao/placas-de-captura
706,https://www.kabum.com.br/hardware/placas-tv-edicao/placas-tv-edicao
707,https://www.kabum.com.br/produto/47928/avermedia-placa-de-captura-live-gamer-hd-lite-full-hd-1080p-c985e
708,https://www.kabum.com.br/produto/99175/stream-deck-elgato-usb-integrado-preto-10gaa9901
709,https://www.kabum.com.br/produto/99890/key-light-elgato-10gak9901
710,https://www.kabum.com.br/produto/99888/tela-verde-elgato-chroma-key-10gaf9901
711,https://www.kabum.com.br/produto/50341/dazzle-dispositivo-de-captura-e-edicao-de-video-dvd-recorder-hd-dvcptenam
712,https://www.kabum.com.br/produto/99893/dock-station-elgato-thunderbolt-3-mini-dock-10dab9901
713,https://www.kabum.com.br/produto/99173/stream-deck-mini-elgato-usb-integrado-preto-10gai9901
714,https://www.kabum.com.br/produto/99176/placa-de-captura-elgato-4k60-pro-2160p60-pcle-x4-10gag9901
715,https://www.kabum.com.br/produto/95511/placa-de-captura-avermedia-live-gamer-portable-2-1080p60-usb-2-0-gc513
716,https://www.kabum.com.br/produto/98867/placa-de-captura-avermedia-live-gamer-4k60-hdr-pci-e-gen-2x4-gc573
717,https://www.kabum.com.br/produto/46473/placa-de-captura-avermedia-live-gamer-portable-full-hd-1080p-hdmi-usb-sd-c875
718,https://www.kabum.com.br/produto/93186/placa-de-captura-avermedia-live-gamer-hd-2-pci-e-gc570-
719,https://www.kabum.com.br/produto/56256/gravador-avermedia-ezrecorder-130-hdmi-1080p-30fps-er130
720,https://www.kabum.com.br/produto/98866/placa-de-captura-avermedia-live-gamer-ultra-4k30-usb-3-1-gc553
721,https://www.kabum.com.br/produto/101101/captura-de-video-elgato-1vc104001001
722,https://www.kabum.com.br/produto/50055/avermedia-placa-de-captura-full-hd-1080p-lgp-lite-gl310-hdmi
723,https://www.kabum.com.br/produto/99891/chat-link-cable-elgato-para-xbox-one-e-ps4-2gc309904002
724,https://www.kabum.com.br/produto/99177/placa-de-captura-elgato-hd60-pro-1080p60-pcle-x1-1gc109901002
725,https://www.kabum.com.br/produto/99892/dock-station-elgato-thunderbolt-3-dock-10daa4101
726,https://www.kabum.com.br/produto/63748/placa-de-captura-4-canais-video-e-audio-estereo-pca-514
727,https://www.kabum.com.br/produto/99885/placa-de-captura-elgato-hd60-s-1080p-usb-1gc109901004
728,https://www.kabum.com.br/produto/99886/adaptador-de-video-elgato-cam-link-4k-2160p-hdmi-10gam9901
729,https://www.kabum.com.br/hardware/modem/adsl
730,https://www.kabum.com.br/hardware/modem/modem
731,https://www.kabum.com.br/produto/7805/modem-roteador-tp-link-adsl2-ready-preto-td-8816
732,https://www.kabum.com.br/hardware/memoria-ram/ddr
733,https://www.kabum.com.br/hardware/memoria-ram/ddr/400-mhz-pc3200
734,https://www.kabum.com.br/hardware/memoria-ram/ddr-2
735,https://www.kabum.com.br/hardware/memoria-ram/ddr-2/533-mhz-pc4200
736,https://www.kabum.com.br/hardware/memoria-ram/ddr-2/667-mhz-pc5200
737,https://www.kabum.com.br/hardware/memoria-ram/ddr-2/667-mhz-pc5300
738,https://www.kabum.com.br/hardware/memoria-ram/ddr-2/800-mhz-pc6400
739,https://www.kabum.com.br/hardware/memoria-ram/ddr-3
740,https://www.kabum.com.br/hardware/memoria-ram/ddr-3/1333-mhz-pc10666
741,https://www.kabum.com.br/hardware/memoria-ram/ddr-3/1600-mhz-pc12800
742,https://www.kabum.com.br/hardware/memoria-ram/ddr-3/1866-mhz-pc15000
743,https://www.kabum.com.br/hardware/memoria-ram/ddr-3/2400-mhz-pc19200
744,https://www.kabum.com.br/hardware/memoria-ram/ddr-4
745,https://www.kabum.com.br/hardware/memoria-ram/ddr-4/2133mhz
746,https://www.kabum.com.br/hardware/memoria-ram/ddr-4/2400mhz
747,https://www.kabum.com.br/hardware/memoria-ram/ddr-4/2666mhz
748,https://www.kabum.com.br/hardware/memoria-ram/ddr-4/2800mhz
749,https://www.kabum.com.br/hardware/memoria-ram/ddr-4/2933mhz
750,https://www.kabum.com.br/hardware/memoria-ram/ddr-4/3000mhz
751,https://www.kabum.com.br/hardware/memoria-ram/ddr-4/3200mhz
752,https://www.kabum.com.br/hardware/memoria-ram/ddr-4/3466mhz
753,https://www.kabum.com.br/hardware/memoria-ram/ddr-4/3600mhz
754,https://www.kabum.com.br/hardware/memoria-ram/ddr-4/4000mhz
755,https://www.kabum.com.br/hardware/memoria-ram/notebook
756,https://www.kabum.com.br/hardware/memoria-ram/notebook/1333-mhz-pc10666
757,https://www.kabum.com.br/hardware/memoria-ram/notebook/1600mhz
758,https://www.kabum.com.br/hardware/memoria-ram/notebook/1600mhz-pc12800
759,https://www.kabum.com.br/hardware/memoria-ram/notebook/2133-mhz
760,https://www.kabum.com.br/hardware/memoria-ram/notebook/2400-mhz-pc19200
761,https://www.kabum.com.br/hardware/memoria-ram/notebook/2666mhz
762,https://www.kabum.com.br/hardware/memoria-ram/notebook/667-mhz-pc5200
763,https://www.kabum.com.br/hardware/memoria-ram/optane
764,https://www.kabum.com.br/hardware/memoria-ram/optane/16gb
765,https://www.kabum.com.br/hardware/memoria-ram/optane/32gb
766,https://www.kabum.com.br/hardware/memoria-ram/memoria-ram
767,http://www.kabum.com.br/?string=&pagina=11&ordem=5&limite=30
768,https://www.kabum.com.br/produto/101299/memoria-crucial-ballistix-sport-lt-8gb-2400mhz-ddr4-cl16-branco-bls8g4d240fsck
769,https://www.kabum.com.br/produto/79692/memoria-crucial-ballistix-sport-lt-4gb-2400mhz-ddr4-cl16-vermelho-bls4g4d240fse
770,https://www.kabum.com.br/produto/99325/memoria-crucial-ballistix-sport-lt-8gb-2400mhz-ddr4-cl16-vermelho-bls8g4d240fsek
771,https://www.kabum.com.br/produto/93130/memoria-hyperx-fury-8gb-2666mhz-ddr4-cl16-preto-hx426c16fb2-8
772,https://www.kabum.com.br/produto/50747/memoria-hyperx-fury-4gb-1333mhz-ddr3-cl9-azul-hx313c9f-4
773,https://www.kabum.com.br/produto/102516/memoria-crucial-ballistix-sport-lt-8gb-2666mhz-ddr4-cl16-branco-bls8g4d26bfsck
774,https://www.kabum.com.br/produto/50752/memoria-hyperx-fury-4gb-1600mhz-ddr3-cl10-preto-hx316c10fb-4
775,https://www.kabum.com.br/cgi-local/site/marketplace/listagem.cgi?produto=50752
776,https://www.kabum.com.br/produto/99556/memoria-crucial-ballistix-sport-lt-8gb-2666mhz-ddr4-cinza-bls8g4d26bfsbk
777,https://www.kabum.com.br/produto/88452/memoria-hyperx-fury-16gb-2666mhz-ddr4-cl16-preto-hx426c16fb-16
778,https://www.kabum.com.br/produto/79690/memoria-crucial-ballistix-sport-lt-16gb-2400mhz-ddr4-cl16-vermelho-bls16g4d240fse
779,https://www.kabum.com.br/produto/77318/memoria-kingston-8gb-1600mhz-ddr3-l-notebook-cl11-kcp3l16sd8-8
780,https://www.kabum.com.br/produto/89940/memoria-corsair-vengeance-lpx-8gb-2666mhz-ddr4-c16-preto-cmk8gx4m1a2666c16
781,https://www.kabum.com.br/produto/50757/memoria-hyperx-fury-4gb-1866mhz-ddr3-cl10-preto-hx318c10fb-4
782,https://www.kabum.com.br/cgi-local/site/marketplace/listagem.cgi?produto=50757
783,https://www.kabum.com.br/produto/84475/memoria-corsair-value-select-4gb-2133mhz-ddr4-notebook-cl15-cmso4gx4m1a2133c15
784,https://www.kabum.com.br/produto/44217/memoria-kingston-4gb-1333mhz-ddr3-notebook-cl9-kvr13s9s8-4
785,https://www.kabum.com.br/produto/64309/memoria-kingston-8gb-1600mhz-ddr3-cl11-kvr16ln11-8
786,https://www.kabum.com.br/produto/75949/memoria-multilaser-4gb-1600mhz-ddr3l-notebook-cl11-mm420
787,https://www.kabum.com.br/produto/99429/memoria-rise-mode-8gb-1600mhz-ddr3-rm-d3-8g1600v
788,https://www.kabum.com.br/cgi-local/site/marketplace/listagem.cgi?produto=99429
789,https://www.kabum.com.br/produto/48697/memoria-corsair-4gb-1600mhz-ddr3-cl11-cmv4gx3m1a1600c11
790,https://www.kabum.com.br/cgi-local/site/marketplace/listagem.cgi?produto=48697
791,https://www.kabum.com.br/produto/50756/memoria-hyperx-fury-4gb-1866mhz-ddr3-cl10-azul-hx318c10f-4
792,https://www.kabum.com.br/produto/99428/memoria-rise-mode-4gb-1600mhz-ddr3-rm-d3-4g1600v
793,https://www.kabum.com.br/produto/88291/memoria-hyperx-fury-16gb-2666mhz-ddr4-cl16-branco-hx426c16fw-16
794,https://www.kabum.com.br/hardware/fontes/401-w
795,https://www.kabum.com.br/hardware/fontes/750-w
796,https://www.kabum.com.br/hardware/fontes/linha-1000-w
797,https://www.kabum.com.br/hardware/fontes/linha-1000-w/1000-w
798,https://www.kabum.com.br/hardware/fontes/linha-1000-w/1050-w
799,https://www.kabum.com.br/hardware/fontes/linha-1000-w/1200-w
800,https://www.kabum.com.br/hardware/fontes/linha-1000-w/1300-w
801,https://www.kabum.com.br/hardware/fontes/linha-1000-w/1500w
802,https://www.kabum.com.br/hardware/fontes/linha-200-w
803,https://www.kabum.com.br/hardware/fontes/linha-200-w/200-w
804,https://www.kabum.com.br/hardware/fontes/linha-200-w/230-w
805,https://www.kabum.com.br/hardware/fontes/linha-200-w/250-w
806,https://www.kabum.com.br/hardware/fontes/linha-300-w
807,https://www.kabum.com.br/hardware/fontes/linha-300-w/300-w
808,https://www.kabum.com.br/hardware/fontes/linha-300-w/350-w
809,https://www.kabum.com.br/hardware/fontes/linha-400-w
810,https://www.kabum.com.br/hardware/fontes/linha-400-w/400-w
811,https://www.kabum.com.br/hardware/fontes/linha-400-w/430-w
812,https://www.kabum.com.br/hardware/fontes/linha-400-w/450-w
813,https://www.kabum.com.br/hardware/fontes/linha-500-w
814,https://www.kabum.com.br/hardware/fontes/linha-500-w/500-w
815,https://www.kabum.com.br/hardware/fontes/linha-500-w/530-w
816,https://www.kabum.com.br/hardware/fontes/linha-500-w/550-w
817,https://www.kabum.com.br/hardware/fontes/linha-600-w
818,https://www.kabum.com.br/hardware/fontes/linha-600-w/600-w
819,https://www.kabum.com.br/hardware/fontes/linha-600-w/650-w
820,https://www.kabum.com.br/hardware/fontes/linha-700-w
821,https://www.kabum.com.br/hardware/fontes/linha-700-w/700-w
822,https://www.kabum.com.br/hardware/fontes/linha-700-w/730w
823,https://www.kabum.com.br/hardware/fontes/linha-700-w/750-w
824,https://www.kabum.com.br/hardware/fontes/linha-800-w
825,https://www.kabum.com.br/hardware/fontes/linha-800-w/800-w
826,https://www.kabum.com.br/hardware/fontes/linha-800-w/850-w
827,https://www.kabum.com.br/hardware/fontes/fontes
828,https://www.kabum.com.br/produto/91023/fonte-corsair-650w-80-plus-bronze-cx650-cp-9020122
829,https://www.kabum.com.br/produto/79112/fonte-evga-600w-80-plus-white-100-w1-0600-k
830,https://www.kabum.com.br/produto/91076/fonte-fortrek-200w-sem-cabo-62849
831,https://www.kabum.com.br/produto/91021/fonte-corsair-450w-80-plus-bronze-cx450-cp-9020120
832,https://www.kabum.com.br/produto/97956/fonte-corsair-650w-80-plus-white-vs650-cp-9020172
833,https://www.kabum.com.br/produto/69352/fonte-one-power-600w-mp600w3-i
834,https://www.kabum.com.br/cgi-local/site/marketplace/listagem.cgi?produto=69352
835,https://www.kabum.com.br/produto/98868/fonte-corsair-550w-80-plus-white-vs550-cp-9020171
836,https://www.kabum.com.br/produto/74800/fonte-aerocool-350w-vx-350-en57181
837,https://www.kabum.com.br/produto/69351/fonte-one-power-500w-mp500w3-i
838,https://www.kabum.com.br/produto/48575/fonte-evga-500w-80-plus-white-100-w1-0500-kr
839,https://www.kabum.com.br/cgi-local/site/marketplace/listagem.cgi?produto=48575
840,https://www.kabum.com.br/produto/91022/fonte-corsair-550w-80-plus-bronze-cx550-cp-9020121
841,https://www.kabum.com.br/produto/69297/fonte-aerocool-500w-vx-500-en57136
842,https://www.kabum.com.br/cgi-local/site/marketplace/listagem.cgi?produto=69297
843,https://www.kabum.com.br/produto/99505/fonte-evga-700w-80-plus-bronze-100-br-0700-k
844,https://www.kabum.com.br/produto/91024/fonte-corsair-750w-80-plus-bronze-cx750-pfc-ativo-cp-9020123
845,https://www.kabum.com.br/produto/82787/fonte-evga-750w-80-plus-bronze-semi-modular-pfc-ativo-110-bq-0750-v
846,https://www.kabum.com.br/produto/82785/fonte-evga-650w-100-n1-0650-l
847,https://www.kabum.com.br/produto/83544/fonte-corsair-500w-80-plus-white-vs500-cp-9020118
848,https://www.kabum.com.br/produto/92714/fonte-evga-650w-80-plus-gold-pfc-ativo-100-gd-0650-v
849,https://www.kabum.com.br/produto/100108/fonte-cooler-master-elite-v3-600w-mpw-6001-acaan1
850,https://www.kabum.com.br/produto/92707/fonte-evga-450w-80-plus-bronze-100-bt-0450-k
851,https://www.kabum.com.br/produto/95018/fonte-bluecase-atx-350w-pfc-c-cabo-blu350pfc
852,https://www.kabum.com.br/produto/86873/fonte-br-one-350w-brx-up-s350
853,https://www.kabum.com.br/produto/93995/fonte-cooler-master-atx-500w-80-plus-white-masterwatt-lite-mpx-5001-acaaw-wo
854,https://www.kabum.com.br/produto/97955/fonte-corsair-450w-80-plus-white-vs450-cp-9020170
855,https://www.kabum.com.br/produto/83543/fonte-corsair-400w-80-plus-white-vs400-cp-9020117
856,https://www.kabum.com.br/produto/82786/fonte-evga-750w-100-n1-0750-l
857,https://www.kabum.com.br/produto/82784/fonte-evga-550w-100-n1-0550-l
858,https://www.kabum.com.br/produto/97291/fonte-thermaltake-430w-80-plus-white-smart-ps-spd-0430npcw
859,https://www.kabum.com.br/produto/94075/fonte-c3-tech-200w-atx-sem-cabo-ps-200v3
860,https://www.kabum.com.br/hardware/drives/gravador-blu-ray
861,https://www.kabum.com.br/hardware/drives/gravador-externo-de-dvd
862,https://www.kabum.com.br/hardware/drives/gravadores
863,https://www.kabum.com.br/hardware/drives/gravadores/cd-e-dvd
864,https://www.kabum.com.br/hardware/drives/gravadores/cd-dvd-e-blu-ray
865,https://www.kabum.com.br/hardware/drives/drives
866,https://www.kabum.com.br/produto/71577/drive-asus-gravador-e-leitor-de-cd-dvd-sata-24x-preto-drw-24f1mt-blk-b-as
867,https://www.kabum.com.br/produto/96171/-drive-asus-gravador-externo-cd-dvd-zendrive-u7m-ultra-slim-2-m-disc-incluidos-compativel-windows-e-mac-sdrw-08u7m-u-sil-g-as-
868,https://www.kabum.com.br/produto/40764/drive-asus-gravador-externo-stylish-diamond-de-cd-dvd-e-leitor-de-cd-dvd-8x-s-base-sdrw-08d2s-u-blk-g-as
869,https://www.kabum.com.br/produto/96628/drive-asus-gravador-externo-cd-dvd-zendrive-u9m-ultra-slim-1-tipo-c-1-tipo-a-windows-e-mac-nero-backitup-sdrw-08u9m-u-blk-g-as
870,https://www.kabum.com.br/produto/29933/drive-asus-gravador-externo-slim-de-cd-dvd-blu-ray-e-leitor-de-cd-dvd-blu-ray-sbw-06d2x-u-blk-g-as
871,https://www.kabum.com.br/produto/96629/drive-asus-gravador-externo-cd-dvd-zendrive-u9m-ultra-slim-1-tipo-c-1-tipo-a-windows-e-mac-nero-backitup-sdrw-08u9m-u-sil-g-as
872,https://www.kabum.com.br/produto/57232/drive-lite-on-gravador-de-dvd-ihas124-14-euv
873,https://www.kabum.com.br/produto/83664/drive-asus-gravador-externo-cd-dvd-zendrive-u7m-ultra-slim-2-m-disc-incluidos-compativel-windows-e-mac-sdrw-08u7m-u-blk-g-as
874,https://www.kabum.com.br/produto/55072/drive-lite-on-gravador-de-cd-dvd-e-leitor-de-cd-dvd-ihas122-14
875,https://www.kabum.com.br/produto/101359/drive-asus-gravador-externo-cd-dvd-blu-ray-leitor-cd-dvd-blu-ray-ultra-sim-windows-e-mac-sbw-06d5h-u
876,https://www.kabum.com.br/produto/63733/drive-lg-gravador-externo-de-cd-dvd-e-leitor-de-cd-dvd-gp65nb60-21410
877,https://www.kabum.com.br/produto/90202/drive-faster-gravador-externo-de-cd-dvd-e-leitor-de-cd-dvd-fgde81
878,https://www.kabum.com.br/produto/59210/drive-lg-gravador-de-cd-dvd-e-leitor-de-cd-dvd-24x-gh24nsc0
879,https://www.kabum.com.br/produto/99503/drive-bluecase-gravador-externo-de-cd-dvd-e-leitor-de-cd-dvd-bgde02case
880,https://www.kabum.com.br/produto/88842/drive-lg-gravador-cd-dvd-e-leitor-de-cd-dvd-blu-ray-uh12ns40
881,https://www.kabum.com.br/produto/85263/drive-lite-on-gravador-de-cd-dvd-e-leitor-de-cd-dvd-blu-ray-ihes108-29b
882,https://www.kabum.com.br/hardware/disco-rigido-hd/acessorios
883,https://www.kabum.com.br/hardware/disco-rigido-hd/acessorios/dock-station
884,https://www.kabum.com.br/hardware/disco-rigido-hd/acessorios/gaveta-externa-2-5
885,https://www.kabum.com.br/hardware/disco-rigido-hd/acessorios/gaveta-externa-3-5
886,https://www.kabum.com.br/hardware/disco-rigido-hd/acessorios/gaveta-interna
887,https://www.kabum.com.br/hardware/disco-rigido-hd/alta-performance
888,https://www.kabum.com.br/hardware/disco-rigido-hd/sata-3-5
889,https://www.kabum.com.br/hardware/disco-rigido-hd/sata-3-5/1000-gb
890,https://www.kabum.com.br/hardware/disco-rigido-hd/sata-3-5/12000-gb
891,https://www.kabum.com.br/hardware/disco-rigido-hd/sata-3-5/2000-0-gb
892,https://www.kabum.com.br/hardware/disco-rigido-hd/sata-3-5/3000-0-gb
893,https://www.kabum.com.br/hardware/disco-rigido-hd/sata-3-5/4000-0-gb
894,https://www.kabum.com.br/hardware/disco-rigido-hd/sata-3-5/8000-gb
895,https://www.kabum.com.br/hardware/disco-rigido-hd/externo-usb
896,https://www.kabum.com.br/hardware/disco-rigido-hd/externo-usb/1000-gb
897,https://www.kabum.com.br/hardware/disco-rigido-hd/externo-usb/10000-gb
898,https://www.kabum.com.br/hardware/disco-rigido-hd/externo-usb/2000-gb
899,https://www.kabum.com.br/hardware/disco-rigido-hd/externo-usb/3000-gb
900,https://www.kabum.com.br/hardware/disco-rigido-hd/externo-usb/4000-gb
901,https://www.kabum.com.br/hardware/disco-rigido-hd/externo-usb/5000-gb
902,https://www.kabum.com.br/hardware/disco-rigido-hd/externo-usb/6000-gb
903,https://www.kabum.com.br/hardware/disco-rigido-hd/externo-usb/8000-gb
904,https://www.kabum.com.br/hardware/disco-rigido-hd/interno-nas-
905,https://www.kabum.com.br/hardware/disco-rigido-hd/interno-nas-/10tb
906,https://www.kabum.com.br/hardware/disco-rigido-hd/interno-nas-/1tb
907,https://www.kabum.com.br/hardware/disco-rigido-hd/interno-nas-/2tb
908,https://www.kabum.com.br/hardware/disco-rigido-hd/interno-nas-/3tb
909,https://www.kabum.com.br/hardware/disco-rigido-hd/interno-nas-/4tb
910,https://www.kabum.com.br/hardware/disco-rigido-hd/interno-nas-/6tb
911,https://www.kabum.com.br/hardware/disco-rigido-hd/interno-nas-/8tb
912,https://www.kabum.com.br/hardware/disco-rigido-hd/externo-firewire
913,https://www.kabum.com.br/hardware/disco-rigido-hd/externo-firewire/1000-gb
914,https://www.kabum.com.br/hardware/disco-rigido-hd/externo-firewire/2000-gb
915,https://www.kabum.com.br/hardware/disco-rigido-hd/sata-2-5-notebook
916,https://www.kabum.com.br/hardware/disco-rigido-hd/sata-2-5-notebook/1000-0-gb
917,https://www.kabum.com.br/hardware/disco-rigido-hd/sata-2-5-notebook/2000-0-gb
918,https://www.kabum.com.br/hardware/disco-rigido-hd/sata-2-5-notebook/500-0-gb
919,https://www.kabum.com.br/hardware/disco-rigido-hd/cloud
920,https://www.kabum.com.br/hardware/disco-rigido-hd/cloud/asustor
921,https://www.kabum.com.br/hardware/disco-rigido-hd/cloud/d-link
922,https://www.kabum.com.br/hardware/disco-rigido-hd/cloud/wester-digital
923,https://www.kabum.com.br/hardware/disco-rigido-hd/portatil-usb
924,https://www.kabum.com.br/hardware/disco-rigido-hd/portatil-usb/1000-gb
925,https://www.kabum.com.br/hardware/disco-rigido-hd/portatil-usb/2000-0-gb
926,https://www.kabum.com.br/hardware/disco-rigido-hd/portatil-usb/3000-gb
927,https://www.kabum.com.br/hardware/disco-rigido-hd/portatil-usb/4000-gb
928,https://www.kabum.com.br/hardware/disco-rigido-hd/portatil-usb/5000-gb
929,https://www.kabum.com.br/hardware/disco-rigido-hd/portatil-usb/games
930,https://www.kabum.com.br/hardware/disco-rigido-hd/seguranca
931,https://www.kabum.com.br/hardware/disco-rigido-hd/seguranca/10tb
932,https://www.kabum.com.br/hardware/disco-rigido-hd/seguranca/1tb
933,https://www.kabum.com.br/hardware/disco-rigido-hd/seguranca/2tb
934,https://www.kabum.com.br/hardware/disco-rigido-hd/seguranca/3tb
935,https://www.kabum.com.br/hardware/disco-rigido-hd/seguranca/4tb
936,https://www.kabum.com.br/hardware/disco-rigido-hd/seguranca/6tb
937,https://www.kabum.com.br/hardware/disco-rigido-hd/seguranca/8tb
938,https://www.kabum.com.br/hardware/disco-rigido-hd/externo-ethernet
939,https://www.kabum.com.br/hardware/disco-rigido-hd/externo-ethernet/capacidade-total-12tb
940,https://www.kabum.com.br/hardware/disco-rigido-hd/externo-ethernet/capacidade-total-16tb
941,https://www.kabum.com.br/hardware/disco-rigido-hd/externo-ethernet/capacidade-total-4tb
942,https://www.kabum.com.br/hardware/disco-rigido-hd/externo-ethernet/capacidade-total-6tb
943,https://www.kabum.com.br/hardware/disco-rigido-hd/externo-ethernet/com-disco-rigido-hd-
944,https://www.kabum.com.br/hardware/disco-rigido-hd/externo-ethernet/sem-disco-rigido-hd
945,https://www.kabum.com.br/hardware/disco-rigido-hd/disco-rigido-hd
946,http://www.kabum.com.br/?string=&pagina=8&ordem=5&limite=30
947,https://www.kabum.com.br/produto/100916/hd-seagate-barracuda-2tb-3-5-sata-st2000dm008
948,https://www.kabum.com.br/produto/63735/hd-wd-blue-1tb-3-5-sata-wd10ezex
949,https://www.kabum.com.br/cgi-local/site/marketplace/listagem.cgi?produto=63735
950,https://www.kabum.com.br/produto/95803/hd-seagate-barracuda-4tb-3-5-sata-st4000dm004
951,https://www.kabum.com.br/produto/72470/hd-seagate-externo-portatil-expansion-usb-3-0-2tb-preto-stea2000400
952,https://www.kabum.com.br/produto/74807/case-c3-tech-p-hd-2-5-usb-3-0-vermelho-ch-300rd
953,https://www.kabum.com.br/produto/66405/hd-wd-externo-portatil-elements-usb-3-0-1tb-wdbuzg0010bbk
954,https://www.kabum.com.br/produto/85384/case-empire-caddy-p-hd-de-ultrabook-9-5mm-4337
955,https://www.kabum.com.br/produto/76281/hd-seagate-externo-portatil-expansion-usb-3-0-4tb-preto-stea4000400
956,https://www.kabum.com.br/produto/83677/case-empire-caddy-p-hd-de-notebook-12-7mm-4339
957,https://www.kabum.com.br/produto/83828/hd-seagate-surveillance-skyhawk-1tb-3-5-sata-st1000vx005
958,https://www.kabum.com.br/produto/84111/hd-seagate-ironwolf-nas-4tb-3-5-sata-st4000vn008
959,https://www.kabum.com.br/produto/74804/case-c3-tech-p-hd-2-5-cinza-ch-200gy
960,https://www.kabum.com.br/produto/90559/hd-wd-purple-surveillance-2tb-3-5-sata-wd20purz
961,https://www.kabum.com.br/produto/94060/hd-seagate-externo-portatil-backup-plus-usb-3-0-5tb-preto-stdr5000100
962,https://www.kabum.com.br/produto/90558/hd-wd-purple-surveillance-1tb-3-5-sata-wd10purz
963,https://www.kabum.com.br/cgi-local/site/marketplace/listagem.cgi?produto=90558
964,https://www.kabum.com.br/produto/90720/hd-wd-purple-surveillance-4tb-3-5-sata-wd40purz
965,https://www.kabum.com.br/produto/83837/hd-seagate-ironwolf-nas-2tb-3-5-sata-st2000vn004
966,https://www.kabum.com.br/produto/83616/hd-seagate-barracuda-3tb-3-5-sata-st3000dm008
967,https://www.kabum.com.br/produto/85483/hd-seagate-ironwolf-nas-8tb-3-5-sata-st8000vn0022
968,https://www.kabum.com.br/produto/90561/hd-wd-purple-surveillance-6tb-3-5-sata-wd60purz
969,https://www.kabum.com.br/produto/85842/hd-seagate-barracuda-1tb-2-5-notebook-sata-st1000lm048
970,https://www.kabum.com.br/produto/74803/case-c3-tech-p-hd-2-5-preto-ch-200bk
971,https://www.kabum.com.br/produto/12296/case-multilaser-p-hd-2-5-preto-ga057
972,https://www.kabum.com.br/produto/90560/hd-wd-purple-surveillance-3tb-3-5-sata-wd30purz
973,https://www.kabum.com.br/produto/99483/adaptador-hdd-sdd-multilaser-para-notebook-baia-9-5mm-cd-dvd-ga172
974,https://www.kabum.com.br/produto/80597/hd-wd-blue-2tb-3-5-sata-wd20ezrz
975,https://www.kabum.com.br/produto/93575/hd-wd-externo-portatil-elements-usb-3-0-2tb-wdbu6y0020bbk
976,https://www.kabum.com.br/cgi-local/site/tools/banner.cgi?W=Lx1026&int_banner_name=Theme%20coolermaster%20LIQUID&int_banner_position=tematizacao_listagem
977,https://www.kabum.com.br/cgi-local/site/tools/banner.cgi?W=LTx1026&int_banner_name=Theme%20coolermaster%20LIQUID&int_banner_position=tematizacao_listagem
978,https://www.kabum.com.br/hardware/coolers/12-cm
979,https://www.kabum.com.br/hardware/coolers/cabo
980,https://www.kabum.com.br/hardware/coolers/controladores
981,https://www.kabum.com.br/hardware/coolers/fan
982,https://www.kabum.com.br/hardware/coolers/fan/10-cm
983,https://www.kabum.com.br/hardware/coolers/fan/12-cm
984,https://www.kabum.com.br/hardware/coolers/fan/14-cm
985,https://www.kabum.com.br/hardware/coolers/fan/18-cm
986,https://www.kabum.com.br/hardware/coolers/fan/20-cm
987,https://www.kabum.com.br/hardware/coolers/fan/8-cm
988,https://www.kabum.com.br/hardware/coolers/fan/9-cm
989,https://www.kabum.com.br/hardware/coolers/fan/ssd
990,https://www.kabum.com.br/hardware/coolers/filtro
991,https://www.kabum.com.br/hardware/coolers/filtro/12-cm
992,https://www.kabum.com.br/hardware/coolers/filtro/8-cm
993,https://www.kabum.com.br/hardware/coolers/kit-de-montagem-
994,https://www.kabum.com.br/hardware/coolers/notebook-notepal
995,https://www.kabum.com.br/hardware/coolers/pasta-termica
996,https://www.kabum.com.br/hardware/coolers/placa-de-video-vga
997,https://www.kabum.com.br/hardware/coolers/processador-
998,https://www.kabum.com.br/hardware/coolers/processador-/processador-amd-
999,https://www.kabum.com.br/hardware/coolers/processador-/processador-amd-intel-
1000,https://www.kabum.com.br/hardware/coolers/processador-/processador-intel-
1001,https://www.kabum.com.br/hardware/coolers/watercooler
1002,https://www.kabum.com.br/hardware/coolers/coolers
1003,http://www.kabum.com.br/?string=&pagina=14&ordem=5&limite=30
1004,https://www.kabum.com.br/produto/55845/pasta-termica-deepcool-z5-dp-tim-z5-2
1005,https://www.kabum.com.br/produto/33609/cooler-para-processador-coolermaster-blizzard-t2-amd-intel-rr-t2-22fp-r1
1006,https://www.kabum.com.br/cgi-local/site/marketplace/listagem.cgi?produto=33609
1007,https://www.kabum.com.br/produto/71487/base-para-notebook-multilaser-hexa-com-6-coolers-ate-17-ac282
1008,https://www.kabum.com.br/produto/78570/watercooler-corsair-hydro-series-high-performance-h45-cw-9060028-ww
1009,https://www.kabum.com.br/produto/17487/pasta-termica-implastec-thermal-silver-seringa-5g-35390
1010,https://www.kabum.com.br/produto/100694/water-cooler-corsair-hydro-h50-12cm-cw-9060006-ww
1011,https://www.kabum.com.br/produto/17401/pasta-termica-implastec-15g-6155-2484
1012,https://www.kabum.com.br/produto/94222/watercooler-deepcool-maelstron-120t-vermelho-am4-dp-gs-h12rl-ms120t-redam4
1013,https://www.kabum.com.br/produto/36410/base-para-notebook-multilaser-com-cooler-ac166
1014,https://www.kabum.com.br/produto/95786/pasta-termica-pcyes-ocx-by-gelid-1g-ocx01gld
1015,https://www.kabum.com.br/produto/100188/cooler-fan-cooler-master-mf120r-r4-c1ds-20pc-r1
1016,https://www.kabum.com.br/produto/102146/pasta-termica-corsair-tm30-ct-9010001-ww
1017,https://www.kabum.com.br/produto/48201/cooler-fan-g-fire-com-led-azul-120mm-ew-2252-lgex
1018,https://www.kabum.com.br/produto/55847/cooler-fan-deepcool-wind-blade-120-12x12cm-super-silent-big-airflow-blue-led-dp-fled-wb120
1019,https://www.kabum.com.br/produto/59069/cooler-processador-deepcool-ice-edge-mini-fs-v2-0-amd-intel-dp-mch2-iemv2
1020,https://www.kabum.com.br/produto/96491/cooler-para-processador-cooler-master-intel-amd-masterair-ma410p-map-t4pn-220pc-r1
1021,https://www.kabum.com.br/produto/81046/pasta-termica-md9-bisnaga-10g-3376
1022,https://www.kabum.com.br/produto/85733/base-gamer-warrior-master-cooler-com-5-fan-para-notebook-ac292
1023,https://www.kabum.com.br/produto/90889/base-para-notebook-17-3-c3-tech-nbc-100bk
1024,https://www.kabum.com.br/produto/96505/cooler-fan-cooler-master-masterfan-mf120l-azul-r4-c1ds-12fb-r1
1025,https://www.kabum.com.br/produto/66039/pasta-termica-deepcool-z3-dp-tim-z3-2
1026,https://www.kabum.com.br/produto/93074/watercooler-pcyes-sangue-frio-240mm-preto-pwc240h40ptsl
1027,https://www.kabum.com.br/produto/95706/watercooler-cooler-master-masterliquid-ml120l-rgb-120mm-mlw-d12m-a20pc-r1-
1028,https://www.kabum.com.br/produto/87396/cooler-fan-deepcool-windblade-120mm-red-dp-fled-wb120-rd
1029,https://www.kabum.com.br/produto/81040/cooler-fan-md9-80x80-7508
1030,https://www.kabum.com.br/produto/50715/pasta-termica-implastec-bisnaga-50g-
1031,https://www.kabum.com.br/produto/55848/cooler-fan-deepcool-12x12cm-super-silent-big-airflow-blue-led-xfan120l-b
1032,https://www.kabum.com.br/produto/100185/cooler-para-processador-cooler-master-rh-i50-20fk-r1
1033,https://www.kabum.com.br/produto/40661/filtro-com-tela-para-cooler-akasa-120mm-grm12030
1034,https://www.kabum.com.br/produto/95787/pasta-termica-pcyes-ocx-by-gelid-3-5g-ocx03-5gld
