id,links
0,http://www.magazineluiza.com.br/nossas-lojas
1,https://www.magazinevoce.com.br/?utm_campaign=header-site&utm_medium=referencia&utm_source=magazineluiza
2,https://especiais.magazineluiza.com.br/regulamentos/
3,http://especiais.magazineluiza.com.br/acessibilidade/
4,http://www.magazineluiza.com.br/acompanhamento
5,http://www.magazineluiza.com.br/central-de-atendimento
6,http://trocas.magazineluiza.com.br/
7,http://www.magazineluiza.com.br/seu-espaco
8,http://www.magazineluiza.com.br/favoritos
9,http://www.magazineluiza.com.br/cliente/logoff
10,http://www.magazineluiza.com.br/cliente/login
11,http://www.magazineluiza.com.br/#
12,https://www.magazineluiza.com.br/landingpage/?header=ofertasdodiaheader.png&unavailable=false&bob=true&menu=selecao-ofertasdodia&showcase=selecao-ofertasdodia
13,https://www.magazineluiza.com.br/celulares-e-telefones/l/te/
14,https://www.magazineluiza.com.br/moveis-e-decoracao/l/mo/
15,https://www.magazineluiza.com.br/eletrodomesticos/l/ed/
16,https://www.magazineluiza.com.br/tv-e-video/l/et/
17,https://www.magazineluiza.com.br/informatica/l/in/
18,https://especiais.magazineluiza.com.br/saldao/
19,https://especiais.magazineluiza.com.br/netshoes/
20,https://especiais.magazineluiza.com.br/cartao-luiza
21,https://www.magazineluiza.com.br/informatica-e-acessorios/l/ia/
22,https://www.magazineluiza.com.br/ar-e-ventilacao/l/ar/
23,https://www.magazineluiza.com.br/artesanato/l/am/
24,https://www.magazineluiza.com.br/audio/l/ea/
25,https://www.magazineluiza.com.br/automotivo/l/au/
26,https://www.magazineluiza.com.br/bebe/l/bb/
27,https://www.magazineluiza.com.br/perfumaria/l/pf/
28,https://www.magazineluiza.com.br/brinquedos/l/br/
29,https://www.magazineluiza.com.br/cama-mesa-e-banho/l/cm/
30,https://www.magazineluiza.com.br/cameras-e-filmadoras/l/cf/
31,https://www.magazineluiza.com.br/casa-e-jardim/l/cj/
32,https://www.magazineluiza.com.br/celulares-e-smartphones/l/te/
33,https://www.magazineluiza.com.br/colchoes/l/co/
34,https://www.magazineluiza.com.br/linha-industrial/l/pi/
35,https://www.magazineluiza.com.br/eletroportateis/l/ep/
36,https://www.magazineluiza.com.br/esporte-e-lazer/l/es/
37,https://www.magazineluiza.com.br/ferramentas-e-seguranca/l/fs/
38,https://www.magazineluiza.com.br/games/l/ga/
39,https://www.magazineluiza.com.br/instrumentos-musicais/l/im/
40,https://www.magazineluiza.com.br/livros/l/li/
41,https://www.magazineluiza.com.br/mercado/l/me/
42,https://www.magazineluiza.com.br/moda-e-acessorios/l/md/
43,https://www.magazineluiza.com.br/papelaria/l/pa/
44,https://www.magazineluiza.com.br/pet-shop/l/pe/
45,https://www.magazineluiza.com.br/relogios/l/re/
46,https://www.magazineluiza.com.br/beleza-e-saude/l/cp/
47,https://www.magazineluiza.com.br/servicos/l/se/
48,https://www.magazineluiza.com.br/suplementos-alimentares/l/sa/
49,https://www.magazineluiza.com.br/tablets/l/tb/
50,https://www.magazineluiza.com.br/telefonia-fixa/l/tf/
51,https://www.magazineluiza.com.br/utilidades-domesticas/l/ud/
52,https://especiais.magazineluiza.com.br/plano-controle/
53,https://www.magazineluiza.com.br/lojista/consorcioluiza
54,https://www.residencialmagazineluiza.com.br/
55,https://especiais.magazineluiza.com.br/clube-da-lu/
56,https://especiais.magazineluiza.com.br/marketplace/
57,https://www.magazineluiza.com.br/luizacred/?id=1&s_cid=prc|ncc|pagprod|menu-departamentos|ccr|1|0|-|-|it&pco=CDL9996|AV-55|p1-lui
58,https://www.magazineluiza.com.br/empresas/
59,https://www.querodecasamento.com.br/lista-de-casamento/?utm_source=magazineluiza&utm_medium=menuexpandido&utm_campaign=clienteqdc
60,https://www.luizaseg.com.br/
61,https://www.magazineluiza.com.br/galaxy-s10/celulares-e-smartphones/s/te/gs10/
62,https://www.magazineluiza.com.br/galaxy-a50/celulares-e-smartphones/s/te/sga5/
63,https://www.magazineluiza.com.br/galaxy-m30/celulares-e-smartphones/s/te/gm30/
64,https://www.magazineluiza.com.br/redmi-note-7/celulares-e-smartphones/s/te/rnt7/
65,https://www.magazineluiza.com.br/iphone-xr/celulares-e-smartphones/s/te/ipxr/
66,https://www.magazineluiza.com.br/iphone-8-plus/celulares-e-smartphones/s/te/ip8p/
67,https://www.magazineluiza.com.br/motorola-one-vision/celulares-e-smartphones/s/te/movs/
68,https://www.magazineluiza.com.br/moto-g7-play/celulares-e-smartphones/s/te/mtgp/
69,https://www.magazineluiza.com.br/huawei-p30/celulares-e-smartphones/s/te/hwp3/
70,https://www.magazineluiza.com.br/lg-k12+/celulares-e-smartphones/s/te/k12p/
71,https://www.magazineluiza.com.br/guarda-roupas-roupeiro/moveis-e-decoracao/s/mo/guro/
72,https://www.magazineluiza.com.br/cozinhas-compactas/moveis-e-decoracao/s/mo/ccom/
73,https://www.magazineluiza.com.br/racks/moveis-e-decoracao/s/mo/racm/
74,https://www.magazineluiza.com.br/cama-box/colchoes/s/co/cmbx/
75,https://www.magazineluiza.com.br/sofas/moveis-e-decoracao/s/mo/msof/
76,https://www.magazineluiza.com.br/paineis-para-tv/moveis-e-decoracao/s/mo/mopa/
77,https://www.magazineluiza.com.br/escrivaninhas-e-mesas-para-computador/moveis-e-decoracao/s/mo/meav/
78,https://www.magazineluiza.com.br/mesa-de-jantar/moveis-e-decoracao/s/mo/momj/
79,https://www.magazineluiza.com.br/geladeira-refrigerador/eletrodomesticos/s/ed/refr/
80,https://www.magazineluiza.com.br/micro-ondas/eletrodomesticos/s/ed/mond/
81,https://www.magazineluiza.com.br/lavadora-de-roupas/eletrodomesticos/s/ed/lava/
82,https://www.magazineluiza.com.br/lavadora-de-roupas-lava-e-seca/eletrodomesticos/s/ed/ela1/
83,https://www.magazineluiza.com.br/fogao/eletrodomesticos/s/ed/fogo/
84,https://www.magazineluiza.com.br/cooktops/eletrodomesticos/s/ed/cook/
85,https://www.magazineluiza.com.br/ar-condicionado/ar-e-ventilacao/s/ar/arar/
86,https://www.magazineluiza.com.br/maquinas-de-costura/eletrodomesticos/s/ed/mcel/
87,https://www.magazineluiza.com.br/smart-tv/tv-e-video/s/et/elit/
88,https://www.magazineluiza.com.br/tv-led/tv-e-video/s/et/tled/
89,https://www.magazineluiza.com.br/tv-4k/tv-e-video/s/et/tv4k/
90,https://www.magazineluiza.com.br/monitor-tv/tv-e-video/s/et/emtv/
91,https://www.magazineluiza.com.br/home-theater/audio/s/ea/eaht/
92,https://www.magazineluiza.com.br/soundbar/audio/s/ea/sdbr/
93,https://www.magazineluiza.com.br/dvd-player/tv-e-video/s/et/tvdb/
94,https://www.magazineluiza.com.br/projetor-data-show/tv-e-video/s/et/eapj/
95,https://www.magazineluiza.com.br/chromecast/tv-e-video/s/et/aple/
96,https://www.magazineluiza.com.br/notebook/informatica/s/in/note/
97,https://www.magazineluiza.com.br/computador/informatica/s/in/micr/
98,https://www.magazineluiza.com.br/computador-all-in-one/informatica/s/in/inao/
99,https://www.magazineluiza.com.br/monitor/informatica/s/in/mlcd/
100,https://www.magazineluiza.com.br/macbook/informatica/s/in/mack/
101,https://www.magazineluiza.com.br/informatica/impressoras-e-multifuncionais/s/in/ipmf/
102,https://www.magazineluiza.com.br/informatica/pen-drive/s/in/pedv/
103,https://www.magazineluiza.com.br/informatica/hd-externo/s/in/hdex/
104,https://www.magazineluiza.com.br/informatica/roteador/s/in/rtdr/
105,http://www.magazineluiza.com.br/luizacompany/vendas-no-atacado.html
106,http://www.magazineluiza.com.br/luizacompany/programas-de-premiacao.html
107,http://www.magazineluiza.com.br/empresas
108,https://www.magazineluiza.com.br/luizacred/?id=1&s_cid=prc|ncc|pagprod|home-servicos|ccr|1|0|-|-|it&pco=CDL9996|AV-55|p1-lui
109,http://www.luizaseg.com.br/
110,http://www.consorcioluiza.com.br/?parceiro=ml
111,http://www.magazinevoce.com.br/?utm_campaign=footer-site&utm_medium=referencia&utm_source=magazineluiza
112,https://www.querodecasamento.com.br/lista-de-casamento/?utm_source=magazineluiza&utm_medium=bannerlogo&utm_campaign=clienteqdc
113,https://www.luizaseg.com.br/garantia-estendida.php
114,http://www.magazineluiza.com.br/PortaldaLu
115,http://blogdalu.magazineluiza.com.br/
116,http://www.facebook.com/magazineluiza
117,http://twitter.com/magazineluiza
118,http://pinterest.com/magazineluiza/
119,http://www.youtube.com/v/kTvZxicjMSc?hl=pt&
120,http://www.youtube.com/v/YO4DABNrHL4?hl=pt&
121,http://www.youtube.com/v/NZeX0LmjJkM?hl=pt&
122,https://c.mlcdn.com.br/podcast/2217118.mp3
123,https://c.mlcdn.com.br/podcast/2214320.mp3
124,https://c.mlcdn.com.br/podcast/2214915.mp3
125,https://www.magazineluiza.com.br/central-de-atendimento/duvidas-frequentes/pagamento/
126,http://www.internetsegura.org/
127,https://www.uoldiveo.com.br/#rmcl
128,https://selo.clearsale.com.br/Loja/ExibirDetalhesLoja/2bda1f38-808d-4e93-83dd-6ad2c31609cf
129,https://www.consumidor.gov.br/pages/empresa/20140206000001481/perfil
130,http://www.ebit.com.br/552
131,https://www.magazineluiza.com.br/saude-e-cuidados-pessoais/l/cp/
132,https://www.magazineluiza.com.br/central-de-atendimento/
133,https://www.magazineluiza.com.br/acompanhamento/
134,https://www.magazineluiza.com.br/central-de-atendimento/duvidas-frequentes/troca-e-devolucao/
135,https://www.magazineluiza.com.br/central-de-atendimento/duvidas-frequentes/termo-de-compra-e-venda/
136,https://www.magazineluiza.com.br/central-de-atendimento/duvidas-frequentes/arrependimento-ou-desistencia/
137,https://www.magazineluiza.com.br/central-de-atendimento/fornecedores/
138,https://especiais.magazineluiza.com.br/servicos/recarga-premiada/
139,https://www.querodecasamento.com.br/busca/?utm_source=magazineluiza.com.br&utm_medium=referral&utm_campaign=convidados
140,https://www.consorcioluiza.com.br/?parceiro=ml
141,https://www.magazineluiza.com.br/luizacred/?cid=prc|ncc|pagprod|footer|ccr|1|0|||it&pco=CDL9996|AV-55|p1-lui
142,https://www.magazinevoce.com.br/
143,https://www.clubedalu.com.br/?partner_id=10834&utm_source=magazineluiza&utm_medium=site&utm_campaign=brand
144,https://www.querodecasamento.com.br/
145,https://www.magazineluiza.com.br/magamais
146,https://www.magazineluiza.com.br/parcerias/
147,https://ri.magazineluiza.com.br/ShowCanal/Quem-Somos?=urUqu4hANldyCLgMRgOsTw==
148,https://www.magazineluiza.com.br/nossas-lojas/
149,https://www.magazineluiza.com.br/portaldalu/
150,http://carreiras.magazineluiza.com.br/
151,https://www.magazineluiza.com.br/programaouro
152,https://ri.magazineluiza.com.br/informacao_estudantes.aspx
153,https://ri.magazineluiza.com.br/ShowCanal/Assessoria-de-Imprensa?=v/uwU0bI4sCOR0g5jjZZxQ==
154,https://ri.magazineluiza.com.br/
155,https://ri.magazineluiza.com.br/Default.aspx?idioma=enu&linguagem=en
156,https://www.accesstage.com.br/PortalFinanceiro/login.jsf
157,https://especiais.magazineluiza.com.br/acessibilidade/
158,http://www.magazineluiza.com.br/redirect/mobile
159,https://www.magazineluiza.com.br/central-de-atendimento/fale-conosco/
160,http://www.magazineluiza.com.br/
161,http://www.magazineluiza.com.br/nossas-lojas/busca/?city=Arapiraca&state=AL
162,http://www.magazineluiza.com.br/nossas-lojas/busca/?city=Coruripe&state=AL
163,http://www.magazineluiza.com.br/nossas-lojas/busca/?city=Maceio&state=AL
164,http://www.magazineluiza.com.br/nossas-lojas/busca/?city=Penedo&state=AL
165,http://www.magazineluiza.com.br/nossas-lojas/busca/?city=Alagoinhas&state=BA
166,http://www.magazineluiza.com.br/nossas-lojas/busca/?city=Barreiras&state=BA
167,http://www.magazineluiza.com.br/nossas-lojas/busca/?city=Brumado&state=BA
168,http://www.magazineluiza.com.br/nossas-lojas/busca/?city=Camacari&state=BA
169,http://www.magazineluiza.com.br/nossas-lojas/busca/?city=Candeias&state=BA
170,http://www.magazineluiza.com.br/nossas-lojas/busca/?city=Catu&state=BA
171,http://www.magazineluiza.com.br/nossas-lojas/busca/?city=Eunapolis&state=BA
172,http://www.magazineluiza.com.br/nossas-lojas/busca/?city=Guanambi&state=BA
173,http://www.magazineluiza.com.br/nossas-lojas/busca/?city=Ilheus&state=BA
174,http://www.magazineluiza.com.br/nossas-lojas/busca/?city=Ipiau&state=BA
175,http://www.magazineluiza.com.br/nossas-lojas/busca/?city=Irece&state=BA
176,http://www.magazineluiza.com.br/nossas-lojas/busca/?city=Itaberaba&state=BA
177,http://www.magazineluiza.com.br/nossas-lojas/busca/?city=Itabuna&state=BA
178,http://www.magazineluiza.com.br/nossas-lojas/busca/?city=Itamaraju&state=BA
179,http://www.magazineluiza.com.br/nossas-lojas/busca/?city=Itapetinga&state=BA
180,http://www.magazineluiza.com.br/nossas-lojas/busca/?city=Jacobina&state=BA
181,http://www.magazineluiza.com.br/nossas-lojas/busca/?city=Jaguaquara&state=BA
182,http://www.magazineluiza.com.br/nossas-lojas/busca/?city=Jequie&state=BA
183,http://www.magazineluiza.com.br/nossas-lojas/busca/?city=Juazeiro&state=BA
184,http://www.magazineluiza.com.br/nossas-lojas/busca/?city=Salvador&state=BA
185,http://www.magazineluiza.com.br/nossas-lojas/busca/?city=Serrinha&state=BA
186,http://www.magazineluiza.com.br/nossas-lojas/busca/?city=Xique-xique&state=BA
187,http://www.magazineluiza.com.br/nossas-lojas/busca/?city=Aracati&state=CE
188,http://www.magazineluiza.com.br/nossas-lojas/busca/?city=Camocim&state=CE
189,http://www.magazineluiza.com.br/nossas-lojas/busca/?city=Caninde&state=CE
190,http://www.magazineluiza.com.br/nossas-lojas/busca/?city=Cascavel&state=CE
191,http://www.magazineluiza.com.br/nossas-lojas/busca/?city=Caucaia&state=CE
192,http://www.magazineluiza.com.br/nossas-lojas/busca/?city=Crateus&state=CE
193,http://www.magazineluiza.com.br/nossas-lojas/busca/?city=Crato&state=CE
194,http://www.magazineluiza.com.br/nossas-lojas/busca/?city=Fortaleza&state=CE
195,http://www.magazineluiza.com.br/nossas-lojas/busca/?city=Iguatu&state=CE
196,http://www.magazineluiza.com.br/nossas-lojas/busca/?city=Itapipoca&state=CE
197,http://www.magazineluiza.com.br/nossas-lojas/busca/?city=Maracanau&state=CE
198,http://www.magazineluiza.com.br/nossas-lojas/busca/?city=Maranguape&state=CE
199,http://www.magazineluiza.com.br/nossas-lojas/busca/?city=Pacajus&state=CE
200,http://www.magazineluiza.com.br/nossas-lojas/busca/?city=Quixada&state=CE
201,http://www.magazineluiza.com.br/nossas-lojas/busca/?city=Sobral&state=CE
202,http://www.magazineluiza.com.br/nossas-lojas/busca/?city=Tiangua&state=CE
203,http://www.magazineluiza.com.br/nossas-lojas/busca/?city=Brasilia&state=DF
204,http://www.magazineluiza.com.br/nossas-lojas/busca/?city=Anapolis&state=GO
205,http://www.magazineluiza.com.br/nossas-lojas/busca/?city=Catalao&state=GO
206,http://www.magazineluiza.com.br/nossas-lojas/busca/?city=Cristalina&state=GO
207,http://www.magazineluiza.com.br/nossas-lojas/busca/?city=Goianesia&state=GO
208,http://www.magazineluiza.com.br/nossas-lojas/busca/?city=Goiania&state=GO
209,http://www.magazineluiza.com.br/nossas-lojas/busca/?city=Goianira&state=GO
210,http://www.magazineluiza.com.br/nossas-lojas/busca/?city=Inhumas&state=GO
211,http://www.magazineluiza.com.br/nossas-lojas/busca/?city=Itaberai&state=GO
212,http://www.magazineluiza.com.br/nossas-lojas/busca/?city=Itumbiara&state=GO
213,http://www.magazineluiza.com.br/nossas-lojas/busca/?city=Jaragua&state=GO
214,http://www.magazineluiza.com.br/nossas-lojas/busca/?city=Jatai&state=GO
215,http://www.magazineluiza.com.br/nossas-lojas/busca/?city=Mineiros&state=GO
216,http://www.magazineluiza.com.br/nossas-lojas/busca/?city=Morrinhos&state=GO
217,http://www.magazineluiza.com.br/nossas-lojas/busca/?city=Planaltina&state=GO
218,http://www.magazineluiza.com.br/nossas-lojas/busca/?city=Porangatu&state=GO
219,http://www.magazineluiza.com.br/nossas-lojas/busca/?city=Quirinopolis&state=GO
220,http://www.magazineluiza.com.br/nossas-lojas/busca/?city=Uruacu&state=GO
221,http://www.magazineluiza.com.br/nossas-lojas/busca/?city=Acailandia&state=MA
222,http://www.magazineluiza.com.br/nossas-lojas/busca/?city=Bacabal&state=MA
223,http://www.magazineluiza.com.br/nossas-lojas/busca/?city=Balsas&state=MA
224,http://www.magazineluiza.com.br/nossas-lojas/busca/?city=Buriticupu&state=MA
225,http://www.magazineluiza.com.br/nossas-lojas/busca/?city=Caxias&state=MA
226,http://www.magazineluiza.com.br/nossas-lojas/busca/?city=Chapadinha&state=MA
227,http://www.magazineluiza.com.br/nossas-lojas/busca/?city=Codo&state=MA
228,http://www.magazineluiza.com.br/nossas-lojas/busca/?city=Colinas&state=MA
229,http://www.magazineluiza.com.br/nossas-lojas/busca/?city=Coroata&state=MA
230,http://www.magazineluiza.com.br/nossas-lojas/busca/?city=Estreito&state=MA
231,http://www.magazineluiza.com.br/nossas-lojas/busca/?city=Grajau&state=MA
232,http://www.magazineluiza.com.br/nossas-lojas/busca/?city=Imperatriz&state=MA
233,http://www.magazineluiza.com.br/nossas-lojas/busca/?city=Pedreiras&state=MA
234,http://www.magazineluiza.com.br/nossas-lojas/busca/?city=Pinheiro&state=MA
235,http://www.magazineluiza.com.br/nossas-lojas/busca/?city=Raposa&state=MA
236,http://www.magazineluiza.com.br/nossas-lojas/busca/?city=Timon&state=MA
237,http://www.magazineluiza.com.br/nossas-lojas/busca/?city=Caceres&state=MT
238,http://www.magazineluiza.com.br/nossas-lojas/busca/?city=Cuiaba&state=MT
239,http://www.magazineluiza.com.br/nossas-lojas/busca/?city=Jaciara&state=MT
240,http://www.magazineluiza.com.br/nossas-lojas/busca/?city=Juina&state=MT
241,http://www.magazineluiza.com.br/nossas-lojas/busca/?city=Rondonopolis&state=MT
242,http://www.magazineluiza.com.br/nossas-lojas/busca/?city=Sinop&state=MT
243,http://www.magazineluiza.com.br/nossas-lojas/busca/?city=Sorriso&state=MT
244,http://www.magazineluiza.com.br/nossas-lojas/busca/?city=Aquidauana&state=MS
245,http://www.magazineluiza.com.br/nossas-lojas/busca/?city=Corumba&state=MS
246,http://www.magazineluiza.com.br/nossas-lojas/busca/?city=Coxim&state=MS
247,http://www.magazineluiza.com.br/nossas-lojas/busca/?city=Dourados&state=MS
248,http://www.magazineluiza.com.br/nossas-lojas/busca/?city=Maracaju&state=MS
249,http://www.magazineluiza.com.br/nossas-lojas/busca/?city=Navirai&state=MS
250,http://www.magazineluiza.com.br/nossas-lojas/busca/?city=Paranaiba&state=MS
251,http://www.magazineluiza.com.br/nossas-lojas/busca/?city=Sidrolandia&state=MS
252,http://www.magazineluiza.com.br/nossas-lojas/busca/?city=Abaete&state=MG
253,http://www.magazineluiza.com.br/nossas-lojas/busca/?city=Alfenas&state=MG
254,http://www.magazineluiza.com.br/nossas-lojas/busca/?city=Alpinopolis&state=MG
255,http://www.magazineluiza.com.br/nossas-lojas/busca/?city=Andradas&state=MG
256,http://www.magazineluiza.com.br/nossas-lojas/busca/?city=Araguari&state=MG
257,http://www.magazineluiza.com.br/nossas-lojas/busca/?city=Araxa&state=MG
258,http://www.magazineluiza.com.br/nossas-lojas/busca/?city=Arcos&state=MG
259,http://www.magazineluiza.com.br/nossas-lojas/busca/?city=Bambui&state=MG
260,http://www.magazineluiza.com.br/nossas-lojas/busca/?city=Barbacena&state=MG
261,http://www.magazineluiza.com.br/nossas-lojas/busca/?city=Betim&state=MG
262,http://www.magazineluiza.com.br/nossas-lojas/busca/?city=Brumadinho&state=MG
263,http://www.magazineluiza.com.br/nossas-lojas/busca/?city=Caete&state=MG
264,http://www.magazineluiza.com.br/nossas-lojas/busca/?city=Cambui&state=MG
265,http://www.magazineluiza.com.br/nossas-lojas/busca/?city=Caratinga&state=MG
266,http://www.magazineluiza.com.br/nossas-lojas/busca/?city=Cassia&state=MG
267,http://www.magazineluiza.com.br/nossas-lojas/busca/?city=Cataguases&state=MG
268,http://www.magazineluiza.com.br/nossas-lojas/busca/?city=Claudio&state=MG
269,http://www.magazineluiza.com.br/nossas-lojas/busca/?city=Contagem&state=MG
270,http://www.magazineluiza.com.br/nossas-lojas/busca/?city=Coromandel&state=MG
271,http://www.magazineluiza.com.br/nossas-lojas/busca/?city=Curvelo&state=MG
272,http://www.magazineluiza.com.br/nossas-lojas/busca/?city=Divinopolis&state=MG
273,http://www.magazineluiza.com.br/nossas-lojas/busca/?city=Extrema&state=MG
274,http://www.magazineluiza.com.br/nossas-lojas/busca/?city=Formiga&state=MG
275,http://www.magazineluiza.com.br/nossas-lojas/busca/?city=Frutal&state=MG
276,http://www.magazineluiza.com.br/nossas-lojas/busca/?city=Guaxupe&state=MG
277,http://www.magazineluiza.com.br/nossas-lojas/busca/?city=Ibia&state=MG
278,http://www.magazineluiza.com.br/nossas-lojas/busca/?city=Igarape&state=MG
279,http://www.magazineluiza.com.br/nossas-lojas/busca/?city=Ipatinga&state=MG
280,http://www.magazineluiza.com.br/nossas-lojas/busca/?city=Itabira&state=MG
281,http://www.magazineluiza.com.br/nossas-lojas/busca/?city=Itabirito&state=MG
282,http://www.magazineluiza.com.br/nossas-lojas/busca/?city=Itajuba&state=MG
283,http://www.magazineluiza.com.br/nossas-lojas/busca/?city=Itauna&state=MG
284,http://www.magazineluiza.com.br/nossas-lojas/busca/?city=Ituiutaba&state=MG
285,http://www.magazineluiza.com.br/nossas-lojas/busca/?city=Iturama&state=MG
286,http://www.magazineluiza.com.br/nossas-lojas/busca/?city=Jacutinga&state=MG
287,http://www.magazineluiza.com.br/nossas-lojas/busca/?city=Janauba&state=MG
288,http://www.magazineluiza.com.br/nossas-lojas/busca/?city=Juatuba&state=MG
289,http://www.magazineluiza.com.br/nossas-lojas/busca/?city=Lavras&state=MG
290,http://www.magazineluiza.com.br/nossas-lojas/busca/?city=Leopoldina&state=MG
291,http://www.magazineluiza.com.br/nossas-lojas/busca/?city=Machado&state=MG
292,http://www.magazineluiza.com.br/nossas-lojas/busca/?city=Manhuacu&state=MG
293,http://www.magazineluiza.com.br/nossas-lojas/busca/?city=Muriae&state=MG
294,http://www.magazineluiza.com.br/nossas-lojas/busca/?city=Nepomuceno&state=MG
295,http://www.magazineluiza.com.br/nossas-lojas/busca/?city=Oliveira&state=MG
296,http://www.magazineluiza.com.br/nossas-lojas/busca/?city=Paracatu&state=MG
297,http://www.magazineluiza.com.br/nossas-lojas/busca/?city=Paraguacu&state=MG
298,http://www.magazineluiza.com.br/nossas-lojas/busca/?city=Passos&state=MG
299,http://www.magazineluiza.com.br/nossas-lojas/busca/?city=Patrocinio&state=MG
300,http://www.magazineluiza.com.br/nossas-lojas/busca/?city=Perdoes&state=MG
301,http://www.magazineluiza.com.br/nossas-lojas/busca/?city=Pitangui&state=MG
302,http://www.magazineluiza.com.br/nossas-lojas/busca/?city=Piumhi&state=MG
303,http://www.magazineluiza.com.br/nossas-lojas/busca/?city=Pompeu&state=MG
304,http://www.magazineluiza.com.br/nossas-lojas/busca/?city=Prata&state=MG
305,http://www.magazineluiza.com.br/nossas-lojas/busca/?city=Sabara&state=MG
306,http://www.magazineluiza.com.br/nossas-lojas/busca/?city=Sacramento&state=MG
307,http://www.magazineluiza.com.br/nossas-lojas/busca/?city=Uba&state=MG
308,http://www.magazineluiza.com.br/nossas-lojas/busca/?city=Uberaba&state=MG
309,http://www.magazineluiza.com.br/nossas-lojas/busca/?city=Uberlandia&state=MG
310,http://www.magazineluiza.com.br/nossas-lojas/busca/?city=Unai&state=MG
311,http://www.magazineluiza.com.br/nossas-lojas/busca/?city=Varginha&state=MG
312,http://www.magazineluiza.com.br/nossas-lojas/busca/?city=Vespasiano&state=MG
313,http://www.magazineluiza.com.br/nossas-lojas/busca/?city=Vicosa&state=MG
314,http://www.magazineluiza.com.br/nossas-lojas/busca/?city=Abaetetuba&state=PA
315,http://www.magazineluiza.com.br/nossas-lojas/busca/?city=Altamira&state=PA
316,http://www.magazineluiza.com.br/nossas-lojas/busca/?city=Ananindeua&state=PA
317,http://www.magazineluiza.com.br/nossas-lojas/busca/?city=Barcarena&state=PA
318,http://www.magazineluiza.com.br/nossas-lojas/busca/?city=Belem&state=PA
319,http://www.magazineluiza.com.br/nossas-lojas/busca/?city=Benevides&state=PA
320,http://www.magazineluiza.com.br/nossas-lojas/busca/?city=Braganca&state=PA
321,http://www.magazineluiza.com.br/nossas-lojas/busca/?city=Cameta&state=PA
322,http://www.magazineluiza.com.br/nossas-lojas/busca/?city=Castanhal&state=PA
323,http://www.magazineluiza.com.br/nossas-lojas/busca/?city=Igarape-miri&state=PA
324,http://www.magazineluiza.com.br/nossas-lojas/busca/?city=Itupiranga&state=PA
325,http://www.magazineluiza.com.br/nossas-lojas/busca/?city=Maraba&state=PA
326,http://www.magazineluiza.com.br/nossas-lojas/busca/?city=Moju&state=PA
327,http://www.magazineluiza.com.br/nossas-lojas/busca/?city=Paragominas&state=PA
328,http://www.magazineluiza.com.br/nossas-lojas/busca/?city=Parauapebas&state=PA
329,http://www.magazineluiza.com.br/nossas-lojas/busca/?city=Redencao&state=PA
330,http://www.magazineluiza.com.br/nossas-lojas/busca/?city=Santarem&state=PA
331,http://www.magazineluiza.com.br/nossas-lojas/busca/?city=Tailandia&state=PA
332,http://www.magazineluiza.com.br/nossas-lojas/busca/?city=Tome-acu&state=PA
333,http://www.magazineluiza.com.br/nossas-lojas/busca/?city=Tucuma&state=PA
334,http://www.magazineluiza.com.br/nossas-lojas/busca/?city=Tucurui&state=PA
335,http://www.magazineluiza.com.br/nossas-lojas/busca/?city=Xinguara&state=PA
336,http://www.magazineluiza.com.br/nossas-lojas/busca/?city=Alhandra&state=PB
337,http://www.magazineluiza.com.br/nossas-lojas/busca/?city=Bayeux&state=PB
338,http://www.magazineluiza.com.br/nossas-lojas/busca/?city=Cabedelo&state=PB
339,http://www.magazineluiza.com.br/nossas-lojas/busca/?city=Cajazeiras&state=PB
340,http://www.magazineluiza.com.br/nossas-lojas/busca/?city=Esperanca&state=PB
341,http://www.magazineluiza.com.br/nossas-lojas/busca/?city=Guarabira&state=PB
342,http://www.magazineluiza.com.br/nossas-lojas/busca/?city=Itabaiana&state=PB
343,http://www.magazineluiza.com.br/nossas-lojas/busca/?city=Mamanguape&state=PB
344,http://www.magazineluiza.com.br/nossas-lojas/busca/?city=Patos&state=PB
345,http://www.magazineluiza.com.br/nossas-lojas/busca/?city=Pombal&state=PB
346,http://www.magazineluiza.com.br/nossas-lojas/busca/?city=Queimadas&state=PB
347,http://www.magazineluiza.com.br/nossas-lojas/busca/?city=Sape&state=PB
348,http://www.magazineluiza.com.br/nossas-lojas/busca/?city=Solanea&state=PB
349,http://www.magazineluiza.com.br/nossas-lojas/busca/?city=Sousa&state=PB
350,http://www.magazineluiza.com.br/nossas-lojas/busca/?city=Altonia&state=PR
351,http://www.magazineluiza.com.br/nossas-lojas/busca/?city=Andira&state=PR
352,http://www.magazineluiza.com.br/nossas-lojas/busca/?city=Apucarana&state=PR
353,http://www.magazineluiza.com.br/nossas-lojas/busca/?city=Arapongas&state=PR
354,http://www.magazineluiza.com.br/nossas-lojas/busca/?city=Arapoti&state=PR
355,http://www.magazineluiza.com.br/nossas-lojas/busca/?city=Araucaria&state=PR
356,http://www.magazineluiza.com.br/nossas-lojas/busca/?city=Astorga&state=PR
357,http://www.magazineluiza.com.br/nossas-lojas/busca/?city=Bandeirantes&state=PR
358,http://www.magazineluiza.com.br/nossas-lojas/busca/?city=Barracao&state=PR
359,http://www.magazineluiza.com.br/nossas-lojas/busca/?city=Cambara&state=PR
360,http://www.magazineluiza.com.br/nossas-lojas/busca/?city=Cascavel&state=PR
361,http://www.magazineluiza.com.br/nossas-lojas/busca/?city=Castro&state=PR
362,http://www.magazineluiza.com.br/nossas-lojas/busca/?city=Chopinzinho&state=PR
363,http://www.magazineluiza.com.br/nossas-lojas/busca/?city=Cianorte&state=PR
364,http://www.magazineluiza.com.br/nossas-lojas/busca/?city=Clevelandia&state=PR
365,http://www.magazineluiza.com.br/nossas-lojas/busca/?city=Colombo&state=PR
366,http://www.magazineluiza.com.br/nossas-lojas/busca/?city=Colorado&state=PR
367,http://www.magazineluiza.com.br/nossas-lojas/busca/?city=Curitiba&state=PR
368,http://www.magazineluiza.com.br/nossas-lojas/busca/?city=Goioere&state=PR
369,http://www.magazineluiza.com.br/nossas-lojas/busca/?city=Guaira&state=PR
370,http://www.magazineluiza.com.br/nossas-lojas/busca/?city=Guarapuava&state=PR
371,http://www.magazineluiza.com.br/nossas-lojas/busca/?city=Ibaiti&state=PR
372,http://www.magazineluiza.com.br/nossas-lojas/busca/?city=Ibipora&state=PR
373,http://www.magazineluiza.com.br/nossas-lojas/busca/?city=Imbituva&state=PR
374,http://www.magazineluiza.com.br/nossas-lojas/busca/?city=Irati&state=PR
375,http://www.magazineluiza.com.br/nossas-lojas/busca/?city=Ivaipora&state=PR
376,http://www.magazineluiza.com.br/nossas-lojas/busca/?city=Jacarezinho&state=PR
377,http://www.magazineluiza.com.br/nossas-lojas/busca/?city=Jaguariaiva&state=PR
378,http://www.magazineluiza.com.br/nossas-lojas/busca/?city=Lapa&state=PR
379,http://www.magazineluiza.com.br/nossas-lojas/busca/?city=Loanda&state=PR
380,http://www.magazineluiza.com.br/nossas-lojas/busca/?city=Londrina&state=PR
381,http://www.magazineluiza.com.br/nossas-lojas/busca/?city=Mandaguacu&state=PR
382,http://www.magazineluiza.com.br/nossas-lojas/busca/?city=Mandaguari&state=PR
383,http://www.magazineluiza.com.br/nossas-lojas/busca/?city=Mandirituba&state=PR
384,http://www.magazineluiza.com.br/nossas-lojas/busca/?city=Marialva&state=PR
385,http://www.magazineluiza.com.br/nossas-lojas/busca/?city=Maringa&state=PR
386,http://www.magazineluiza.com.br/nossas-lojas/busca/?city=Matelandia&state=PR
387,http://www.magazineluiza.com.br/nossas-lojas/busca/?city=Matinhos&state=PR
388,http://www.magazineluiza.com.br/nossas-lojas/busca/?city=Medianeira&state=PR
389,http://www.magazineluiza.com.br/nossas-lojas/busca/?city=Paicandu&state=PR
390,http://www.magazineluiza.com.br/nossas-lojas/busca/?city=Palmas&state=PR
391,http://www.magazineluiza.com.br/nossas-lojas/busca/?city=Palotina&state=PR
392,http://www.magazineluiza.com.br/nossas-lojas/busca/?city=Paranagua&state=PR
393,http://www.magazineluiza.com.br/nossas-lojas/busca/?city=Paranavai&state=PR
394,http://www.magazineluiza.com.br/nossas-lojas/busca/?city=Pinhais&state=PR
395,http://www.magazineluiza.com.br/nossas-lojas/busca/?city=Piraquara&state=PR
396,http://www.magazineluiza.com.br/nossas-lojas/busca/?city=Porecatu&state=PR
397,http://www.magazineluiza.com.br/nossas-lojas/busca/?city=Prudentopolis&state=PR
398,http://www.magazineluiza.com.br/nossas-lojas/busca/?city=Rolandia&state=PR
399,http://www.magazineluiza.com.br/nossas-lojas/busca/?city=Sarandi&state=PR
400,http://www.magazineluiza.com.br/nossas-lojas/busca/?city=Toledo&state=PR
401,http://www.magazineluiza.com.br/nossas-lojas/busca/?city=Ubirata&state=PR
402,http://www.magazineluiza.com.br/nossas-lojas/busca/?city=Umuarama&state=PR
403,http://www.magazineluiza.com.br/nossas-lojas/busca/?city=Araripina&state=PE
404,http://www.magazineluiza.com.br/nossas-lojas/busca/?city=Arcoverde&state=PE
405,http://www.magazineluiza.com.br/nossas-lojas/busca/?city=Barreiros&state=PE
406,http://www.magazineluiza.com.br/nossas-lojas/busca/?city=Bezerros&state=PE
407,http://www.magazineluiza.com.br/nossas-lojas/busca/?city=Camaragibe&state=PE
408,http://www.magazineluiza.com.br/nossas-lojas/busca/?city=Carpina&state=PE
409,http://www.magazineluiza.com.br/nossas-lojas/busca/?city=Caruaru&state=PE
410,http://www.magazineluiza.com.br/nossas-lojas/busca/?city=Catende&state=PE
411,http://www.magazineluiza.com.br/nossas-lojas/busca/?city=Custodia&state=PE
412,http://www.magazineluiza.com.br/nossas-lojas/busca/?city=Escada&state=PE
413,http://www.magazineluiza.com.br/nossas-lojas/busca/?city=Garanhuns&state=PE
414,http://www.magazineluiza.com.br/nossas-lojas/busca/?city=Goiana&state=PE
415,http://www.magazineluiza.com.br/nossas-lojas/busca/?city=Gravata&state=PE
416,http://www.magazineluiza.com.br/nossas-lojas/busca/?city=Igarassu&state=PE
417,http://www.magazineluiza.com.br/nossas-lojas/busca/?city=Ipojuca&state=PE
418,http://www.magazineluiza.com.br/nossas-lojas/busca/?city=Limoeiro&state=PE
419,http://www.magazineluiza.com.br/nossas-lojas/busca/?city=Moreno&state=PE
420,http://www.magazineluiza.com.br/nossas-lojas/busca/?city=Olinda&state=PE
421,http://www.magazineluiza.com.br/nossas-lojas/busca/?city=Ouricuri&state=PE
422,http://www.magazineluiza.com.br/nossas-lojas/busca/?city=Palmares&state=PE
423,http://www.magazineluiza.com.br/nossas-lojas/busca/?city=Paulista&state=PE
424,http://www.magazineluiza.com.br/nossas-lojas/busca/?city=Pesqueira&state=PE
425,http://www.magazineluiza.com.br/nossas-lojas/busca/?city=Petrolina&state=PE
426,http://www.magazineluiza.com.br/nossas-lojas/busca/?city=Recife&state=PE
427,http://www.magazineluiza.com.br/nossas-lojas/busca/?city=Salgueiro&state=PE
428,http://www.magazineluiza.com.br/nossas-lojas/busca/?city=Surubim&state=PE
429,http://www.magazineluiza.com.br/nossas-lojas/busca/?city=Timbauba&state=PE
430,http://www.magazineluiza.com.br/nossas-lojas/busca/?city=Floriano&state=PI
431,http://www.magazineluiza.com.br/nossas-lojas/busca/?city=Parnaiba&state=PI
432,http://www.magazineluiza.com.br/nossas-lojas/busca/?city=Picos&state=PI
433,http://www.magazineluiza.com.br/nossas-lojas/busca/?city=Piripiri&state=PI
434,http://www.magazineluiza.com.br/nossas-lojas/busca/?city=Teresina&state=PI
435,http://www.magazineluiza.com.br/nossas-lojas/busca/?city=Acu&state=RN
436,http://www.magazineluiza.com.br/nossas-lojas/busca/?city=Caico&state=RN
437,http://www.magazineluiza.com.br/nossas-lojas/busca/?city=Macaiba&state=RN
438,http://www.magazineluiza.com.br/nossas-lojas/busca/?city=Mossoro&state=RN
439,http://www.magazineluiza.com.br/nossas-lojas/busca/?city=Natal&state=RN
440,http://www.magazineluiza.com.br/nossas-lojas/busca/?city=Parnamirim&state=RN
441,http://www.magazineluiza.com.br/nossas-lojas/busca/?city=Alegrete&state=RS
442,http://www.magazineluiza.com.br/nossas-lojas/busca/?city=Alvorada&state=RS
443,http://www.magazineluiza.com.br/nossas-lojas/busca/?city=Bage&state=RS
444,http://www.magazineluiza.com.br/nossas-lojas/busca/?city=Butia&state=RS
445,http://www.magazineluiza.com.br/nossas-lojas/busca/?city=Cachoeirinha&state=RS
446,http://www.magazineluiza.com.br/nossas-lojas/busca/?city=Camaqua&state=RS
447,http://www.magazineluiza.com.br/nossas-lojas/busca/?city=Canela&state=RS
448,http://www.magazineluiza.com.br/nossas-lojas/busca/?city=Canoas&state=RS
449,http://www.magazineluiza.com.br/nossas-lojas/busca/?city=Carazinho&state=RS
450,http://www.magazineluiza.com.br/nossas-lojas/busca/?city=Encantado&state=RS
451,http://www.magazineluiza.com.br/nossas-lojas/busca/?city=Erechim&state=RS
452,http://www.magazineluiza.com.br/nossas-lojas/busca/?city=Esteio&state=RS
453,http://www.magazineluiza.com.br/nossas-lojas/busca/?city=Estrela&state=RS
454,http://www.magazineluiza.com.br/nossas-lojas/busca/?city=Farroupilha&state=RS
455,http://www.magazineluiza.com.br/nossas-lojas/busca/?city=Gravatai&state=RS
456,http://www.magazineluiza.com.br/nossas-lojas/busca/?city=Guaiba&state=RS
457,http://www.magazineluiza.com.br/nossas-lojas/busca/?city=Guapore&state=RS
458,http://www.magazineluiza.com.br/nossas-lojas/busca/?city=Horizontina&state=RS
459,http://www.magazineluiza.com.br/nossas-lojas/busca/?city=Igrejinha&state=RS
460,http://www.magazineluiza.com.br/nossas-lojas/busca/?city=Ijui&state=RS
461,http://www.magazineluiza.com.br/nossas-lojas/busca/?city=Itaqui&state=RS
462,http://www.magazineluiza.com.br/nossas-lojas/busca/?city=Marau&state=RS
463,http://www.magazineluiza.com.br/nossas-lojas/busca/?city=Montenegro&state=RS
464,http://www.magazineluiza.com.br/nossas-lojas/busca/?city=Nao-me-toque&state=RS
465,http://www.magazineluiza.com.br/nossas-lojas/busca/?city=Osorio&state=RS
466,http://www.magazineluiza.com.br/nossas-lojas/busca/?city=Panambi&state=RS
467,http://www.magazineluiza.com.br/nossas-lojas/busca/?city=Parobe&state=RS
468,http://www.magazineluiza.com.br/nossas-lojas/busca/?city=Pelotas&state=RS
469,http://www.magazineluiza.com.br/nossas-lojas/busca/?city=Portao&state=RS
470,http://www.magazineluiza.com.br/nossas-lojas/busca/?city=Rolante&state=RS
471,http://www.magazineluiza.com.br/nossas-lojas/busca/?city=Santiago&state=RS
472,http://www.magazineluiza.com.br/nossas-lojas/busca/?city=Sapiranga&state=RS
473,http://www.magazineluiza.com.br/nossas-lojas/busca/?city=Sarandi&state=RS
474,http://www.magazineluiza.com.br/nossas-lojas/busca/?city=Soledade&state=RS
475,http://www.magazineluiza.com.br/nossas-lojas/busca/?city=Tapejara&state=RS
476,http://www.magazineluiza.com.br/nossas-lojas/busca/?city=Taquara&state=RS
477,http://www.magazineluiza.com.br/nossas-lojas/busca/?city=Taquari&state=RS
478,http://www.magazineluiza.com.br/nossas-lojas/busca/?city=Teutonia&state=RS
479,http://www.magazineluiza.com.br/nossas-lojas/busca/?city=Torres&state=RS
480,http://www.magazineluiza.com.br/nossas-lojas/busca/?city=Tramandai&state=RS
481,http://www.magazineluiza.com.br/nossas-lojas/busca/?city=Triunfo&state=RS
482,http://www.magazineluiza.com.br/nossas-lojas/busca/?city=Uruguaiana&state=RS
483,http://www.magazineluiza.com.br/nossas-lojas/busca/?city=Vacaria&state=RS
484,http://www.magazineluiza.com.br/nossas-lojas/busca/?city=Veranopolis&state=RS
485,http://www.magazineluiza.com.br/nossas-lojas/busca/?city=Viamao&state=RS
486,http://www.magazineluiza.com.br/nossas-lojas/busca/?city=Ararangua&state=SC
487,http://www.magazineluiza.com.br/nossas-lojas/busca/?city=Biguacu&state=SC
488,http://www.magazineluiza.com.br/nossas-lojas/busca/?city=Blumenau&state=SC
489,http://www.magazineluiza.com.br/nossas-lojas/busca/?city=Brusque&state=SC
490,http://www.magazineluiza.com.br/nossas-lojas/busca/?city=Cacador&state=SC
491,http://www.magazineluiza.com.br/nossas-lojas/busca/?city=Canoinhas&state=SC
492,http://www.magazineluiza.com.br/nossas-lojas/busca/?city=Capinzal&state=SC
493,http://www.magazineluiza.com.br/nossas-lojas/busca/?city=Chapeco&state=SC
494,http://www.magazineluiza.com.br/nossas-lojas/busca/?city=Concordia&state=SC
495,http://www.magazineluiza.com.br/nossas-lojas/busca/?city=Criciuma&state=SC
496,http://www.magazineluiza.com.br/nossas-lojas/busca/?city=Florianopolis&state=SC
497,http://www.magazineluiza.com.br/nossas-lojas/busca/?city=Fraiburgo&state=SC
498,http://www.magazineluiza.com.br/nossas-lojas/busca/?city=Garopaba&state=SC
499,http://www.magazineluiza.com.br/nossas-lojas/busca/?city=Icara&state=SC
500,http://www.magazineluiza.com.br/nossas-lojas/busca/?city=Imbituba&state=SC
501,http://www.magazineluiza.com.br/nossas-lojas/busca/?city=Indaial&state=SC
502,http://www.magazineluiza.com.br/nossas-lojas/busca/?city=Itajai&state=SC
503,http://www.magazineluiza.com.br/nossas-lojas/busca/?city=Itapema&state=SC
504,http://www.magazineluiza.com.br/nossas-lojas/busca/?city=Itapiranga&state=SC
505,http://www.magazineluiza.com.br/nossas-lojas/busca/?city=Jaguaruna&state=SC
506,http://www.magazineluiza.com.br/nossas-lojas/busca/?city=Joacaba&state=SC
507,http://www.magazineluiza.com.br/nossas-lojas/busca/?city=Joinville&state=SC
508,http://www.magazineluiza.com.br/nossas-lojas/busca/?city=Lages&state=SC
509,http://www.magazineluiza.com.br/nossas-lojas/busca/?city=Laguna&state=SC
510,http://www.magazineluiza.com.br/nossas-lojas/busca/?city=Mafra&state=SC
511,http://www.magazineluiza.com.br/nossas-lojas/busca/?city=Maravilha&state=SC
512,http://www.magazineluiza.com.br/nossas-lojas/busca/?city=Navegantes&state=SC
513,http://www.magazineluiza.com.br/nossas-lojas/busca/?city=Orleans&state=SC
514,http://www.magazineluiza.com.br/nossas-lojas/busca/?city=Palhoca&state=SC
515,http://www.magazineluiza.com.br/nossas-lojas/busca/?city=Pinhalzinho&state=SC
516,http://www.magazineluiza.com.br/nossas-lojas/busca/?city=Sombrio&state=SC
517,http://www.magazineluiza.com.br/nossas-lojas/busca/?city=Tijucas&state=SC
518,http://www.magazineluiza.com.br/nossas-lojas/busca/?city=Timbo&state=SC
519,http://www.magazineluiza.com.br/nossas-lojas/busca/?city=Tubarao&state=SC
520,http://www.magazineluiza.com.br/nossas-lojas/busca/?city=Videira&state=SC
521,http://www.magazineluiza.com.br/nossas-lojas/busca/?city=Xanxere&state=SC
522,http://www.magazineluiza.com.br/nossas-lojas/busca/?city=Xaxim&state=SC
523,http://www.magazineluiza.com.br/nossas-lojas/busca/?city=Adamantina&state=SP
524,http://www.magazineluiza.com.br/nossas-lojas/busca/?city=Aguai&state=SP
525,http://www.magazineluiza.com.br/nossas-lojas/busca/?city=Agudos&state=SP
526,http://www.magazineluiza.com.br/nossas-lojas/busca/?city=Altinopolis&state=SP
527,http://www.magazineluiza.com.br/nossas-lojas/busca/?city=Americana&state=SP
528,http://www.magazineluiza.com.br/nossas-lojas/busca/?city=Amparo&state=SP
529,http://www.magazineluiza.com.br/nossas-lojas/busca/?city=Andradina&state=SP
530,http://www.magazineluiza.com.br/nossas-lojas/busca/?city=Apiai&state=SP
531,http://www.magazineluiza.com.br/nossas-lojas/busca/?city=Aracatuba&state=SP
532,http://www.magazineluiza.com.br/nossas-lojas/busca/?city=Araraquara&state=SP
533,http://www.magazineluiza.com.br/nossas-lojas/busca/?city=Araras&state=SP
534,http://www.magazineluiza.com.br/nossas-lojas/busca/?city=Assis&state=SP
535,http://www.magazineluiza.com.br/nossas-lojas/busca/?city=Atibaia&state=SP
536,http://www.magazineluiza.com.br/nossas-lojas/busca/?city=Avare&state=SP
537,http://www.magazineluiza.com.br/nossas-lojas/busca/?city=Bariri&state=SP
538,http://www.magazineluiza.com.br/nossas-lojas/busca/?city=Barretos&state=SP
539,http://www.magazineluiza.com.br/nossas-lojas/busca/?city=Barrinha&state=SP
540,http://www.magazineluiza.com.br/nossas-lojas/busca/?city=Barueri&state=SP
541,http://www.magazineluiza.com.br/nossas-lojas/busca/?city=Bastos&state=SP
542,http://www.magazineluiza.com.br/nossas-lojas/busca/?city=Batatais&state=SP
543,http://www.magazineluiza.com.br/nossas-lojas/busca/?city=Bauru&state=SP
544,http://www.magazineluiza.com.br/nossas-lojas/busca/?city=Bebedouro&state=SP
545,http://www.magazineluiza.com.br/nossas-lojas/busca/?city=Birigui&state=SP
546,http://www.magazineluiza.com.br/nossas-lojas/busca/?city=Boituva&state=SP
547,http://www.magazineluiza.com.br/nossas-lojas/busca/?city=Botucatu&state=SP
548,http://www.magazineluiza.com.br/nossas-lojas/busca/?city=Brodowski&state=SP
549,http://www.magazineluiza.com.br/nossas-lojas/busca/?city=Brotas&state=SP
550,http://www.magazineluiza.com.br/nossas-lojas/busca/?city=Cabreuva&state=SP
551,http://www.magazineluiza.com.br/nossas-lojas/busca/?city=Cacapava&state=SP
552,http://www.magazineluiza.com.br/nossas-lojas/busca/?city=Caieiras&state=SP
553,http://www.magazineluiza.com.br/nossas-lojas/busca/?city=Cajuru&state=SP
554,http://www.magazineluiza.com.br/nossas-lojas/busca/?city=Campinas&state=SP
555,http://www.magazineluiza.com.br/nossas-lojas/busca/?city=Capivari&state=SP
556,http://www.magazineluiza.com.br/nossas-lojas/busca/?city=Caraguatatuba&state=SP
557,http://www.magazineluiza.com.br/nossas-lojas/busca/?city=Carapicuiba&state=SP
558,http://www.magazineluiza.com.br/nossas-lojas/busca/?city=Catanduva&state=SP
559,http://www.magazineluiza.com.br/nossas-lojas/busca/?city=Cerquilho&state=SP
560,http://www.magazineluiza.com.br/nossas-lojas/busca/?city=Colina&state=SP
561,http://www.magazineluiza.com.br/nossas-lojas/busca/?city=Conchal&state=SP
562,http://www.magazineluiza.com.br/nossas-lojas/busca/?city=Cordeiropolis&state=SP
563,http://www.magazineluiza.com.br/nossas-lojas/busca/?city=Cosmopolis&state=SP
564,http://www.magazineluiza.com.br/nossas-lojas/busca/?city=Cravinhos&state=SP
565,http://www.magazineluiza.com.br/nossas-lojas/busca/?city=Cruzeiro&state=SP
566,http://www.magazineluiza.com.br/nossas-lojas/busca/?city=Descalvado&state=SP
567,http://www.magazineluiza.com.br/nossas-lojas/busca/?city=Diadema&state=SP
568,http://www.magazineluiza.com.br/nossas-lojas/busca/?city=Divinolandia&state=SP
569,http://www.magazineluiza.com.br/nossas-lojas/busca/?city=Dracena&state=SP
570,http://www.magazineluiza.com.br/nossas-lojas/busca/?city=Fernandopolis&state=SP
571,http://www.magazineluiza.com.br/nossas-lojas/busca/?city=Franca&state=SP
572,http://www.magazineluiza.com.br/nossas-lojas/busca/?city=Garca&state=SP
573,http://www.magazineluiza.com.br/nossas-lojas/busca/?city=Guaira&state=SP
574,http://www.magazineluiza.com.br/nossas-lojas/busca/?city=Guara&state=SP
575,http://www.magazineluiza.com.br/nossas-lojas/busca/?city=Guararapes&state=SP
576,http://www.magazineluiza.com.br/nossas-lojas/busca/?city=Guararema&state=SP
577,http://www.magazineluiza.com.br/nossas-lojas/busca/?city=Guaratingueta&state=SP
578,http://www.magazineluiza.com.br/nossas-lojas/busca/?city=Guariba&state=SP
579,http://www.magazineluiza.com.br/nossas-lojas/busca/?city=Guaruja&state=SP
580,http://www.magazineluiza.com.br/nossas-lojas/busca/?city=Guarulhos&state=SP
581,http://www.magazineluiza.com.br/nossas-lojas/busca/?city=Hortolandia&state=SP
582,http://www.magazineluiza.com.br/nossas-lojas/busca/?city=Ibate&state=SP
583,http://www.magazineluiza.com.br/nossas-lojas/busca/?city=Ibitinga&state=SP
584,http://www.magazineluiza.com.br/nossas-lojas/busca/?city=Ibiuna&state=SP
585,http://www.magazineluiza.com.br/nossas-lojas/busca/?city=Igarapava&state=SP
586,http://www.magazineluiza.com.br/nossas-lojas/busca/?city=Indaiatuba&state=SP
587,http://www.magazineluiza.com.br/nossas-lojas/busca/?city=Ipua&state=SP
588,http://www.magazineluiza.com.br/nossas-lojas/busca/?city=Iracemapolis&state=SP
589,http://www.magazineluiza.com.br/nossas-lojas/busca/?city=Itanhaem&state=SP
590,http://www.magazineluiza.com.br/nossas-lojas/busca/?city=Itapetininga&state=SP
591,http://www.magazineluiza.com.br/nossas-lojas/busca/?city=Itapeva&state=SP
592,http://www.magazineluiza.com.br/nossas-lojas/busca/?city=Itapevi&state=SP
593,http://www.magazineluiza.com.br/nossas-lojas/busca/?city=Itapira&state=SP
594,http://www.magazineluiza.com.br/nossas-lojas/busca/?city=Itapolis&state=SP
595,http://www.magazineluiza.com.br/nossas-lojas/busca/?city=Itaquaquecetuba&state=SP
596,http://www.magazineluiza.com.br/nossas-lojas/busca/?city=Itarare&state=SP
597,http://www.magazineluiza.com.br/nossas-lojas/busca/?city=Itatiba&state=SP
598,http://www.magazineluiza.com.br/nossas-lojas/busca/?city=Itu&state=SP
599,http://www.magazineluiza.com.br/nossas-lojas/busca/?city=Itupeva&state=SP
600,http://www.magazineluiza.com.br/nossas-lojas/busca/?city=Ituverava&state=SP
601,http://www.magazineluiza.com.br/nossas-lojas/busca/?city=Jaboticabal&state=SP
602,http://www.magazineluiza.com.br/nossas-lojas/busca/?city=Jacarei&state=SP
603,http://www.magazineluiza.com.br/nossas-lojas/busca/?city=Jaguariuna&state=SP
604,http://www.magazineluiza.com.br/nossas-lojas/busca/?city=Jales&state=SP
605,http://www.magazineluiza.com.br/nossas-lojas/busca/?city=Jandira&state=SP
606,http://www.magazineluiza.com.br/nossas-lojas/busca/?city=Jardinopolis&state=SP
607,http://www.magazineluiza.com.br/nossas-lojas/busca/?city=Jau&state=SP
608,http://www.magazineluiza.com.br/nossas-lojas/busca/?city=Jundiai&state=SP
609,http://www.magazineluiza.com.br/nossas-lojas/busca/?city=Leme&state=SP
610,http://www.magazineluiza.com.br/nossas-lojas/busca/?city=Limeira&state=SP
611,http://www.magazineluiza.com.br/nossas-lojas/busca/?city=Lins&state=SP
612,http://www.magazineluiza.com.br/nossas-lojas/busca/?city=Lorena&state=SP
613,http://www.magazineluiza.com.br/nossas-lojas/busca/?city=Louveira&state=SP
614,http://www.magazineluiza.com.br/nossas-lojas/busca/?city=Lucelia&state=SP
615,http://www.magazineluiza.com.br/nossas-lojas/busca/?city=Mairipora&state=SP
616,http://www.magazineluiza.com.br/nossas-lojas/busca/?city=Marilia&state=SP
617,http://www.magazineluiza.com.br/nossas-lojas/busca/?city=Martinopolis&state=SP
618,http://www.magazineluiza.com.br/nossas-lojas/busca/?city=Matao&state=SP
619,http://www.magazineluiza.com.br/nossas-lojas/busca/?city=Maua&state=SP
620,http://www.magazineluiza.com.br/nossas-lojas/busca/?city=Miguelopolis&state=SP
621,http://www.magazineluiza.com.br/nossas-lojas/busca/?city=Mirandopolis&state=SP
622,http://www.magazineluiza.com.br/nossas-lojas/busca/?city=Mirassol&state=SP
623,http://www.magazineluiza.com.br/nossas-lojas/busca/?city=Mococa&state=SP
624,http://www.magazineluiza.com.br/nossas-lojas/busca/?city=Mongagua&state=SP
625,http://www.magazineluiza.com.br/nossas-lojas/busca/?city=Olimpia&state=SP
626,http://www.magazineluiza.com.br/nossas-lojas/busca/?city=Orlandia&state=SP
627,http://www.magazineluiza.com.br/nossas-lojas/busca/?city=Osasco&state=SP
628,http://www.magazineluiza.com.br/nossas-lojas/busca/?city=Ourinhos&state=SP
629,http://www.magazineluiza.com.br/nossas-lojas/busca/?city=Palmital&state=SP
630,http://www.magazineluiza.com.br/nossas-lojas/busca/?city=Paulinia&state=SP
631,http://www.magazineluiza.com.br/nossas-lojas/busca/?city=Pederneiras&state=SP
632,http://www.magazineluiza.com.br/nossas-lojas/busca/?city=Pedregulho&state=SP
633,http://www.magazineluiza.com.br/nossas-lojas/busca/?city=Pedreira&state=SP
634,http://www.magazineluiza.com.br/nossas-lojas/busca/?city=Penapolis&state=SP
635,http://www.magazineluiza.com.br/nossas-lojas/busca/?city=Peruibe&state=SP
636,http://www.magazineluiza.com.br/nossas-lojas/busca/?city=Piedade&state=SP
637,http://www.magazineluiza.com.br/nossas-lojas/busca/?city=Pindamonhangaba&state=SP
638,http://www.magazineluiza.com.br/nossas-lojas/busca/?city=Piracaia&state=SP
639,http://www.magazineluiza.com.br/nossas-lojas/busca/?city=Piracicaba&state=SP
640,http://www.magazineluiza.com.br/nossas-lojas/busca/?city=Piraju&state=SP
641,http://www.magazineluiza.com.br/nossas-lojas/busca/?city=Pirapozinho&state=SP
642,http://www.magazineluiza.com.br/nossas-lojas/busca/?city=Pirassununga&state=SP
643,http://www.magazineluiza.com.br/nossas-lojas/busca/?city=Pitangueiras&state=SP
644,http://www.magazineluiza.com.br/nossas-lojas/busca/?city=Poa&state=SP
645,http://www.magazineluiza.com.br/nossas-lojas/busca/?city=Pompeia&state=SP
646,http://www.magazineluiza.com.br/nossas-lojas/busca/?city=Pontal&state=SP
647,http://www.magazineluiza.com.br/nossas-lojas/busca/?city=Pradopolis&state=SP
648,http://www.magazineluiza.com.br/nossas-lojas/busca/?city=Promissao&state=SP
649,http://www.magazineluiza.com.br/nossas-lojas/busca/?city=Rancharia&state=SP
650,http://www.magazineluiza.com.br/nossas-lojas/busca/?city=Registro&state=SP
651,http://www.magazineluiza.com.br/nossas-lojas/busca/?city=Rosana&state=SP
652,http://www.magazineluiza.com.br/nossas-lojas/busca/?city=Salto&state=SP
653,http://www.magazineluiza.com.br/nossas-lojas/busca/?city=Santos&state=SP
654,http://www.magazineluiza.com.br/nossas-lojas/busca/?city=Serrana&state=SP
655,http://www.magazineluiza.com.br/nossas-lojas/busca/?city=Sertaozinho&state=SP
656,http://www.magazineluiza.com.br/nossas-lojas/busca/?city=Sorocaba&state=SP
657,http://www.magazineluiza.com.br/nossas-lojas/busca/?city=Sumare&state=SP
658,http://www.magazineluiza.com.br/nossas-lojas/busca/?city=Suzano&state=SP
659,http://www.magazineluiza.com.br/nossas-lojas/busca/?city=Tanabi&state=SP
660,http://www.magazineluiza.com.br/nossas-lojas/busca/?city=Taquaritinga&state=SP
661,http://www.magazineluiza.com.br/nossas-lojas/busca/?city=Tatui&state=SP
662,http://www.magazineluiza.com.br/nossas-lojas/busca/?city=Taubate&state=SP
663,http://www.magazineluiza.com.br/nossas-lojas/busca/?city=Tiete&state=SP
664,http://www.magazineluiza.com.br/nossas-lojas/busca/?city=Tupa&state=SP
665,http://www.magazineluiza.com.br/nossas-lojas/busca/?city=Ubatuba&state=SP
666,http://www.magazineluiza.com.br/nossas-lojas/busca/?city=Valinhos&state=SP
667,http://www.magazineluiza.com.br/nossas-lojas/busca/?city=Valparaiso&state=SP
668,http://www.magazineluiza.com.br/nossas-lojas/busca/?city=Vinhedo&state=SP
669,http://www.magazineluiza.com.br/nossas-lojas/busca/?city=Votorantim&state=SP
670,http://www.magazineluiza.com.br/nossas-lojas/busca/?city=Votuporanga&state=SP
671,http://www.magazineluiza.com.br/nossas-lojas/busca/?city=Aracaju&state=SE
672,http://www.magazineluiza.com.br/nossas-lojas/busca/?city=Estancia&state=SE
673,http://www.magazineluiza.com.br/nossas-lojas/busca/?city=Itabaiana&state=SE
674,http://www.magazineluiza.com.br/nossas-lojas/busca/?city=Lagarto&state=SE
675,http://www.magazineluiza.com.br/nossas-lojas/busca/?city=Propria&state=SE
676,http://www.magazineluiza.com.br/como-funciona
677,http://www.magazineluiza.com.br/ajuda
678,https://www.magazinevoce.com.br/login/
679,https://www.magazinevoce.com.br/cadastro/
680,https://www.facebook.com/MagazineVoce/
681,https://www.facebook.com/messages/t/MagazineVoce
682,https://www.youtube.com/user/magazinevoce/videos
683,https://play.google.com/store/apps/details?id=com.luizalabs.mvc
684,http://www.magazineluiza.com.br/mailto:atendimento.site@magazineluiza.com.br
685,https://www.magazineluiza.com.br/
686,https://trocas.magazineluiza.com.br/
687,https://www.magazineluiza.com.br/seu-espaco/
688,https://www.magazineluiza.com.br/favoritos/
689,https://www.magazineluiza.com.br/cliente/login/
690,https://www.magazineluiza.com.br/header-pandora.html#
691,https://www.magazineluiza.com.br/luizacred/?id=1&s_cid=prc|ncc|pagprod|home-stripl|ccr|1|0|-|-|it&pco=CDL9996|AV-55|p1-lui
692,https://www.magazineluiza.com.br/armarinhos/l/am/
693,https://www.magazineluiza.com.br/samsung-galaxy-s9-e-s9/celulares-e-smartphones/s/te/gas9/
694,https://www.magazineluiza.com.br/samsung-galaxy-s8-e-s8/celulares-e-smartphones/s/te/gas8/
695,https://www.magazineluiza.com.br/samsung-galaxy-a8-e-a8/celulares-e-smartphones/s/te/gaa8/
696,https://www.magazineluiza.com.br/galaxy-j6/celulares-e-smartphones/s/te/gaj6/
697,https://www.magazineluiza.com.br/iphone-xs/celulares-e-smartphones/s/te/ipxs/
698,https://www.magazineluiza.com.br/iphone-8-e-iphone-8-plus/celulares-e-smartphones/s/te/iph8/
699,https://www.magazineluiza.com.br/zenfone-5/celulares-e-smartphones/s/te/azf5/
700,https://especiais.magazineluiza.com.br/motog7/
701,https://www.magazineluiza.com.br/motorola-moto-z/celulares-e-smartphones/s/te/motz/
702,http://especiais.magazineluiza.com.br/marketplace/
703,http://ri.magazineluiza.com.br/
704,http://ri.magazineluiza.com.br/Default.aspx?idioma=enu&linguagem=en
705,http://www.essentialaccessibility.com/br/magazineluiza?utm_source=magazineluizahomepg&utm_medium=iconlarge&utm_term=eachannelpage&utm_content=header&utm_campaign=magazineluizaAODA
706,http://www.essentialaccessibility.com.br
707,http://www.handtalk.me
708,http://www.magazineluiza.com.br/central-de-atendimento/troca-cancelamento
709,http://www.magazineluiza.com.br/central-de-atendimento/duvidas-frequentes/pedido
710,http://www.magazineluiza.com.br/central-de-atendimento/duvidas-frequentes/entrega
711,http://www.magazineluiza.com.br/central-de-atendimento/duvidas-frequentes/cadastro
712,http://www.magazineluiza.com.br/central-de-atendimento/duvidas-frequentes/troca-e-devolucao
713,http://www.magazineluiza.com.br/central-de-atendimento/duvidas-frequentes/pagamento
714,http://www.magazineluiza.com.br/central-de-atendimento/fornecedores
715,http://www.magazineluiza.com.br/central-de-atendimento/fale-conosco
716,http://www.magazineluiza.com.br/celulares-e-smartphones/l/te
717,http://www.magazineluiza.com.br/moveis-e-decoracao/l/mo
718,http://www.magazineluiza.com.br/eletrodomesticos/l/ed
719,http://www.magazineluiza.com.br/tv-e-video/l/et
720,http://www.magazineluiza.com.br/informatica/l/in
721,http://www.magazineluiza.com.br/eletroportateis/l/ep
722,http://www.magazineluiza.com.br/automotivo/l/au
723,http://especiais.magazineluiza.com.br/verao/
724,http://especiais.magazineluiza.com.br/saldao/
725,http://www.magazineluiza.com.br/acessorios-de-tecnologia/l/ia
726,http://www.magazineluiza.com.br/ar-e-ventilacao/l/ar
727,http://www.magazineluiza.com.br/armarinhos/l/am
728,http://www.magazineluiza.com.br/audio/l/ea
729,http://www.magazineluiza.com.br/bebe/l/bb
730,http://www.magazineluiza.com.br/bebidas-e-alimentos/l/ba
731,http://www.magazineluiza.com.br/beleza-e-saude/l/cp
732,http://www.magazineluiza.com.br/brinquedos/l/br
733,http://www.magazineluiza.com.br/cama-mesa-e-banho/l/cm
734,http://www.magazineluiza.com.br/cameras-e-filmadoras/l/cf
735,http://www.magazineluiza.com.br/casa-e-jardim/l/cj
736,http://www.magazineluiza.com.br/colchoes/l/co
737,http://www.magazineluiza.com.br/esporte-e-lazer/l/es
738,http://www.magazineluiza.com.br/ferramentas-e-seguranca/l/fs
739,http://www.magazineluiza.com.br/games/l/ga
740,http://www.magazineluiza.com.br/instrumentos-musicais/l/im
741,http://www.magazineluiza.com.br/linha-industrial/l/pi
742,http://www.magazineluiza.com.br/livros/l/li
743,http://www.magazineluiza.com.br/mercado/l/me
744,http://www.magazineluiza.com.br/natal/l/na
745,http://www.magazineluiza.com.br/papelaria/l/pa
746,http://www.magazineluiza.com.br/perfumaria/l/pf
747,http://www.magazineluiza.com.br/pet-shop/l/pe
748,http://www.magazineluiza.com.br/relogios/l/re
749,http://www.magazineluiza.com.br/servicos/l/se
750,http://www.magazineluiza.com.br/suplementos-alimentares/l/sa
751,http://www.magazineluiza.com.br/tablets/l/tb
752,http://www.magazineluiza.com.br/telefonia-fixa/l/tf
753,http://www.magazineluiza.com.br/utilidades-domesticas/l/ud
754,http://www.magazineluiza.com.br/ovo-de-pascoa/bebidas-e-alimentos/s/ba/pasc/
755,http://www.magazineluiza.com.br/oascentral.magazineluiza.com.br/RealMedia/ads/click_nx.ads/magazine/menu/1@x60
756,http://www.magazineluiza.com.br/luizacred/?cid=prc|ncc|pagprod|menu-principal|ccr|1|0|||it&pco=CDL9996|-|p1-lui
757,http://www.magazineluiza.com.br/empresas/
758,https://www.magazineluiza.com.br/samsung-galaxy-j7-prime/celulares-e-smartphones/s/te/gj7p/
759,https://www.magazineluiza.com.br/iphone-x/celulares-e-smartphones/s/te/iphx/
760,https://www.magazineluiza.com.br/motorola-moto-g/celulares-e-smartphones/s/te/mdvx/
761,https://www.magazineluiza.com.br/motorola-moto-x4/celulares-e-smartphones/s/te/mox4/
762,https://www.magazineluiza.com.br/lg-q6-e-q6/celulares-e-smartphones/s/te/lgq6/
763,http://www.magazineluiza.com.br/oascentral.magazineluiza.com.br/RealMedia/ads/click_nx.ads/magazine/menu/1@x50
764,http://www.magazineluiza.com.br/oascentral.magazineluiza.com.br/RealMedia/ads/click_nx.ads/magazine/menu/1@x51
765,https://www.magazineluiza.com.br/coifas/eletrodomesticos/s/ed/cofa/
766,https://www.magazineluiza.com.br/forno/eletrodomesticos/s/ed/forn/
767,https://www.magazineluiza.com.br/purificadores-de-agua/eletrodomesticos/s/ed/puel/
768,http://www.magazineluiza.com.br/oascentral.magazineluiza.com.br/RealMedia/ads/click_nx.ads/magazine/menu/1@x52
769,https://www.magazineluiza.com.br/suportes/tv-e-video/s/et/tvsu/
770,http://www.magazineluiza.com.br/oascentral.magazineluiza.com.br/RealMedia/ads/click_nx.ads/magazine/menu/1@x53
771,https://www.magazineluiza.com.br/impressoras/informatica-e-acessorios/s/ia/iaim/
772,https://www.magazineluiza.com.br/pen-drive/informatica-e-acessorios/s/ia/iapd/
773,https://www.magazineluiza.com.br/hd-externo/informatica-e-acessorios/s/ia/iahp/
774,https://www.magazineluiza.com.br/roteador/informatica-e-acessorios/s/ia/iarr/
775,http://www.magazineluiza.com.br/oascentral.magazineluiza.com.br/RealMedia/ads/click_nx.ads/magazine/menu/1@x54
776,https://www.magazineluiza.com.br/cafeteiras/eletroportateis/s/ep/elff/
777,https://www.magazineluiza.com.br/liquidificadores/eletroportateis/s/ep/liqu/
778,https://www.magazineluiza.com.br/batedeiras/eletroportateis/s/ep/bate/
779,https://www.magazineluiza.com.br/fritadeira-eletrica/eletroportateis/s/ep/frel/
780,https://www.magazineluiza.com.br/panelas-eletricas/eletroportateis/s/ep/pael/
781,https://www.magazineluiza.com.br/churrasqueiras-eletricas/eletroportateis/s/ep/chel/
782,https://www.magazineluiza.com.br/multiprocessadores/eletroportateis/s/ep/elmu/
783,https://www.magazineluiza.com.br/mixers/eletroportateis/s/ep/mixe/
784,https://www.magazineluiza.com.br/aspiradores/eletroportateis/s/ep/aspi/
785,https://www.magazineluiza.com.br/ferros-de-passar/eletroportateis/s/ep/ferr/
786,http://www.magazineluiza.com.br/oascentral.magazineluiza.com.br/RealMedia/ads/click_nx.ads/magazine/menu/1@x55
787,https://www.magazineluiza.com.br/pneus-para-carro/automotivo/s/au/aupa/
788,https://www.magazineluiza.com.br/som-automotivo/automotivo/s/au/esm3/
789,https://www.magazineluiza.com.br/dvd-player-automotivo/automotivo/s/au/esdc/
790,https://www.magazineluiza.com.br/alto-falante/automotivo/s/au/esaf/
791,https://www.magazineluiza.com.br/subwoofer/automotivo/s/au/essw/
792,https://www.magazineluiza.com.br/gps-automotivo/automotivo/s/au/gpsi/
793,https://www.magazineluiza.com.br/racks-e-suportes-para-carro/automotivo/s/au/rksu/
794,https://www.magazineluiza.com.br/produtos-para-moto/automotivo/s/au/aumo/
795,https://www.magazineluiza.com.br/acessorios-e-equipamentos-para-carro/automotivo/s/au/aepc/
796,https://www.magazineluiza.com.br/produtos-para-passeio-com-o-bebe/bebe/s/bb/carr/
797,https://www.magazineluiza.com.br/bebe-conforto/bebe/s/bb/beco/
798,http://www.magazineluiza.com.br/oascentral.magazineluiza.com.br/RealMedia/ads/click_nx.ads/magazine/menu/1@x56
799,https://www.magazineluiza.com.br/ventilador/ar-e-ventilacao/s/ar/arvc/
800,https://www.magazineluiza.com.br/praia-e-piscina/esporte-e-lazer/s/es/elpp/
801,https://www.magazineluiza.com.br/camping/esporte-e-lazer/s/es/elcm/
802,https://www.magazineluiza.com.br/produtos-para-esportes-nauticos/esporte-e-lazer/s/es/eluu/
803,https://www.magazineluiza.com.br/fitness-e-musculacao/esporte-e-lazer/s/es/elft/
804,https://www.magazineluiza.com.br/produtos-para-uso-no-sol/perfumaria/s/pf/pfus/
805,http://www.magazineluiza.com.br/oascentral.magazineluiza.com.br/RealMedia/ads/click_nx.ads/magazine/menu/1@x57
806,http://www.youtube.com/magazineluizacom
807,http://www.uoldiveo.com.br/#rmcl
808,http://especiais.magazineluiza.com.br/dia-das-criancas/
809,https://especiais.magazineluiza.com.br/black-friday/
810,http://www.magazineluiza.com.br/central-de-atendimento/duvidas-frequentes/termo-de-compra-e-venda
811,http://www.magazineluiza.com.br/central-de-atendimento/duvidas-frequentes/arrependimento-ou-desistencia
812,http://www.magazineluiza.com.br/luizacred/?cid=prc|ncc|pagprod|footer|ccr|1|0|||it&pco=CDL9996|-|p1-lui
813,https://www.querodecasamento.com.br/lista-de-casamento/?utm_source=magazineluiza&utm_medium=linkfooter&utm_campaign=clienteqdc
814,http://especiais.magazineluiza.com.br/servicos/
815,http://www.magazineluiza.com.br/magamais
816,http://www.magazineluiza.com.br/parcerias
817,http://www.magazineluiza.com.br/quem-somos
818,http://www.magazineluiza.com.br/portaldalu
819,http://www.magazineluiza.com.br/trabalheconosco
820,http://www.magazineluiza.com.br/programaouro
821,http://ri.magazineluiza.com.br/informacao_estudantes.aspx
822,http://ri.magazineluiza.com.br
823,http://www.magazineluiza.com.br/selecao/ofertasdodia
824,https://www.magazineluiza.com.br/smart-tv-4k-led-50-samsung-un50ru7100-wi-fi-hdr-conversor-digital-3-hdmi-2-usb/p/193425500/et/elit/
825,https://www.magazineluiza.com.br/smartphone-samsung-galaxy-a30-64gb-preto-4g-4gb-ram-64-cam-dupla-cam-selfie-16mp-/p/fbbff50ab5/te/galx/
826,https://www.magazineluiza.com.br/smartphone-motorola-g7-64gb-polar-4g-4gb-ram-tela-624-cam-dupla-cam-selfie-8mp/p/155549200/te/mtg7/
827,https://www.magazineluiza.com.br/aspirador-de-po-e-agua-wap-1400w-gtw-10-amarelo-e-preto/p/219060300/ep/elau/
828,https://www.magazineluiza.com.br/forno-eletrico-philco-46l/p/223330100/ed/frne/
829,https://www.magazineluiza.com.br/smart-tv-led-32-philco-ptv32g50sn-conversor-digital-wi-fi-hdmi-usb/p/193420100/et/elit/
830,https://www.magazineluiza.com.br/fritadeira-eletrica-sem-oleo-air-fryer-britania-air-fry-bfr02pi-preta-e-cinza-32l-com-timer/p/218979800/ep/efso/
831,https://www.magazineluiza.com.br/pen-drive-16gb-kingston-datatraveler-50-usb-3-0/p/217392300/in/pedv/
832,https://www.magazineluiza.com.br/notebook-dell-inspiron-i15-3567-d15p-intel-core-i3-4gb-1tb-156-linux/p/221658600/in/nodl/
833,https://www.magazineluiza.com.br/smartphone-samsung-galaxy-a70-128gb-branco-4g-6gb-ram-tela-67-cam-tripla-selfie-32mp/p/155555000/te/galx/
834,https://www.magazineluiza.com.br/kit-premium-wine-philco-com-liquidificador-batedeira/p/218898800/ep/elkp/
835,https://www.magazineluiza.com.br/lavadora-de-roupas-electrolux-premium-care-lpr13-13kg-cesto-inox-12-programas-de-lavagem/p/221936000/ed/lava/
836,https://www.magazineluiza.com.br/roteador-wireless-tp-link-tl-wr940n-450mbps-3-antenas-5-portas/p/217924000/in/rtdr/
837,https://www.magazineluiza.com.br/lava-e-seca-samsung-11kg-wd11j-14-programas-de-lavagem/p/221491900/ed/ela1/
838,https://www.magazineluiza.com.br/escova-secadora-mondial-ceramica-1200w-com-ions-3-velocidades-golden-rose-es-02/p/220506000/pf/esse/
839,https://www.magazineluiza.com.br/smartphone-samsung-galaxy-j4-core-16gb-azul-4g-quad-core-1gb-ram-tela-6-cam-8mp-selfie-5mp/p/155546000/te/sj4c/
840,https://www.magazineluiza.com.br/caixa-de-som-bluetooth-jbl-xtreme-2-a-prova-dagua-portatil-40w/p/221955200/ea/easm/
841,https://www.magazineluiza.com.br/tablet-philco-ptb7qrg-8gb-7-wi-fi-android-7-1-2-nougat-quad-core/p/221386800/tb/phil/
842,https://www.magazineluiza.com.br/mouse-sem-fio-sensor-optico-1000dpi-logitech-m170/p/220817000/in/mssf/
843,https://www.magazineluiza.com.br/geladeira-refrigerador-brastemp-frost-free-duplex-branco-375l-brm45-hb/p/218891500/ed/ref2/
844,https://www.magazineluiza.com.br/tanquinho-praxis-twin-tub-41kg-2-em-1-lava-e-centrifuga-com-timer/p/201078100/ed/tank/
845,https://www.magazineluiza.com.br/sapateira-1-porta-4-prateleiras-com-espelho-poliman-flavia/p/219196000/mo/sapt/
846,https://www.magazineluiza.com.br/secador-de-cabelo-profissional-taiff-classica-new-black-1900w-2-velocidades/p/108508900/pf/psec/
847,https://www.magazineluiza.com.br/cadeira-para-auto-cosco-tour-para-criancas-de-9kg-ate-36kg/p/220895300/bb/cada/
848,https://www.magazineluiza.com.br/impressora-multifuncional-epson-ecotank-l4160-tanque-de-tinta-colorido-wi-fi-usb/p/220531200/in/ipmf/
849,https://www.magazineluiza.com.br/cafeteira-expresso-mimo-tres-coracoes-de-capsula-vermelha-15-bar/p/214804300/ep/ctcr/
850,https://www.magazineluiza.com.br/camera-digital-canon-semiprofissional-eos-rebel-t100-wi-fi/p/222478800/cf/csep/
851,http://www.magazineluiza.com.br/smartphone/celulares-e-smartphones/s/te/tcsp
852,http://www.magazineluiza.com.br/iphone/celulares-e-smartphones/s/te/teip
853,http://www.magazineluiza.com.br/samsung-galaxy/celulares-e-smartphones/s/te/galx
854,http://www.magazineluiza.com.br/motorola/celulares-e-smartphones/s/te/srmt
855,http://www.magazineluiza.com.br/xiaomi/celulares-e-smartphones/s/te/xiao
856,http://www.magazineluiza.com.br/celular-lg/celulares-e-smartphones/s/te/telg
857,http://www.magazineluiza.com.br/asus-zenfone/celulares-e-smartphones/s/te/zenf
858,http://www.magazineluiza.com.br/huawei/celulares-e-smartphones/s/te/hwei
859,http://www.magazineluiza.com.br/lenovo-vibe/celulares-e-smartphones/s/te/lvib
860,http://www.magazineluiza.com.br/alcatel/celulares-e-smartphones/s/te/alcl
861,http://www.magazineluiza.com.br/quantum/celulares-e-smartphones/s/te/qtum
862,http://www.magazineluiza.com.br/sony-xperia/celulares-e-smartphones/s/te/snxp
863,http://www.magazineluiza.com.br/celular-basico/celulares-e-smartphones/s/te/ceba
864,http://www.magazineluiza.com.br/acessorios-para-celular/celulares-e-smartphones/s/te/tlac
865,http://www.magazineluiza.com.br/pecas-para-celular/celulares-e-smartphones/s/te/ppcl
866,http://www.magazineluiza.com.br/wearables/celulares-e-smartphones/s/te/tewe
867,https://www.magazineluiza.com.br/smartphone-samsung-galaxy-a20-32gb-preto-4g-3gb-ram-tela-64-cam-dupla-cam-selfie-8mp/p/221964200/te/galx/
868,https://www.magazineluiza.com.br/smartphone-motorola-g7-play-32gb-indigo-4g-2gb-ram-tela-57-cam-13mp-cam-selfie-8mp/p/155549300/te/mtgp/
869,https://www.magazineluiza.com.br/smartphone-motorola-g7-play-32gb-ouro-4g-2gb-ram-tela-57-cam-13mp-cam-selfie-8mp/p/155549400/te/srmt/
870,https://www.magazineluiza.com.br/smartphone-samsung-galaxy-m30-64gb-preto-4g-4gb-ram-tela-64-cam-tripla-cam-selfie-16mp/p/223337400/te/gm30/
871,https://www.magazineluiza.com.br/iphone-8-plus-apple-64gb-dourado-4g-tela-55-retina-camera-dupla-12mp-ios-11/p/155554000/te/ip8p/
872,https://www.magazineluiza.com.br/smartphone-motorola-g7-play-edicao-especial-32gb-indigo-2gb-ram-57-cam-13mp-cam-selfie-8mp/p/155554400/te/srmt/
873,https://www.magazineluiza.com.br/smartphone-samsung-galaxy-a10-32gb-preto-4g-2gb-ram-62-cam-13mp-cam-selfie-5mp/p/155552000/te/sga1/
874,https://www.magazineluiza.com.br/smartphone-samsung-galaxy-s9-128gb-preto-4g-4gb-ram-tela-5-8-cam-12mp-cam-selfie-8mp/p/220282800/te/gas9/
875,https://www.magazineluiza.com.br/smartphone-samsung-galaxy-a30-64gb-preto-4g-4gb-ram-64-cam-dupla-cam-selfie-16mp/p/155551400/te/sga3/
876,https://www.magazineluiza.com.br/smartphone-lg-k11-32gb-dourado-4g-octa-core-3gb-ram-tela-53-cam-13mp-selfie-5mp-dual-chip/p/220797900/te/lk11/
877,https://www.magazineluiza.com.br/smartphone-motorola-g7-plus-64gb-rubi-4g-4gb-ram-tela-624-cam-dupla-cam-selfie-12mp/p/155549600/te/mg7p/
878,https://www.magazineluiza.com.br/smartphone-samsung-galaxy-a50-64gb-preto-4g-4gb-ram-64-cam-tripla-cam-selfie-25mp/p/155553200/te/sga5/
879,https://www.magazineluiza.com.br/smartphone-samsung-galaxy-a30-64gb-azul-4g-4gb-ram-64-cam-dupla-cam-selfie-16mp-/p/ck2cbejg0b/te/galx/
880,https://www.magazineluiza.com.br/smartphone-samsung-galaxy-j2-core-16gb-preto-4g-1gb-ram-tela-5-cam-8mp-cam-selfie-5mp/p/155548800/te/galx/
881,https://www.magazineluiza.com.br/smartphone-samsung-galaxy-s10-512gb-preto-4g-8gb-ram-tela-61-cam-tripla-cam-selfie-10mp/p/223892000/te/galx/
882,https://www.magazineluiza.com.br/smartphone-motorola-one-action-128gb-branco-4g-4gb-ram-634-cam-tripla-cam-selfie-12mp/p/155558300/te/onac/
883,https://www.magazineluiza.com.br/iphone-xr-apple-64gb-preto-4g-tela-61-retina-camera-12mp-selfie-7mp-ios-12-proc-chip-a12/p/155556000/te/ipxr/
884,https://www.magazineluiza.com.br/carregador-portatil-power-bank-samsung-10000mah-fast-charge/p/224400200/te/accp/
885,http://www.magazineluiza.com.br/portaldalu/celulares-e-smartphones/te
886,http://www.magazineluiza.com.br/moveis/l/mo
887,http://www.magazineluiza.com.br/moveis-para-banheiro/moveis/s/mo/momb
888,http://www.magazineluiza.com.br/moveis-de-cozinha/moveis/s/mo/mcoz
889,http://www.magazineluiza.com.br/moveis-para-escritorio/moveis/s/mo/mole
890,http://www.magazineluiza.com.br/moveis-para-jardim-e-area-externa/moveis/s/mo/moal
891,http://www.magazineluiza.com.br/moveis-para-lavanderia/moveis/s/mo/moas
892,http://www.magazineluiza.com.br/pecas-e-ferragens-para-moveis/moveis/s/mo/przm
893,http://www.magazineluiza.com.br/moveis-para-quarto/moveis/s/mo/mcqa
894,http://www.magazineluiza.com.br/quarto-de-bebe/moveis/s/mo/qdbb
895,http://www.magazineluiza.com.br/moveis-para-quarto-infantil/moveis/s/mo/mqif
896,http://www.magazineluiza.com.br/moveis-para-sala-de-estar/moveis/s/mo/msal
897,http://www.magazineluiza.com.br/moveis-para-sala-de-jantar/moveis/s/mo/saja
898,https://www.magazineluiza.com.br/guarda-roupa-casal-3-portas-de-correr-madesa-city-1056-1e-com-espelho/p/218669900/mo/guro/
899,https://www.magazineluiza.com.br/sofa-retratil-e-reclinavel-3-lugares-suede-phormatta-evolution-somopar/p/121927506/mo/sa03/
900,https://www.magazineluiza.com.br/guarda-roupa-casal-3-portas-de-correr-madesa-city-1056-1e-com-espelho/p/218670000/mo/guro/
901,https://www.magazineluiza.com.br/rack-para-tv-ate-47-com-mesa-de-centro-e-painel-multimoveis-inovare/p/216915900/mo/rkcp/
902,https://www.magazineluiza.com.br/guarda-roupa-casal-com-espelho-3-portas-de-correr-alice-luxo-siena-moveis-branco-siena-moveis/p/hf51cj5jbd/mo/guro/
903,https://www.magazineluiza.com.br/escrivaninha-lindoia-2-gavetas-politorno-1194/p/089401600/mo/ptdr/
904,https://www.magazineluiza.com.br/guarda-roupa-casal-10-portas-3-gavetas-araplac-rusti-18490-88/p/217024200/mo/guro/
905,https://www.magazineluiza.com.br/cadeira-de-escritorio-giratoria-diretor-nell-preta/p/223390900/mo/cdpd/
906,https://www.magazineluiza.com.br/guarda-roupa-casal-com-espelho-veneza-premium-imbuia-3-pt-4-gv-rufato/p/7621803/mo/guro/
907,https://www.magazineluiza.com.br/guarda-roupa-casal-madesa-city-3-portas-de-correr-com-espelho-/p/5807876/mo/guro/
908,https://www.magazineluiza.com.br/painel-para-tv-com-suporte-ate-42-flash-1-prateleira-artely/p/217853700/mo/mopa/
909,https://www.magazineluiza.com.br/guarda-roupa-casal-8-portas-4-gavetas-araplac-porto/p/218646500/mo/guro/
910,https://www.magazineluiza.com.br/painel-para-tv-ate-42-polegadas-life-siena-moveis-griggio-/p/8286860/mo/mopa/
911,https://www.magazineluiza.com.br/guarda-roupa-casal-com-espelho-2-portas-de-correr-6-gavetas-sevilha-brauna-made-marcs-/p/dg5e6k7f70/mo/guro/
912,https://www.magazineluiza.com.br/quarto-infantil-com-guarda-roupa-3-portas-comoda-e-berco-faz-de-conta-siena-moveis-flex-color-branco-branco-rosa-/p/7330275/mo/qdbc/
913,https://www.magazineluiza.com.br/sofa-retratil-reclinavel-3-lugares-chapeco-catarina/p/218309900/mo/sa03/
914,https://www.magazineluiza.com.br/guarda-roupa-casal-10-portas-3-gavetas-araplac-lisboa/p/221213100/mo/guro/
915,https://www.magazineluiza.com.br/guarda-roupa-casal-com-espelho-3-portas-de-correr-lara-siena-moveis-branco-/p/8401173/mo/guro/
916,https://www.magazineluiza.com.br/sofa-retratil-e-reclinavel-4-lugares-velosuede-leon-next-sofas/p/220737700/mo/so4o/
917,https://www.magazineluiza.com.br/cozinha-completa-poliman-moveis-paris-com-balcao-nicho-para-forno-ou-micro-ondas/p/220661000/mo/mocz/
918,https://www.magazineluiza.com.br/sofa-retratil-e-reclinavel-4-lugares-velosuede-leon-next-sofas/p/220737600/mo/msof/
919,https://www.magazineluiza.com.br/rack-pra-tv-ate-47-com-mesa-de-centro-e-painel-multimoveis-inovare/p/216915800/mo/rkcp/
920,https://www.magazineluiza.com.br/cozinha-completa-madesa-topazio-com-armario-balcao-e-tampo-/p/6347230/mo/mocz/
921,https://www.magazineluiza.com.br/guarda-roupa-casal-com-espelho-3-portas-2-gavetas-istambul-siena-moveis-branco-/p/dad56bbe9d/mo/mogi/
922,https://www.magazineluiza.com.br/guarda-roupa-casal-6-portas-2-gavetas-paris-siena-moveis-branco-/p/ec395e2g4b/mo/guro/
923,https://www.magazineluiza.com.br/cozinha-compacta-9-portas-2-gavetas-suspensa-armario-e-balcao-anita-branco-pnr-moveis-brv-moveis/p/kk4d9j05kb/mo/mocz/
924,https://www.magazineluiza.com.br/guarda-roupa-casal-10-portas-3-gavetas-araplac-popy-18490-77/p/217742700/mo/guro/
925,https://www.magazineluiza.com.br/cadeira-de-escritorio-giratoria-diretor-nell-dir-002/p/224326200/mo/cdpd/
926,http://www.magazineluiza.com.br/portaldalu/moveis/mo
927,http://www.magazineluiza.com.br/adega/eletrodomesticos/s/ed/adeg
928,http://www.magazineluiza.com.br/bebedouro-purificador-e-acessorios/eletroportateis/s/ep/bpar
929,http://www.magazineluiza.com.br/centrifuga-de-roupas/eletrodomesticos/s/ed/crou
930,http://www.magazineluiza.com.br/cervejeira-residencial/eletrodomesticos/s/ed/cedo
931,http://www.magazineluiza.com.br/coifas-e-depuradores/eletrodomesticos/s/ed/cofa
932,http://www.magazineluiza.com.br/cooktop/eletrodomesticos/s/ed/cook
933,http://www.magazineluiza.com.br/fogao/eletrodomesticos/s/ed/fogo
934,http://www.magazineluiza.com.br/fornos-e-pecas/eletrodomesticos/s/ed/forn
935,http://www.magazineluiza.com.br/freezer/eletrodomesticos/s/ed/free
936,http://www.magazineluiza.com.br/frigobar/eletrodomesticos/s/ed/rcom
937,http://www.magazineluiza.com.br/geladeira-refrigerador/eletrodomesticos/s/ed/refr
938,http://www.magazineluiza.com.br/lava-loucas/eletrodomesticos/s/ed/lalo
939,http://www.magazineluiza.com.br/lava-e-seca/eletrodomesticos/s/ed/ela1
940,http://www.magazineluiza.com.br/maquinas-de-lavar-e-pecas/eletrodomesticos/s/ed/lrac
941,http://www.magazineluiza.com.br/maquinas-de-costura-bordado-e-acessorios/eletroportateis/s/ep/mqca
942,http://www.magazineluiza.com.br/micro-ondas-e-pecas/eletrodomesticos/s/ed/miac
943,http://www.magazineluiza.com.br/secadora-de-roupas/eletrodomesticos/s/ed/selt
944,http://www.magazineluiza.com.br/tanquinho/eletrodomesticos/s/ed/tank
945,http://www.magazineluiza.com.br/busca/lava%20e%20seca%20lg
946,http://www.magazineluiza.com.br/busca/lavadora%20e%20secadora%20de%20roupa
947,http://www.magazineluiza.com.br/busca/fogao%205%20bocas%20de%20embutir
948,http://www.magazineluiza.com.br/busca/fogao%20brastemp%205%20bocas%20inox
949,http://www.magazineluiza.com.br/busca/fogao%20itatiaia%205%20bocas
950,https://www.magazineluiza.com.br/cooktop-5-bocas-philco-cook-chef-5-tc-a-gas-natural-e-glp-tripla-chama/p/216590800/ed/cook/
951,https://www.magazineluiza.com.br/cooktop-4-bocas-philco-cook-chef-4-a-gas-glp-acendimento-automatico/p/216821400/ed/cook/
952,https://www.magazineluiza.com.br/lavadora-de-roupas-consul-cwb09-abana-9kg/p/010559200/ed/lava/
953,https://www.magazineluiza.com.br/forno-de-embutir-a-gas-glp-brastemp-boa84-aerna-78l-grill-touch-timer/p/216534900/ed/forn/
954,https://www.magazineluiza.com.br/fogao-4-bocas-consul-cfo4-nar-inox-acendimento-automatico/p/214469000/ed/fg4b/
955,https://www.magazineluiza.com.br/micro-ondas-tira-odor-electrolux-20l-mt30s-/p/7377663/ed/mond/
956,https://www.magazineluiza.com.br/geladeira-refrigerador-consul-frost-free-duplex-437l-bem-estar-crm55-abana-branco/p/088894200/ed/ref2/
957,https://www.magazineluiza.com.br/fogao-5-bocas-esmaltec-agata-acendimento-automatico-branco/p/012258201/ed/fg5b/
958,https://www.magazineluiza.com.br/tanquinho-10kg-suggar-lavamax-eco-desligamento-automatico-timer/p/010656100/ed/tank/
959,https://www.magazineluiza.com.br/lavadora-de-roupas-samsung-ww11j44530w-az-11kg-12-programas-de-lavagem/p/013002500/ed/lava/
960,https://www.magazineluiza.com.br/fogao-4-bocas-esmaltec-agata-acendimento-automatico-branco/p/012258101/ed/fg4b/
961,https://www.magazineluiza.com.br/fogao-4-bocas-consul-cfo4-nab-acendimento-automatico-branco/p/214468900/ed/fg4b/
962,https://www.magazineluiza.com.br/geladeira-refrigerador-brastemp-frost-free-inverse-443l-bre57-akana-evox/p/013082000/ed/ref2/
963,https://www.magazineluiza.com.br/lava-e-seca-samsung-11kg-prata-wd11m44530s-az-12-programas-de-lavagem/p/013002300/ed/ela1/
964,https://www.magazineluiza.com.br/forno-eletrico-philco-grill-60l-pfe60i/p/220424700/ed/frne/
965,https://www.magazineluiza.com.br/micro-ondas-consul-20l-cm020-bfbna/p/088893200/ed/mond/
966,https://www.magazineluiza.com.br/fogao-5-bocas-consul-cfs5-nar-acendimento-automatico-inox/p/012292300/ed/fg5b/
967,https://www.magazineluiza.com.br/geladeira-refrigerador-consul-frost-free-freezer-duplex-275l-crm35nbana/p/013015001/ed/ref2/
968,https://www.magazineluiza.com.br/lava-e-seca-samsung-11kg-branca-wd11m44530w-az-12-programas-de-lavagem/p/013002100/ed/ela1/
969,https://www.magazineluiza.com.br/fogao-4-bocas-esmaltec-bali/p/012296001/ed/fg4b/
970,https://www.magazineluiza.com.br/forno-de-embutir-a-gas-glp-brastemp-grill-78l-boa84-arrna/p/220516100/ed/frng/
971,https://www.magazineluiza.com.br/lavadora-de-roupas-electrolux-lac12-12kg-cesto-inox-12-programas-de-lavagem/p/010557100/ed/lava/
972,https://www.magazineluiza.com.br/coifa-de-parede-philco-60cm-4-bocas-com-vidro-curvo-3-velocidades-glass-60/p/217161200/ed/copa/
973,https://www.magazineluiza.com.br/maquina-de-lavar-brastemp-9kg-com-ciclo-tira-manchas-e-enxague-duplo-/p/9169427/ed/lrac/
974,https://www.magazineluiza.com.br/lavadora-de-roupas-electrolux-lac11-105-kg-12-programas-de-lavagem/p/010514800/ed/lava/
975,https://www.magazineluiza.com.br/tanquinho-suggar-13kg-kle1301br/p/221683200/ed/tank/
976,https://www.magazineluiza.com.br/forno-eletrico-de-embutir-consul-cob84-ar-84l-grill-timer-menu-controle-facil/p/216535000/ed/frne/
977,http://www.magazineluiza.com.br/portaldalu/eletrodomesticos/ed
978,http://www.magazineluiza.com.br/tvs/tv-e-video/s/et/tves
979,http://www.magazineluiza.com.br/acessorios-para-tv/tv-e-video/s/et/eace
980,http://www.magazineluiza.com.br/conversor-digital/tv-e-video/s/et/cndg
981,http://www.magazineluiza.com.br/dvd-e-blu-ray-player/tv-e-video/s/et/dvbr
982,http://www.magazineluiza.com.br/home-theater/audio/s/ea/eaht
983,http://www.magazineluiza.com.br/projetor-e-tela/tv-e-video/s/et/pjtl
984,http://www.magazineluiza.com.br/soundbar/audio/s/ea/sdbr
985,http://www.magazineluiza.com.br/streaming/tv-e-video/s/et/strm
986,https://www.magazineluiza.com.br/smart-tv-led-43-samsung-series-5-j5290-full-hd-wi-fi-conversor-digital-2-hdmi-1-usb/p/193421200/et/elit/
987,https://www.magazineluiza.com.br/smart-tv-led-32-samsung-j4290-wi-fi-conversor-digital-2-hdmi-1-usb/p/193421800/et/elit/
988,https://www.magazineluiza.com.br/smart-tv-4k-led-43-samsung-un43ru7100-wi-fi-hdr-inteligencia-artificial-conversor-digital/p/193425400/et/tv4k/
989,https://www.magazineluiza.com.br/smart-tv-4k-led-50-lg-50um7360psa-wi-fi-inteligencia-artificial-controle-smart-magic/p/193430000/et/tv4k/
990,https://www.magazineluiza.com.br/smart-tv-4k-led-50-lg-50um7500-wi-fi-inteligencia-artificial-controle-smart-magic/p/193427800/et/tv4k/
991,https://www.magazineluiza.com.br/smart-tv-4k-led-58-samsung-un58ru7100-wi-fi-hdr-conversor-digital-3-hdmi-2-usb/p/193425700/et/tv4k/
992,https://www.magazineluiza.com.br/smart-tv-4k-qled-55-samsung-qn55q60rag-wi-fi-hdr-conversor-digital-4-hdmi-2-usb/p/193425900/et/elit/
993,https://www.magazineluiza.com.br/smart-tv-led-32-hd-samsung-lh32-2-hdmi-1-usb-wi-fi-/p/hckcca1989/et/elit/
994,https://www.magazineluiza.com.br/smart-tv-4k-led-49-semp-sk6200-wi-fi-hdr-conversor-digital-3-hdmi-2-usb/p/223335000/et/tv4k/
995,https://www.magazineluiza.com.br/smart-tv-led-32-lg-32lm625bpsb-wi-fi-inteligencia-artificial-conversor-digital-3-hdmi/p/193428500/et/elit/
996,https://www.magazineluiza.com.br/smart-tv-4k-led-60-lg-60um7270psa-wi-fi-hdr-inteligencia-artificial-controle-smart-magic/p/193428300/et/tv4k/
997,https://www.magazineluiza.com.br/smart-tv-4k-led-50-tcl-p65us-wi-fi-hdr-conversor-digital-3-hdmi-2-usb/p/193423500/et/elit/
998,https://www.magazineluiza.com.br/tv-led-32-philco-ptv32c30d-conversor-digital-hdmi-usb/p/193397800/et/tves/
999,https://www.magazineluiza.com.br/smart-tv-led-43-full-hd-samsung-43j5200-2hdmi-1usb-com-wifi-e-conversor-digital-integrados-/p/7528852/et/elit/
1000,https://www.magazineluiza.com.br/smart-tv-led-43-lg-43lk5750-full-hd-wi-fi-hdr-inteligencia-artificial-conversor-digital-2-hdmi/p/193418000/et/elit/
1001,https://www.magazineluiza.com.br/suporte-para-tv-fixo-ate-70-indusat-su280i/p/190719400/et/sufx/
1002,https://www.magazineluiza.com.br/smart-tv-led-32-lg-32lm620bpsa-wi-fi-conversor-digital-3-hdmi-2-usb/p/193429100/et/elit/
1003,https://www.magazineluiza.com.br/smart-tv-led-50-sony-kdl-50w665f-full-hd-wi-fi-hdr-2-hdmi-2-usb/p/193396600/et/elit/
1004,https://www.magazineluiza.com.br/smart-tv-4k-led-43-lg-43um7300psa-wi-fi-hdr-inteligencia-artificial-conversor-digital/p/193430800/et/tv4k/
1005,https://www.magazineluiza.com.br/smart-tv-led-43-philips-43pfg5813-78-full-hd-wi-fi-conversor-digital-2-hdmi-2-usb/p/193419800/et/elit/
1006,https://www.magazineluiza.com.br/smart-tv-4k-led-40-philco-ptv40g50sns-wi-fi-conversor-digital-3-hdmi-2usb/p/193424600/et/elit/
1007,https://www.magazineluiza.com.br/smart-tv-4k-led-58-philco-ptv58f60sn-wi-fi-conversor-digital-3-hdmi-2-usb/p/193429500/et/elit/
1008,https://www.magazineluiza.com.br/smart-tv-led-32-hd-lg-32lk61-2-hdmi-2-usb-wi-fi-e-conversor-digital-integrados-/p/hb986b7f2h/et/tves/
1009,https://www.magazineluiza.com.br/smart-tv-4k-led-50-philco-ptv50f60sn-wi-fi-conversor-digital-3-hdmi-1-usb/p/193416500/et/elit/
1010,https://www.magazineluiza.com.br/smart-tv-led-32-samsung-hd-hdmi-usb-wi-fi-lh32benelga-zd-/p/eafcjb41d0/et/elit/
1011,https://www.magazineluiza.com.br/smart-tv-4k-led-55-samsung-un55ru7100gxzd-wi-fi-conversor-digital-3-hdmi-2-usb/p/193427200/et/elit/
1012,https://www.magazineluiza.com.br/aparelho-para-transformar-tv-smart-mx9-4k-android-7-1-netflix-youtube-/p/ed36dkcdg4/et/elit/
1013,https://www.magazineluiza.com.br/smart-tv-4k-led-50-philips-50pug6513-78-wi-fi-conversor-digital-3-hdmi-2-usb/p/193419900/et/elit/
1014,http://www.magazineluiza.com.br/portaldalu/tv-e-video/et
