id,links
0,http://www.promobit.com.br/
1,http://www.promobit.com.br/cupons
2,http://www.promobit.com.br/forum
3,http://www.promobit.com.br/blog
4,http://www.promobit.com.br/central/mensagens
5,http://www.promobit.com.br/central/minhas-ofertas
6,http://www.promobit.com.br/central/configuracoes
7,http://www.promobit.com.br/User/logout
8,http://www.promobit.com.br/promocoes/aplicativos-e-software
9,http://www.promobit.com.br/promocoes/mochilas-e-malas
10,http://www.promobit.com.br/promocoes/bebes-e-criancas
11,http://www.promobit.com.br/promocoes/moda-e-calcados-femininos
12,http://www.promobit.com.br/promocoes/bebidas
13,http://www.promobit.com.br/promocoes/moda-e-calcados-masculinos
14,http://www.promobit.com.br/promocoes/brinquedos-e-hobbies
15,http://www.promobit.com.br/promocoes/moveis-e-decoracao
16,http://www.promobit.com.br/promocoes/cama-mesa-e-banho
17,http://www.promobit.com.br/promocoes/pecas-e-acessorios-para-automoveis
18,http://www.promobit.com.br/promocoes/cameras-filmadoras-e-drones
19,http://www.promobit.com.br/promocoes/perfumes-e-beleza
20,http://www.promobit.com.br/promocoes/eletronicos-audio-e-video
21,http://www.promobit.com.br/promocoes/relogios-e-joias
22,http://www.promobit.com.br/promocoes/eletrodomesticos
23,http://www.promobit.com.br/promocoes/saude-e-higiene
24,http://www.promobit.com.br/promocoes/eletroportateis
25,http://www.promobit.com.br/promocoes/smartphones-tablets-e-telefones
26,http://www.promobit.com.br/promocoes/esporte-e-lazer
27,http://www.promobit.com.br/promocoes/suplementos-e-fitness
28,http://www.promobit.com.br/promocoes/ferramentas-e-jardim
29,http://www.promobit.com.br/promocoes/utensilios-domesticos
30,http://www.promobit.com.br/promocoes/filmes-musica-e-seriados
31,http://www.promobit.com.br/promocoes/viagem
32,http://www.promobit.com.br/promocoes/games
33,http://www.promobit.com.br/promocoes/outros
34,http://www.promobit.com.br/promocoes/informatica
35,http://www.promobit.com.br/promocoes/gratis
36,http://www.promobit.com.br/promocoes/livros-ebooks-e-ereaders
37,http://www.promobit.com.br/promocoes/selecao/doubleeleven
38,http://www.promobit.com.br/promocoes/loja/amazon
39,http://www.promobit.com.br/promocoes/loja/americanas
40,http://www.promobit.com.br/promocoes/loja/carrefour
41,http://www.promobit.com.br/promocoes/loja/casas-bahia
42,http://www.promobit.com.br/promocoes/loja/centauro
43,http://www.promobit.com.br/promocoes/loja/loja-dafiti
44,http://www.promobit.com.br/promocoes/loja/extra
45,http://www.promobit.com.br/promocoes/loja/fastshop
46,http://www.promobit.com.br/promocoes/loja/loja-kanui
47,http://www.promobit.com.br/promocoes/loja/natura
48,http://www.promobit.com.br/promocoes/loja/netshoes
49,http://www.promobit.com.br/promocoes/loja/ponto-frio
50,http://www.promobit.com.br/promocoes/loja/ricardo-eletro
51,http://www.promobit.com.br/promocoes/loja/saraiva
52,http://www.promobit.com.br/promocoes/loja/shoptime
53,http://www.promobit.com.br/promocoes/loja/steam
54,http://www.promobit.com.br/promocoes/loja/submarino
55,http://www.promobit.com.br/promocoes/lojas
56,http://www.promobit.com.br/promocoes/melhores-ofertas
57,http://www.promobit.com.br/promocoes/ultimas-interacoes
58,http://www.promobit.com.br/promocoes/nova-oferta
59,http://www.promobit.com.br/o-que-e-promobit
60,http://www.promobit.com.br/Index/termos
61,http://www.promobit.com.br/Index/politica-de-privacidade
62,http://www.promobit.com.br/sobre-nos
63,http://www.promobit.com.br/Index/parcerias
64,http://www.promobit.com.br/Index/vagas
65,http://www.promobit.com.br/oferta/jogo-watch-dogs-pc-475049/sg/top
66,http://www.promobit.com.br/oferta/ame-por-10115-panela-saute-grand-24cm-polishop-475046/sg/top
67,http://www.promobit.com.br/oferta/ame-por-278998-iphone-8-plus-64gb-ios-11-tela-55-4g-wi-fi-apple-475045/sg/top
68,http://www.promobit.com.br/oferta/smart-tv-led-75-samsung-ru7100-un75ru7100gxzd-ultra-hd-4k-hdmi-usb-wi-fi-preta-conversor-digital-integrado-475040/sg/top
69,http://www.promobit.com.br/oferta/jogo-fallout-4-game-of-the-year-edition-xbox-one-475030/sg/top
70,http://www.promobit.com.br/ofertas/lista-de-desejos
71,http://www.promobit.com.br/cupons/loja/ponto-frio/#cupom:19123
72,http://www.promobit.com.br/cupons/loja/ponto-frio
73,http://www.promobit.com.br/cupons/loja/ponto-frio/#cupom:19122
74,http://www.promobit.com.br/cupons/loja/oboticario/#cupom:19121
75,http://www.promobit.com.br/cupons/loja/oboticario
76,http://www.promobit.com.br/cupons/loja/oboticario/#cupom:19120
77,http://www.promobit.com.br/cupons/loja/zattini/#cupom:19119
78,http://www.promobit.com.br/cupons/loja/zattini
79,https://play.google.com/store/apps/details?id=br.com.promobit.app
80,https://itunes.apple.com/br/app/promobit-ofertas/id1112648085?pid=organic&cid=landing
81,http://www.promobit.com.br/Promocoes/nova-oferta
82,http://www.promobit.com.br/Index/contato
83,http://www.promobit.com.br/Index/faq
84,http://www.promobit.com.br/oferta/tenis-nike-mamba-focus-masculino-preto-e-branco-475090
85,http://www.promobit.com.br/@caio_251367
86,http://www.promobit.com.br/oferta/zenfone-max-pro-m1-4gb-64gb-preto-zenfone-max-plus-m2-3gb-32gb-preto-475089
87,http://www.promobit.com.br/oferta/zenfone-5z-4gb-64gb-preto-zenfone-max-plus-m2-3gb-32gb-prata-bumper-max-plus-m2-475088
88,http://www.promobit.com.br/oferta/monitor-dell-de-238-p2419h-475086
89,http://www.promobit.com.br/@luciano_braga_134445
90,http://www.promobit.com.br/oferta/notebook-acer-aspire-5-a515-52g-58lz-intel-core-i5-8gb-1tb-156-placa-de-video-2gb-windows-10-home-475085
91,http://www.promobit.com.br/@felipe_arruda_758626
92,http://www.promobit.com.br/oferta/conjunto-de-potes-5-pecas-essential-exclusivo-coza-vermelho-bold-coza-475084
93,http://www.promobit.com.br/@ricardo_angeli
94,http://www.promobit.com.br/oferta/smart-tv-led-32-lg-32lm620-hd-thinq-ai-conversor-digital-integrado-3-hdmi-2-usb-wi-fi-475082
95,http://www.promobit.com.br/@rafael_gustavo
96,http://www.promobit.com.br/oferta/brinox-shop-jogo-de-panelas-8-pecas-ceramic-life-magnolia-vermelho-475081
97,http://www.promobit.com.br/oferta/kit-de-pneus-goodyear-de-alta-performance-205-55-aro-16-eagle-sportt-91v-4-unidades-475078
98,http://www.promobit.com.br/@anaclaudia
99,http://www.promobit.com.br/oferta/tenis-adidas-duramo-lite-2-0-masculino-preto-e-cinza-sao-paulo-mania-475075
100,http://www.promobit.com.br/oferta/kit-2-moedores-de-pimenta-e-sal-aco-inox-realce-tramontina-475073
101,http://www.promobit.com.br/@miucha
102,http://www.promobit.com.br/oferta/super-pista-com-mini-carrinho-street-rod-toyng-475071
103,http://www.promobit.com.br/@Lemos
104,http://www.promobit.com.br/oferta/tenis-olympikus-274-jogging-100-azul-petroleo-475070
105,http://www.promobit.com.br/oferta/pista-de-percurso-e-mini-veiculos-patrulha-canina-475069
106,http://www.promobit.com.br/oferta/chuteira-campo-adidas-artilheira-iii-fg-preto-e-branco-37-38-475061
107,http://www.promobit.com.br/@reco
108,http://www.promobit.com.br/oferta/tenis-under-armour-ripple-sa-feminino-475060
109,http://www.promobit.com.br/oferta/panela-eletrica-midea-liva-18-litros-inox-475057
110,http://www.promobit.com.br/oferta/sapatenis-democrata-urban-blow-jeans-preto-masculino-preto-475054
111,http://www.promobit.com.br/oferta/desinfetante-para-uso-geral-brisa-do-oceano-omo-pisos-frasco-450ml-475053
112,http://www.promobit.com.br/@rogerio_m
113,http://www.promobit.com.br/oferta/sandalia-west-coast-block-preta-masculina-475052
114,http://www.promobit.com.br/oferta/smartphone-samsung-galaxy-a80-preto-475051
115,http://www.promobit.com.br/oferta/mesa-para-computador-politorno-fremont-401806930002-475050
116,http://www.promobit.com.br/@jessica_silva_776220
117,http://www.promobit.com.br/oferta/jogo-watch-dogs-pc-475049
118,http://www.promobit.com.br/@tiago_silva_352548
119,http://www.promobit.com.br/oferta/ame-por-10115-panela-saute-grand-24cm-polishop-475046
120,http://www.promobit.com.br/@felipe_barros_225106
121,http://www.promobit.com.br/oferta/ame-por-278998-iphone-8-plus-64gb-ios-11-tela-55-4g-wi-fi-apple-475045
122,http://www.promobit.com.br/oferta/carregador-portatil-power-bank-samsung-10000mah-475038
123,http://www.promobit.com.br/@matheus.
124,http://www.promobit.com.br/oferta/smart-tv-led-75-samsung-ru7100-un75ru7100gxzd-ultra-hd-4k-hdmi-usb-wi-fi-preta-conversor-digital-integrado-475040
125,http://www.promobit.com.br/@bianca_araujo
126,http://www.promobit.com.br/oferta/jogo-batman-arkham-knight-ps4-475036
127,http://www.promobit.com.br/@otilio_filho
128,http://www.promobit.com.br/oferta/jogo-far-cry-5-pc-475037
129,http://www.promobit.com.br/@portela
130,http://www.promobit.com.br/oferta/placa-de-video-xfx-amd-radeon-r7-240-core-2gb-ddr3-r7-240a-2ts4-475035
131,http://www.promobit.com.br/@cristiano_campos_436941
132,http://www.promobit.com.br/oferta/macbook-air-mqd32bz-a-i5-18ghz-8gb-128gb-ssd-tela-133-prata-apple-474160
133,http://www.promobit.com.br/@jose_131796
134,http://www.promobit.com.br/oferta/jogo-assetto-corsa-ps4-475031
135,http://www.promobit.com.br/@clodoaldo_huss
136,http://www.promobit.com.br/oferta/jogo-fallout-4-game-of-the-year-edition-xbox-one-475030
137,http://www.promobit.com.br/@Gabriel96
138,http://www.promobit.com.br/oferta/sapato-social-pegada-preto-masculino-preto-paqueta-calcados-tam-41-42-475029
139,http://www.promobit.com.br/oferta/sapatenis-democrata-sharp-preto-masculino-preto-37-39-475027
140,http://www.promobit.com.br/oferta/amaciante-downy-concentrado-adorable-1l-amaciante-475023
141,http://www.promobit.com.br/@roberta_marcelino
142,http://www.promobit.com.br/oferta/caixa-de-som-bluetooth-jbl-charge-4-a-prova-dagua-30w-com-microfone-usb-475021
143,http://www.promobit.com.br/@ailson_freire
144,http://www.promobit.com.br/oferta/carro-eletrico-infantil-vermelho-brink-475016
145,http://www.promobit.com.br/@vinicius_2842
146,http://www.promobit.com.br/oferta/jogo-far-cry-primal-ps4-475013
147,http://www.promobit.com.br/@thiago_wichan
148,http://www.promobit.com.br/oferta/game-bloodborne-hits-ps4-475012
149,http://www.promobit.com.br/oferta/jogo-horizon-zero-dawn-complete-edition-ps4-475014
150,http://www.promobit.com.br/oferta/jogo-infamous-second-son-ps4-475011
151,http://www.promobit.com.br/oferta/jogo-just-cause-4-ps4-475009
152,http://www.promobit.com.br/@wagninho
153,http://www.promobit.com.br/oferta/cama-elastica-trampolim-happy-kids-hpktp32b-244cm-com-escada-e-rede-470097
154,http://www.promobit.com.br/@luiz_augusto_marques
155,http://www.promobit.com.br/oferta/fone-de-ouvido-bluetooth-c-microfone-intra-street-go-i2go-bt-1-un-475008
156,http://www.promobit.com.br/oferta/teclado-mecanico-azio-mgk-l80-02-led-vermelho-475007
157,http://www.promobit.com.br/@fabio_gomes
158,http://www.promobit.com.br/oferta/fogao-atlas-a-gas-utop-5-bocas-branco-bivolt-474982
159,http://www.promobit.com.br/@kronus
160,http://www.promobit.com.br/oferta/ssd-adata-xpg-gammix-s11-pro-1tb-m2-leitura-3500mb-s-gravacao-3000mb-s-agammixs11p-1tt-c-475004
161,http://www.promobit.com.br/@fabricio_faiad
162,http://www.promobit.com.br/nojspage/2
163,http://www.promobit.com.br/ofertas/app-ofertas
164,https://www.facebook.com/promobit
165,https://twitter.com/PromobitOficial
166,https://www.instagram.com/promobitoficial/
167,http://www.promobit.com.br/cupons/ultimos-cupons
168,http://www.promobit.com.br/cupons/novo-cupom
169,https://itunes.apple.com/br/app/promobit-ofertas/id1112648085
170,http://www.promobit.com.br/black-friday
171,http://www.promobit.com.br/ofertas/black-night
172,http://www.promobit.com.br/dia-das-maes
173,http://www.promobit.com.br/dia-dos-namorados
174,http://www.promobit.com.br/promocao-steam-summer-sale
175,http://www.promobit.com.br/presente-dia-dos-pais
176,http://www.google.com.br/safebrowsing/diagnostic?site=www.promobit.com.br
177,http://www.promobit.com.br/Index/imprensa
178,http://www.promobit.com.br/Index/cadastrando
179,http://www.promobit.com.br/Index/compra-segura
180,http://www.promobit.com.br/Index/niveis
181,http://www.promobit.com.br/promocoes/loja/sou_barato
182,http://www.promobit.com.br/promocoes/loja/casas_bahia
183,http://www.promobit.com.br/oferta/ame-por-428830-iphone-xs-64gb-tela-58-apple-475083/sg/top
184,http://www.promobit.com.br/cupons/loja/americanas
185,http://www.promobit.com.br/cupons/loja/submarino
186,http://www.promobit.com.br/cupons/loja/shoptime
187,http://www.promobit.com.br/cupons/loja/netshoes
188,http://www.promobit.com.br/cupons/loja/loja-dafiti
189,http://www.promobit.com.br/cupons/loja/amazon
190,http://www.promobit.com.br/cupons/loja/extra
191,http://www.promobit.com.br/cupons/loja/centauro
192,http://www.promobit.com.br/cupons/loja/loja-kanui
193,http://www.promobit.com.br/cupons/loja/carrefour
194,http://www.promobit.com.br/cupons/loja/mcdonalds
195,http://www.promobit.com.br/cupons/loja/casas-bahia
196,http://www.promobit.com.br/cupons/loja/magazine-luiza
197,http://www.promobit.com.br/cupons/loja/natura
198,http://www.promobit.com.br/cupons/loja/rappi
199,http://www.promobit.com.br/cupons/loja/uber
200,http://www.promobit.com.br/cupons/loja/ubereats
201,http://www.promobit.com.br/cupons/loja/ifood
202,http://www.promobit.com.br/cupons/loja/glovo
203,http://www.promobit.com.br/cupons/loja/easytaxi
204,http://www.promobit.com.br/cupons/loja/99-taxis
205,http://www.promobit.com.br/cupons/loja/kabum
206,http://www.promobit.com.br/cupons/loja/gearbest
207,http://www.promobit.com.br/cupons/loja/megamamute
208,http://www.promobit.com.br/cupons/loja/loja-asus
209,http://www.promobit.com.br/cupons/loja/ricardo-eletro
210,http://www.promobit.com.br/cupons/loja/fnac
211,http://www.promobit.com.br/cupons/loja/terabyteshop
212,http://www.promobit.com.br/cupons/loja/saraiva
213,http://www.promobit.com.br/cupons/loja/loja-tricae
214,http://www.promobit.com.br/cupons/loja/shop2gether
215,http://www.promobit.com.br/cupons/loja/lojas-renner
216,http://www.promobit.com.br/cupons/loja/cea
217,http://www.promobit.com.br/cupons/loja/posthaus
218,http://www.promobit.com.br/cupons/loja/colombo
219,http://www.promobit.com.br/cupons/loja/americanas/#cupom:19072
220,http://www.promobit.com.br/cupons/loja/americanas/#cupom:19016
221,http://www.promobit.com.br/cupons/loja/lojas-renner/#cupom:18997
222,http://www.promobit.com.br/cupons/loja/extra/#cupom:18881
223,http://www.promobit.com.br/cupons/loja/marisa
224,http://www.promobit.com.br/cupons/loja/marisa/#cupom:16737
225,http://www.promobit.com.br/cupons/loja/loja-tricae/#cupom:16349
226,http://www.promobit.com.br/cupons/loja/2amgaming
227,http://www.promobit.com.br/cupons/loja/aaz-perfumes
228,http://www.promobit.com.br/cupons/loja/abra-cadabra
229,http://www.promobit.com.br/cupons/loja/abra-casa
230,http://www.promobit.com.br/cupons/loja/acqua-perfumes
231,http://www.promobit.com.br/cupons/loja/adidas
232,http://www.promobit.com.br/cupons/loja/agoda
233,http://www.promobit.com.br/cupons/loja/agua-doce
234,http://www.promobit.com.br/cupons/loja/airbnb
235,http://www.promobit.com.br/cupons/loja/aliexpress
236,http://www.promobit.com.br/cupons/loja/allianz
237,http://www.promobit.com.br/cupons/loja/almundo
238,http://www.promobit.com.br/cupons/loja/amaro
239,http://www.promobit.com.br/cupons/loja/amissima
240,http://www.promobit.com.br/cupons/loja/angeloni
241,http://www.promobit.com.br/cupons/loja/anhanguera
242,http://www.promobit.com.br/cupons/loja/animale
243,http://www.promobit.com.br/cupons/loja/anita-calcados
244,http://www.promobit.com.br/cupons/loja/anna-pegova
245,http://www.promobit.com.br/cupons/loja/aramis
246,http://www.promobit.com.br/cupons/loja/artex
247,http://www.promobit.com.br/cupons/loja/artwalk
248,http://www.promobit.com.br/cupons/loja/ateen
249,http://www.promobit.com.br/cupons/loja/authentic-feet
250,http://www.promobit.com.br/cupons/loja/autoz
251,http://www.promobit.com.br/cupons/loja/avianca
252,http://www.promobit.com.br/cupons/loja/avon-store
253,http://www.promobit.com.br/cupons/loja/azul
254,http://www.promobit.com.br/cupons/loja/azul-viagens
255,http://www.promobit.com.br/cupons/loja/a-brand
256,http://www.promobit.com.br/cupons/loja/a-suissa
257,http://www.promobit.com.br/cupons/loja/bandup
258,http://www.promobit.com.br/cupons/loja/banggood
259,http://www.promobit.com.br/cupons/loja/barateiro
260,http://www.promobit.com.br/cupons/loja/bebe-store
261,http://www.promobit.com.br/cupons/loja/beefitness
262,http://www.promobit.com.br/cupons/loja/beleza-na-web
263,http://www.promobit.com.br/cupons/loja/beline
264,http://www.promobit.com.br/cupons/loja/bestfit
265,http://www.promobit.com.br/cupons/loja/billabong
266,http://www.promobit.com.br/cupons/loja/birden
267,http://www.promobit.com.br/cupons/loja/boasaudesuplementos
268,http://www.promobit.com.br/cupons/loja/bobo
269,http://www.promobit.com.br/cupons/loja/bonprix
270,http://www.promobit.com.br/cupons/loja/booking
271,http://www.promobit.com.br/cupons/loja/brastemp
272,http://www.promobit.com.br/cupons/loja/breithaupt
273,http://www.promobit.com.br/cupons/loja/britania
274,http://www.promobit.com.br/cupons/loja/britania-em-casa
275,http://www.promobit.com.br/cupons/loja/cabify
276,http://www.promobit.com.br/cupons/loja/calvin-klein
277,http://www.promobit.com.br/cupons/loja/camisaria-colombo
278,http://www.promobit.com.br/cupons/loja/cantao
279,http://www.promobit.com.br/cupons/loja/capodarte
280,http://www.promobit.com.br/cupons/loja/casatema
281,http://www.promobit.com.br/cupons/loja/casa-das-aliancas
282,http://www.promobit.com.br/cupons/loja/casa-video
283,http://www.promobit.com.br/cupons/loja/casÃ§ados-online
284,http://www.promobit.com.br/cupons/loja/cdiscount
285,http://www.promobit.com.br/cupons/loja/cea-outlet
286,http://www.promobit.com.br/cupons/loja/cec
287,http://www.promobit.com.br/cupons/loja/centralfit
288,http://www.promobit.com.br/cupons/loja/central-ar
289,http://www.promobit.com.br/cupons/loja/chico-rei
290,http://www.promobit.com.br/cupons/loja/chocolife
291,http://www.promobit.com.br/cupons/loja/cia.maritima
292,http://www.promobit.com.br/cupons/loja/cirilocabos
293,http://www.promobit.com.br/cupons/loja/cissa-magazine
294,http://www.promobit.com.br/cupons/loja/classic-praia
295,http://www.promobit.com.br/cupons/loja/clickbus
296,http://www.promobit.com.br/cupons/loja/clinique
297,http://www.promobit.com.br/cupons/loja/clubedomalte
298,http://www.promobit.com.br/cupons/loja/clubedoricardo
299,http://www.promobit.com.br/cupons/loja/clubeer
300,http://www.promobit.com.br/cupons/loja/clubegreens
301,http://www.promobit.com.br/cupons/loja/clube-marisol
302,http://www.promobit.com.br/cupons/loja/cobasi
303,http://www.promobit.com.br/cupons/loja/coliseu
304,http://www.promobit.com.br/cupons/loja/compra-certa
305,http://www.promobit.com.br/cupons/loja/consul
306,http://www.promobit.com.br/cupons/loja/copafer
307,http://www.promobit.com.br/cupons/loja/corpo-ideal
308,http://www.promobit.com.br/cupons/loja/corpo-perfeito
309,http://www.promobit.com.br/cupons/loja/cvc
310,http://www.promobit.com.br/cupons/loja/cz10
311,http://www.promobit.com.br/cupons/loja/danny-cosmeticos
312,http://www.promobit.com.br/cupons/loja/darwin6
313,http://www.promobit.com.br/cupons/loja/dell
314,http://www.promobit.com.br/cupons/loja/descomplica
315,http://www.promobit.com.br/cupons/loja/dia
316,http://www.promobit.com.br/cupons/loja/diesel
317,http://www.promobit.com.br/cupons/loja/dinda
318,http://www.promobit.com.br/cupons/loja/disantinni
319,http://www.promobit.com.br/cupons/loja/divvino
320,http://www.promobit.com.br/cupons/loja/doce-beleza
321,http://www.promobit.com.br/cupons/loja/drogarias-pacheco
322,http://www.promobit.com.br/cupons/loja/drogaria-araujo
323,http://www.promobit.com.br/cupons/loja/drogaria-liviero
324,http://www.promobit.com.br/cupons/loja/drogaria-saopaulo
325,http://www.promobit.com.br/cupons/loja/drogasil
326,http://www.promobit.com.br/cupons/loja/droga-raia
327,http://www.promobit.com.br/cupons/loja/dudalina
328,http://www.promobit.com.br/cupons/loja/duloren
329,http://www.promobit.com.br/cupons/loja/dumond
330,http://www.promobit.com.br/cupons/loja/dx
331,http://www.promobit.com.br/cupons/loja/dzarm
332,http://www.promobit.com.br/cupons/loja/ecadeiras
333,http://www.promobit.com.br/cupons/loja/eclectic
334,http://www.promobit.com.br/cupons/loja/eclock
335,http://www.promobit.com.br/cupons/loja/edreams
336,http://www.promobit.com.br/cupons/loja/element
337,http://www.promobit.com.br/cupons/loja/elens
338,http://www.promobit.com.br/cupons/loja/eletrum
339,http://www.promobit.com.br/cupons/loja/elo7
340,http://www.promobit.com.br/cupons/loja/embelleze
341,http://www.promobit.com.br/cupons/loja/emporio
342,http://www.promobit.com.br/cupons/loja/eotica
343,http://www.promobit.com.br/cupons/loja/epoca-cosmeticos
344,http://www.promobit.com.br/cupons/loja/espaÃ§o-hering
345,http://www.promobit.com.br/cupons/loja/estoque
346,http://www.promobit.com.br/cupons/loja/estrela10
347,http://www.promobit.com.br/cupons/loja/etna
348,http://www.promobit.com.br/cupons/loja/eudora
349,http://www.promobit.com.br/cupons/loja/eurorelogios
350,http://www.promobit.com.br/cupons/loja/evino
351,http://www.promobit.com.br/cupons/loja/expedia
352,http://www.promobit.com.br/cupons/loja/farfetch
353,http://www.promobit.com.br/cupons/loja/farmrio
354,http://www.promobit.com.br/cupons/loja/fastshop
355,http://www.promobit.com.br/cupons/loja/fast-runner
356,http://www.promobit.com.br/cupons/loja/feira-toalha
357,http://www.promobit.com.br/cupons/loja/fila
358,http://www.promobit.com.br/cupons/loja/fini
359,http://www.promobit.com.br/cupons/loja/flaminga
360,http://www.promobit.com.br/cupons/loja/forever-liss
361,http://www.promobit.com.br/cupons/loja/fossil
362,http://www.promobit.com.br/cupons/loja/foxton
363,http://www.promobit.com.br/cupons/loja/frigelar
364,http://www.promobit.com.br/cupons/loja/fuji
365,http://www.promobit.com.br/cupons/loja/futfanatics
366,http://www.promobit.com.br/cupons/loja/fyi
367,http://www.promobit.com.br/cupons/loja/gaston
368,http://www.promobit.com.br/cupons/loja/gazin
369,http://www.promobit.com.br/cupons/loja/geracao-pet
370,http://www.promobit.com.br/cupons/loja/girafa
371,http://www.promobit.com.br/cupons/loja/giulianaflores
372,http://www.promobit.com.br/cupons/loja/glambox
373,http://www.promobit.com.br/cupons/loja/godaddy
374,http://www.promobit.com.br/cupons/loja/gorila-shield
375,http://www.promobit.com.br/cupons/loja/go-case
376,http://www.promobit.com.br/cupons/loja/green-man-gaming
377,http://www.promobit.com.br/cupons/loja/growth-suplementos
378,http://www.promobit.com.br/cupons/loja/hang-loose
379,http://www.promobit.com.br/cupons/loja/havan
380,http://www.promobit.com.br/cupons/loja/hering
381,http://www.promobit.com.br/cupons/loja/hermoso-compadre
382,http://www.promobit.com.br/cupons/loja/hope
383,http://www.promobit.com.br/cupons/loja/hoteis
384,http://www.promobit.com.br/cupons/loja/hotel-urbano
385,http://www.promobit.com.br/cupons/loja/ikesaki
386,http://www.promobit.com.br/cupons/loja/imaginarium
387,http://www.promobit.com.br/cupons/loja/inovathi
388,http://www.promobit.com.br/cupons/loja/intimissimi
389,http://www.promobit.com.br/cupons/loja/iridium-labs
390,http://www.promobit.com.br/cupons/loja/irobot
391,http://www.promobit.com.br/cupons/loja/itaro
392,http://www.promobit.com.br/cupons/loja/jamesdelivery
393,http://www.promobit.com.br/cupons/loja/jansport
394,http://www.promobit.com.br/cupons/loja/jbl
395,http://www.promobit.com.br/cupons/loja/jequiti
396,http://www.promobit.com.br/cupons/loja/jocar
397,http://www.promobit.com.br/cupons/loja/johnjohn
398,http://www.promobit.com.br/cupons/loja/joico
399,http://www.promobit.com.br/cupons/loja/karsten
400,http://www.promobit.com.br/cupons/loja/kaspersky
401,http://www.promobit.com.br/cupons/loja/kayak
402,http://www.promobit.com.br/cupons/loja/key-design
403,http://www.promobit.com.br/cupons/loja/kfc
404,http://www.promobit.com.br/cupons/loja/kikos
405,http://www.promobit.com.br/cupons/loja/kipling
406,http://www.promobit.com.br/cupons/loja/kitchenaid
407,http://www.promobit.com.br/cupons/loja/klin
408,http://www.promobit.com.br/cupons/loja/kodak
409,http://www.promobit.com.br/cupons/loja/kutiz
410,http://www.promobit.com.br/cupons/loja/ladydriver
411,http://www.promobit.com.br/cupons/loja/lancaperfume
412,http://www.promobit.com.br/cupons/loja/latam
413,http://www.promobit.com.br/cupons/loja/lenovo
414,http://www.promobit.com.br/cupons/loja/leroy-merlin
415,http://www.promobit.com.br/cupons/loja/levi
416,http://www.promobit.com.br/cupons/loja/le-lis-blanc
417,http://www.promobit.com.br/cupons/loja/lfg
418,http://www.promobit.com.br/cupons/loja/light-in-the-box
419,http://www.promobit.com.br/cupons/loja/livraria-cultura
420,http://www.promobit.com.br/cupons/loja/liv-up
421,http://www.promobit.com.br/cupons/loja/locaweb
422,http://www.promobit.com.br/cupons/loja/loccitane
423,http://www.promobit.com.br/cupons/loja/loccitane-au-bresil
424,http://www.promobit.com.br/cupons/loja/logitech-store
425,http://www.promobit.com.br/cupons/loja/lojaskd
426,http://www.promobit.com.br/cupons/loja/lojas-pompeia
427,http://www.promobit.com.br/cupons/loja/lojas-rede
428,http://www.promobit.com.br/cupons/loja/loja-dafiti-sports
429,http://www.promobit.com.br/cupons/loja/loja-da-hp
430,http://www.promobit.com.br/cupons/loja/loja-dc-comics
431,http://www.promobit.com.br/cupons/loja/loja-do-mecanico
432,http://www.promobit.com.br/cupons/loja/loja-edifier
433,http://www.promobit.com.br/cupons/loja/loja-electrolux
434,http://www.promobit.com.br/cupons/loja/loja-inter
435,http://www.promobit.com.br/cupons/loja/loja-multilaser
436,http://www.promobit.com.br/cupons/loja/loja-oficial-tres
437,http://www.promobit.com.br/cupons/loja/loungerie
438,http://www.promobit.com.br/cupons/loja/lumae
439,http://www.promobit.com.br/cupons/loja/mac-cosmeticos
440,http://www.promobit.com.br/cupons/loja/madeiramadeira
441,http://www.promobit.com.br/cupons/loja/magicfeet
442,http://www.promobit.com.br/cupons/loja/malemolencia
443,http://www.promobit.com.br/cupons/loja/malwee
444,http://www.promobit.com.br/cupons/loja/marabraz
445,http://www.promobit.com.br/cupons/loja/marcyn
446,http://www.promobit.com.br/cupons/loja/maresia
447,http://www.promobit.com.br/cupons/loja/marquinho-motos
448,http://www.promobit.com.br/cupons/loja/mash
449,http://www.promobit.com.br/cupons/loja/maxmilhas
450,http://www.promobit.com.br/cupons/loja/medalhao-persa
451,http://www.promobit.com.br/cupons/loja/mens-market
452,http://www.promobit.com.br/cupons/loja/mercatto
453,http://www.promobit.com.br/cupons/loja/microsoft
454,http://www.promobit.com.br/cupons/loja/mini-in-the-box
455,http://www.promobit.com.br/cupons/loja/mmartan
456,http://www.promobit.com.br/cupons/loja/mobile-maniacos
457,http://www.promobit.com.br/cupons/loja/mobly
458,http://www.promobit.com.br/cupons/loja/modalove
459,http://www.promobit.com.br/cupons/loja/monama
460,http://www.promobit.com.br/cupons/loja/mondial-travel
461,http://www.promobit.com.br/cupons/loja/morenarosa
462,http://www.promobit.com.br/cupons/loja/motorola
463,http://www.promobit.com.br/cupons/loja/movida
464,http://www.promobit.com.br/cupons/loja/mrcat
465,http://www.promobit.com.br/cupons/loja/multiar
466,http://www.promobit.com.br/cupons/loja/natue
467,http://www.promobit.com.br/cupons/loja/nerdstore
468,http://www.promobit.com.br/cupons/loja/nescafe-dolcegusto
469,http://www.promobit.com.br/cupons/loja/netfarma
470,http://www.promobit.com.br/cupons/loja/new-balance
471,http://www.promobit.com.br/cupons/loja/nike
472,http://www.promobit.com.br/cupons/loja/notetec
473,http://www.promobit.com.br/cupons/loja/novo-mundo
474,http://www.promobit.com.br/cupons/loja/nuuvem
475,http://www.promobit.com.br/cupons/loja/oakley
476,http://www.promobit.com.br/cupons/loja/obabox
477,http://www.promobit.com.br/cupons/loja/oculos-shop
478,http://www.promobit.com.br/cupons/loja/offpremium
479,http://www.promobit.com.br/cupons/loja/oficial-farma
480,http://www.promobit.com.br/cupons/loja/okulos
481,http://www.promobit.com.br/cupons/loja/omeletebox
482,http://www.promobit.com.br/cupons/loja/onofre
483,http://www.promobit.com.br/cupons/loja/onofreagora
484,http://www.promobit.com.br/cupons/loja/oppa
485,http://www.promobit.com.br/cupons/loja/oqvestir
486,http://www.promobit.com.br/cupons/loja/oscarcalcados
487,http://www.promobit.com.br/cupons/loja/osklen
488,http://www.promobit.com.br/cupons/loja/oticas-diniz
489,http://www.promobit.com.br/cupons/loja/oticas-ultrafarma
490,http://www.promobit.com.br/cupons/loja/outer-shoes
491,http://www.promobit.com.br/cupons/loja/ovelha-negra
492,http://www.promobit.com.br/cupons/loja/palmeiras-store
493,http://www.promobit.com.br/cupons/loja/pandora-joias
494,http://www.promobit.com.br/cupons/loja/paqueta
495,http://www.promobit.com.br/cupons/loja/paqueta-esportes
496,http://www.promobit.com.br/cupons/loja/passarela
497,http://www.promobit.com.br/cupons/loja/pbkids
498,http://www.promobit.com.br/cupons/loja/petlove
499,http://www.promobit.com.br/cupons/loja/petz
500,http://www.promobit.com.br/cupons/loja/philco
501,http://www.promobit.com.br/cupons/loja/philco-club
502,http://www.promobit.com.br/cupons/loja/picadilly
503,http://www.promobit.com.br/cupons/loja/pichau
504,http://www.promobit.com.br/cupons/loja/picpay
505,http://www.promobit.com.br/cupons/loja/pierre-cardin
506,http://www.promobit.com.br/cupons/loja/playstation
507,http://www.promobit.com.br/cupons/loja/plie
508,http://www.promobit.com.br/cupons/loja/pneustore
509,http://www.promobit.com.br/cupons/loja/polar
510,http://www.promobit.com.br/cupons/loja/polishop
511,http://www.promobit.com.br/cupons/loja/popup-store
512,http://www.promobit.com.br/cupons/loja/portal-das-malas
513,http://www.promobit.com.br/cupons/loja/positivo
514,http://www.promobit.com.br/cupons/loja/printi
515,http://www.promobit.com.br/cupons/loja/projeto-verao
516,http://www.promobit.com.br/cupons/loja/qbazar
517,http://www.promobit.com.br/cupons/loja/quantum
518,http://www.promobit.com.br/cupons/loja/quem-disse-berenice
519,http://www.promobit.com.br/cupons/loja/queropassagem
520,http://www.promobit.com.br/cupons/loja/quintess
521,http://www.promobit.com.br/cupons/loja/quintoandar
522,http://www.promobit.com.br/cupons/loja/rafarillo
523,http://www.promobit.com.br/cupons/loja/rainha
524,http://www.promobit.com.br/cupons/loja/rayban
525,http://www.promobit.com.br/cupons/loja/recarga-pay
526,http://www.promobit.com.br/cupons/loja/redley
527,http://www.promobit.com.br/cupons/loja/remessa-online
528,http://www.promobit.com.br/cupons/loja/reserva
529,http://www.promobit.com.br/cupons/loja/riachuelo
530,http://www.promobit.com.br/cupons/loja/ri-happy
531,http://www.promobit.com.br/cupons/loja/rologios-condor
532,http://www.promobit.com.br/cupons/loja/roncato-brasil
533,http://www.promobit.com.br/cupons/loja/rosacha
534,http://www.promobit.com.br/cupons/loja/rudge
535,http://www.promobit.com.br/cupons/loja/rvca
536,http://www.promobit.com.br/cupons/loja/samsonite
537,http://www.promobit.com.br/cupons/loja/sandro-moscoloni
538,http://www.promobit.com.br/cupons/loja/santista-decoracao
539,http://www.promobit.com.br/cupons/loja/santorock
540,http://www.promobit.com.br/cupons/loja/santos-store
541,http://www.promobit.com.br/cupons/loja/sao-paulo-mania
542,http://www.promobit.com.br/cupons/loja/schumann
543,http://www.promobit.com.br/cupons/loja/sephora
544,http://www.promobit.com.br/cupons/loja/sestini
545,http://www.promobit.com.br/cupons/loja/shell
546,http://www.promobit.com.br/cupons/loja/shoestock
547,http://www.promobit.com.br/cupons/loja/shopdoscabelos
548,http://www.promobit.com.br/cupons/loja/shopfacil
549,http://www.promobit.com.br/cupons/loja/shopfisio
550,http://www.promobit.com.br/cupons/loja/shopinfo
551,http://www.promobit.com.br/cupons/loja/shopluxo
552,http://www.promobit.com.br/cupons/loja/shoptimao
553,http://www.promobit.com.br/cupons/loja/shop-cruzeiro
554,http://www.promobit.com.br/cupons/loja/shop-vasco
555,http://www.promobit.com.br/cupons/loja/shoulder
556,http://www.promobit.com.br/cupons/loja/singer
557,http://www.promobit.com.br/cupons/loja/sonoma
558,http://www.promobit.com.br/cupons/loja/sony-store
559,http://www.promobit.com.br/cupons/loja/sou-barato
560,http://www.promobit.com.br/cupons/loja/sporttennis
561,http://www.promobit.com.br/cupons/loja/steam
562,http://www.promobit.com.br/cupons/loja/submarino-viagens
563,http://www.promobit.com.br/cupons/loja/subway
564,http://www.promobit.com.br/cupons/loja/sumup
565,http://www.promobit.com.br/cupons/loja/sunglass-hut
566,http://www.promobit.com.br/cupons/loja/supermuffato
567,http://www.promobit.com.br/cupons/loja/swift
568,http://www.promobit.com.br/cupons/loja/taco
569,http://www.promobit.com.br/cupons/loja/taqi
570,http://www.promobit.com.br/cupons/loja/technos
571,http://www.promobit.com.br/cupons/loja/telhanorte
572,http://www.promobit.com.br/cupons/loja/thenorthface
573,http://www.promobit.com.br/cupons/loja/the-beauty-box
574,http://www.promobit.com.br/cupons/loja/the-beer-planet
575,http://www.promobit.com.br/cupons/loja/timberland
576,http://www.promobit.com.br/cupons/loja/timecenter
577,http://www.promobit.com.br/cupons/loja/timex
578,http://www.promobit.com.br/cupons/loja/tng
579,http://www.promobit.com.br/cupons/loja/tomtop
580,http://www.promobit.com.br/cupons/loja/topper
581,http://www.promobit.com.br/cupons/loja/tripadvisor
582,http://www.promobit.com.br/cupons/loja/trivago
583,http://www.promobit.com.br/cupons/loja/trocafone
584,http://www.promobit.com.br/cupons/loja/tuning-parts
585,http://www.promobit.com.br/cupons/loja/tvz
586,http://www.promobit.com.br/cupons/loja/uatt
587,http://www.promobit.com.br/cupons/loja/udemy
588,http://www.promobit.com.br/cupons/loja/umbro
589,http://www.promobit.com.br/cupons/loja/underarmour
590,http://www.promobit.com.br/cupons/loja/unopar
591,http://www.promobit.com.br/cupons/loja/utilplast
592,http://www.promobit.com.br/cupons/loja/uz-games
593,http://www.promobit.com.br/cupons/loja/vaio
594,http://www.promobit.com.br/cupons/loja/valejet
595,http://www.promobit.com.br/cupons/loja/vapza
596,http://www.promobit.com.br/cupons/loja/vestcasa
597,http://www.promobit.com.br/cupons/loja/viagogo
598,http://www.promobit.com.br/cupons/loja/vincishoes
599,http://www.promobit.com.br/cupons/loja/vinho-facil
600,http://www.promobit.com.br/cupons/loja/vissla
601,http://www.promobit.com.br/cupons/loja/vivara
602,http://www.promobit.com.br/cupons/loja/voegol
603,http://www.promobit.com.br/cupons/loja/volcom
604,http://www.promobit.com.br/cupons/loja/walmart
605,http://www.promobit.com.br/cupons/loja/wbeer
606,http://www.promobit.com.br/cupons/loja/webcontinental
607,http://www.promobit.com.br/cupons/loja/webmotors
608,http://www.promobit.com.br/cupons/loja/wevans
609,http://www.promobit.com.br/cupons/loja/wine
610,http://www.promobit.com.br/cupons/loja/world-tennis
611,http://www.promobit.com.br/cupons/loja/youcom
612,http://www.promobit.com.br/cupons/loja/zona-criativa
613,https://www.promobit.com.br/promocoes/loja/99-taxis
614,https://www.promobit.com.br/promocoes/loja/americanas
615,https://www.promobit.com.br/promocoes/loja/netshoes/
616,https://www.promobit.com.br/promocoes/loja/saraiva
617,https://www.promobit.com.br/promocoes/loja/submarino
618,https://www.promobit.com.br/promocoes/loja/mcdonalds
619,https://www.promobit.com.br/promocoes/smartphones-tablets-e-telefones/
620,https://www.promobit.com.br/promocoes/tv/s/
621,https://www.promobit.com.br/promocoes/notebooks/s/
622,https://www.promobit.com.br/black-friday/
623,https://www.promobit.com.br/ofertas/app-ofertas/
624,http://www.promobit.com.br/forum/categorias
625,http://www.promobit.com.br/forum/recentes
626,http://www.promobit.com.br/promocoes/ultimas-interacoes/?a=topicos
627,http://www.promobit.com.br/forum/novo
628,http://www.promobit.com.br/forum/recentes/pagina/2
629,http://www.promobit.com.br/forum/recentes/pagina/3
630,http://www.promobit.com.br/forum/recentes/pagina/98
631,http://www.promobit.com.br/@rafinho
632,http://www.promobit.com.br/forum/trabalhe-no-promobit-vagas-de-emprego-da-maior-comunidade-de-promocoes-3366
633,http://www.promobit.com.br/forum/bate-papo
634,http://www.promobit.com.br/@leandro_menezes
635,http://www.promobit.com.br/@yolanda_moretto
636,http://www.promobit.com.br/forum/manual-de-boas-praticas-para-o-forum-686
637,http://www.promobit.com.br/forum/sugestoes-e-feedbacks
638,http://www.promobit.com.br/@cristiano_nascimento_802682
639,http://www.promobit.com.br/@jessica_neves_810265
640,http://www.promobit.com.br/forum/fiz-uma-compra-e-a-mesma-foi-cancelada-mesmo-sendo-cobrado-no-cartao-3409
641,http://www.promobit.com.br/forum/duvidas
642,http://www.promobit.com.br/@anderm
643,http://www.promobit.com.br/@ambrosio_melo
644,http://www.promobit.com.br/forum/galaxy-s10-plus-ou-iphone-8-plus-qual-o-melhor-3378
645,http://www.promobit.com.br/@alfabil_gama_490958
646,http://www.promobit.com.br/forum/notebook-samsung-core-i5-7200u-vale-a-pena-3398
647,http://www.promobit.com.br/@silvio_sobrinho
648,http://www.promobit.com.br/forum/ssd-sandisk-nao-formata-3408
649,http://www.promobit.com.br/@jordan_617680
650,http://www.promobit.com.br/forum/submarino-com-anuidade-gratis-por-1-ano-r100-de-cashback-3407
651,http://www.promobit.com.br/@beatriz_morise
652,http://www.promobit.com.br/forum/como-proceder-quando-a-loja-vende-produto-sem-estoque-1625
653,http://www.promobit.com.br/@bruno_leonel_249611
654,http://www.promobit.com.br/@denyel_yuujii
655,http://www.promobit.com.br/forum/por-que-a-linha-s-da-sansumg-desvaloriza-tao-rapido-3406
656,http://www.promobit.com.br/@fernando_goulart_805877
657,http://www.promobit.com.br/@Ngrx
658,http://www.promobit.com.br/forum/zenfone-4-demorando-horas-pra-carregar-2271
659,http://www.promobit.com.br/@thuanne_amaral_726751
660,http://www.promobit.com.br/@thiago_britto_470588
661,http://www.promobit.com.br/forum/ru7100-por-169900-compensa-3405
662,http://www.promobit.com.br/@mickael_fernandes
663,http://www.promobit.com.br/forum/qual-e-mais-vantajoso-note-10-s10-ou-s10-3404
664,http://www.promobit.com.br/forum/Selecione
665,http://www.promobit.com.br/forum/duvidas-e-problemas-com-o-ame-digital-2262
666,http://www.promobit.com.br/@gislene_s_ribeiro
667,http://www.promobit.com.br/@emerson_mp
668,http://www.promobit.com.br/forum/o-que-estao-esperando-da-black-friday-2019-3240
669,http://www.promobit.com.br/@victor_azevedo_760364
670,http://www.promobit.com.br/@ana_campos
671,http://www.promobit.com.br/forum/alguem-recomenda-o-colchao-guldi-3400
672,http://www.promobit.com.br/@diego_kot
673,http://www.promobit.com.br/forum/qual-note-com-windows-tem-a-bateria-mais-duravel-3401
674,http://www.promobit.com.br/@tobimeira
675,http://www.promobit.com.br/forum/quais-as-tvs-recomendadas-para-game-em-2019-3123
676,http://www.promobit.com.br/forum/diferencas-entre-tvs-lg-4k-de-2019-serie-um-e-serie-sm-3202
677,http://www.promobit.com.br/forum/artigos
678,http://www.promobit.com.br/@washington_jorge
679,http://www.promobit.com.br/@rodrigo_almeida
680,http://www.promobit.com.br/forum/convites-nubank-pegue-o-seu-cartao-sem-anuidade-108
681,http://www.promobit.com.br/@fabio_pozzo
682,http://www.promobit.com.br/@Carla.Caroline
683,http://www.promobit.com.br/forum/existe-um-smartwatch-android-que-da-para-responder-mensagem-de-texto-ou-whatsapp-3399
684,http://www.promobit.com.br/@joel_campos
685,http://www.promobit.com.br/@vinicius_pontes
686,http://www.promobit.com.br/@dan-qs
687,https://www.promobit.com.br/ofertas/app-ofertas/?utm_source=promobit&utm_medium=sidebar&utm_campaign=banner_app
688,https://www.facebook.com/BetterSTU
689,https://twitter.com/BetterSTU
690,https://plus.google.com/116030018206526131828
691,https://instagram.com/betterstudio
692,http://www.promobit.com.br/Central
693,http://www.promobit.com.br/Central/configuracoes
694,http://www.promobit.com.br/blog/noticias
695,http://www.promobit.com.br/promocoes/ultimas-interacoes/?a=posts
696,https://promobit.typeform.com/to/SjBvvL
697,https://www.promobit.com.br/blog/duvidas-da-vida-adultas-vale-a-pena-comprar-uma-garrafa-termica-inquebravel/
698,https://www.promobit.com.br/blog/category/promobit-explica/
699,https://www.promobit.com.br/blog/author/willian_oli/
700,https://www.promobit.com.br/blog/melhor-e-mais-barato-analisamos-se-vale-a-pena-comprar-um-xiaomi/
701,https://www.promobit.com.br/blog/author/vinicio-lira/
702,https://www.promobit.com.br/blog/amolador-eletrico-facas-afiadas-sem-trabalho/
703,https://www.promobit.com.br/blog/o-que-e-power-bank-e-por-que-com-ela-seu-celular-nao-vai-mais-te-deixar-na-mao/
704,https://www.promobit.com.br/blog/qual-a-melhor-marca-de-fogao/
705,https://www.promobit.com.br/blog/author/yolanda_moretto/
706,https://www.promobit.com.br/blog/qual-o-melhor-momento-para-comprar-o-galaxy-s10/
707,https://www.promobit.com.br/blog/author/rafinho/
708,https://www.promobit.com.br/blog/como-funciona-o-ame-da-americanas-604/
709,https://www.promobit.com.br/blog/melhores-jogos-de-tabuleiro-disponiveis-no-brasil/
710,https://www.promobit.com.br/blog/category/artigos/
711,https://www.promobit.com.br/blog/category/bastidores/
712,https://www.promobit.com.br/blog/category/comparativos/
713,https://www.promobit.com.br/blog/category/guias-de-compra/
714,https://www.promobit.com.br/blog/category/noticias/
715,https://www.promobit.com.br/blog/category/reviews/
716,https://www.promobit.com.br/blog/category/sem-categoria/
717,https://www.promobit.com.br/blog/comprar-com-amazon-prime-e-ter-frete-gratis-e-sempre-a-melhor-opcao/
718,https://www.promobit.com.br/blog/comprar-com-amazon-prime-e-ter-frete-gratis-e-sempre-a-melhor-opcao/#respond
719,https://www.promobit.com.br/blog/como-usar-fones-bluetooth-no-xbox-one/
720,https://www.promobit.com.br/blog/como-saber-se-um-perfume-e-original-ou-falsificado/
721,https://www.promobit.com.br/blog/author/luiza-lamas/
722,https://www.promobit.com.br/blog/como-saber-se-um-perfume-e-original-ou-falsificado/#respond
723,https://www.promobit.com.br/blog/qual-tipo-de-garrafa-termica-escolher/
724,https://www.promobit.com.br/blog/qual-tipo-de-garrafa-termica-escolher/#respond
725,https://www.promobit.com.br/blog/rechaud-na-cozinha-mude-o-jeito-de-preparar-e-servir-refeicoes/
726,https://www.promobit.com.br/blog/rechaud-na-cozinha-mude-o-jeito-de-preparar-e-servir-refeicoes/#respond
727,https://www.promobit.com.br/blog/como-escolher-o-jogo-de-facas-ideal-para-sua-cozinha/
728,https://www.promobit.com.br/blog/como-escolher-o-jogo-de-facas-ideal-para-sua-cozinha/#respond
729,https://www.promobit.com.br/blog/7-produtos-para-levar-quando-for-jogar-futebol-com-os-amigos/
730,https://www.promobit.com.br/blog/7-produtos-para-levar-quando-for-jogar-futebol-com-os-amigos/#respond
731,https://www.promobit.com.br/blog/especial-promobit-80-anos-do-batman/
732,https://www.promobit.com.br/blog/especial-promobit-80-anos-do-batman/#respond
733,https://www.promobit.com.br/blog/explicando-o-cdc-o-que-sao-praticas-abusivas-simples/
734,https://www.promobit.com.br/blog/author/fulano/
735,https://www.promobit.com.br/blog/o-que-e-a-tecnologia-inverter/
736,https://www.promobit.com.br/blog/como-comprar-passagem-aerea-com-milhas/
737,https://www.promobit.com.br/blog/vale-a-pena-comprar-eletrodomestico-usado/
738,https://www.promobit.com.br/blog/melhores-tenis-para-crossfit/
739,https://www.promobit.com.br/blog/melhores-tenis-para-crossfit/#respond
740,https://www.promobit.com.br/blog/epic-games-libera-jogos-do-batman-de-graca-para-comemorar-o-aniversario-do-homem-morcego/
741,https://www.promobit.com.br/blog/epic-games-libera-jogos-do-batman-de-graca-para-comemorar-o-aniversario-do-homem-morcego/#comments
742,https://www.promobit.com.br/blog/entenda-a-diferenca-entre-os-tipos-de-chuteiras/
743,https://www.promobit.com.br/blog/entenda-a-diferenca-entre-os-tipos-de-chuteiras/#respond
744,https://www.promobit.com.br/blog/qual-o-melhor-sistema-operacional-para-smart-tv/
745,https://www.promobit.com.br/blog/qual-o-melhor-sistema-operacional-para-smart-tv/#comments
746,https://www.promobit.com.br/blog/vivo-amplia-rede-de-internet-das-coisas-e-cobertura-passa-a-alcancar-mais-de-400-cidades/
747,https://www.promobit.com.br/blog/vivo-amplia-rede-de-internet-das-coisas-e-cobertura-passa-a-alcancar-mais-de-400-cidades/#respond
748,https://www.promobit.com.br/blog/o-que-e-cycle-defrost-tecnologia-de-degelo-manual-comparada-a-frost-free/
749,https://www.promobit.com.br/blog/o-que-e-cycle-defrost-tecnologia-de-degelo-manual-comparada-a-frost-free/#respond
750,https://www.promobit.com.br/blog/melhores-notebooks-gamers/
751,https://www.promobit.com.br/blog/melhores-notebooks-gamers/#respond
752,https://plus.google.com/+PromobitBr/
753,http://www.promobit.com.br/Index/feedback
754,http://www.promobit.com.br/promocoes/loja/walmart
755,http://www.promobit.com.br/promocoes/loja/loja-asus
756,https://www.promobit.com.br/forum/
757,http://www.promobit.com.br/promocoes/apps-android/s
758,http://www.promobit.com.br/promocoes/apps-iOS/s
759,http://www.promobit.com.br/promocoes/apps-windows-phone/s
760,http://www.promobit.com.br/oferta/programa-ozone-8-elements-474457
761,http://www.promobit.com.br/@vinicius_berni
762,http://www.promobit.com.br/oferta/jogo-mario-kart-tour-android-474098
763,http://www.promobit.com.br/@emulouco
764,http://www.promobit.com.br/oferta/apple-music-gratis-por-3-meses-471335
765,http://www.promobit.com.br/@lricardo
766,http://www.promobit.com.br/oferta/storytel-audiolivros-14-dias-gratis-para-testar-468172
767,http://www.promobit.com.br/@albert1
768,http://www.promobit.com.br/oferta/amazon-prime-30-dias-gratis-frete-gratis-e-entretenimento-466706
769,http://www.promobit.com.br/@thiago_472874
770,http://www.promobit.com.br/oferta/compre-um-vale-presente-google-play-e-receba-um-bonus-de-ate-r80-no-free-fire-460557
771,http://www.promobit.com.br/@julio_18596
772,http://www.promobit.com.br/oferta/movie-maker-for-photos-free-video-editor-slideshow-maker-image-to-video-movie-maker-268720
773,http://www.promobit.com.br/@don_corleone
774,http://www.promobit.com.br/oferta/gif-maker-photos-to-gif-video-to-gif-268524
775,http://www.promobit.com.br/@nivaldo_fraga
776,http://www.promobit.com.br/oferta/jogo-life-is-strange-ios-245036
777,http://www.promobit.com.br/oferta/15-dias-esporte-interativo-gratis-222242
778,http://www.promobit.com.br/oferta/jogo-sonic-the-hedgehog-2-classic-android-197495
779,http://www.promobit.com.br/@alehquiz
780,http://www.promobit.com.br/oferta/jogo-ristar-android-173204
781,http://www.promobit.com.br/oferta/injustice-2-on-the-app-store-is1-158563
782,http://www.promobit.com.br/oferta/garageband-na-app-store-154875
783,http://www.promobit.com.br/oferta/soundbyte-aplicativos-do-windows-namicrosoft-store-146171
784,http://www.promobit.com.br/oferta/leanguide-fitness-for-a-lean-body-na-app-store-139358
785,http://www.promobit.com.br/@leticialtorres
786,http://www.promobit.com.br/promocoes/aplicativos-e-software/nojspage/2
787,http://www.samsung.com/br/apps/
788,https://www.promobit.com.br/ofertas/lista-de-desejos/
789,https://www.promobit.com.br/Ofertas/lista-de-desejos/adicionar/Minecraft%20-%20Pocket%20Edition
790,https://www.promobit.com.br/blog/jogos-de-celular-para-testar-neste-fim-de-ano-326
791,https://play.google.com/store
792,https://www.promobit.com.br/promocoes/smartphone-android/s/
793,https://www.promobit.com.br/Ofertas/lista-de-desejos/adicionar/app%20android
794,https://itunes.apple.com/br/developer/apple/id284417353?mt=12
795,https://www.promobit.com.br/promocoes/iphone/s/
796,http://www.promobit.com.br/cupons/loja/sestini/#cupom:19100
797,http://www.promobit.com.br/cupons/loja/shoptime/#cupom:18993
798,http://www.promobit.com.br/cupons/loja/shoptime/#cupom:18992
799,http://www.promobit.com.br/cupons/loja/shoptime/#cupom:18991
800,http://www.promobit.com.br/promocoes/mala-de-viagem/s
801,http://www.promobit.com.br/oferta/mochila-g-hora-de-aventura-11121-dmw-bags-474699
802,http://www.promobit.com.br/@joaolustoza
803,http://www.promobit.com.br/oferta/mochila-g-dmw-bags-guardioes-da-galaxia-11107-474702
804,http://www.promobit.com.br/oferta/mochila-nike-brasilia-m-90-24-litros-474384
805,http://www.promobit.com.br/@felipe_42389
806,http://www.promobit.com.br/oferta/mochila-para-notebook-dell-pro-156-474178
807,http://www.promobit.com.br/@emanuelcerqueira
808,http://www.promobit.com.br/oferta/mala-reebok-f-enh-active-imagiro-473934
809,http://www.promobit.com.br/oferta/mochila-masculina-realm-backpack-onix-vans-preto-473834
810,http://www.promobit.com.br/@dario_cunha
811,http://www.promobit.com.br/oferta/mochila-under-armour-multi-tasker-feminina-472793
812,http://www.promobit.com.br/@stedm
813,http://www.promobit.com.br/oferta/mochila-under-armour-project-5-masculina-472792
814,http://www.promobit.com.br/oferta/mochila-puma-phase-small-rosa-e-marinho-467983
815,http://www.promobit.com.br/@vgomesdsg
816,http://www.promobit.com.br/oferta/mochila-and1-big-size-born-to-ball-preta-467973
817,http://www.promobit.com.br/@porto_alegre
818,http://www.promobit.com.br/oferta/mochila-webbing-hang-loose-masculina-471444
819,http://www.promobit.com.br/@danilopossebao
820,http://www.promobit.com.br/oferta/conjunto-de-mala-de-viagem-expansivel-em-abs-yins-fiji-rodas-giro-360-3-pecas-p-m-g-rosa-com-azul-471320
821,http://www.promobit.com.br/oferta/mochila-escolar-de-carrinho-tartaruga-ninja-mutant-471222
822,http://www.promobit.com.br/@chico_gomes
823,http://www.promobit.com.br/oferta/mochila-cargueira-trilhas-e-rumos-crampon-60-litros-470946
824,http://www.promobit.com.br/@ChrisPimentel
825,http://www.promobit.com.br/oferta/asus-mochila-rog-backpack-preto-470076
826,http://www.promobit.com.br/@jorge_131434
827,http://www.promobit.com.br/oferta/asus-mochila-nereus-470073
828,http://www.promobit.com.br/promocoes/mochilas-e-malas/nojspage/2
829,http://www.promobit.com.br/cupons/loja/zattini/#cupom:19032
830,http://www.promobit.com.br/cupons/loja/carrefour/#cupom:19015
831,http://www.promobit.com.br/promocoes/berco/s
832,http://www.promobit.com.br/promocoes/calcados-infantis/s
833,http://www.promobit.com.br/promocoes/carrinho-bebe/s
834,http://www.promobit.com.br/promocoes/fraldas/s
835,http://www.promobit.com.br/promocoes/roupa-infantil/s
836,http://www.promobit.com.br/oferta/kit-composto-lacteo-nestle-ninho-fases-1-lata-800g-3-unidades-474996
837,http://www.promobit.com.br/oferta/bebe-conforto-kiddo-caracol-ate-13kg-vermelho-474947
838,http://www.promobit.com.br/oferta/moises-laika-soft-carrycot-nomad-black-maxi-cosi-474890
839,http://www.promobit.com.br/oferta/carrinho-de-bebe-agile-cinza-multikids-bb526-474887
840,http://www.promobit.com.br/oferta/leve-3-kits-e-pague-2-kit-de-fraldas-pampers-confort-sec-super-474886
841,http://www.promobit.com.br/oferta/kit-de-fralda-calca-mamypoko-m-jumbo-336-unidades-474885
842,http://www.promobit.com.br/oferta/kit-de-fralda-calca-mamypoko-m-jumbo-252-unidade-474883
843,http://www.promobit.com.br/oferta/kit-de-fraldas-pampers-confort-sec-super-474881
844,http://www.promobit.com.br/@helenabarden
845,http://www.promobit.com.br/oferta/leve-3-kits-e-pague-2-kit-de-fraldas-huggies-hiper-supreme-care-474857
846,http://www.promobit.com.br/oferta/avon-care-baby-colonia-100ml-474637
847,http://www.promobit.com.br/@zilda
848,http://www.promobit.com.br/oferta/calcao-nike-y-academy-jaquard-k-preto-infantil-474581
849,http://www.promobit.com.br/@oliveiram
850,http://www.promobit.com.br/oferta/blusa-adidas-yg-linear-tee-rosa-infantil-rosa-474566
851,http://www.promobit.com.br/@rksc
852,http://www.promobit.com.br/oferta/camiseta-burnett-branca-infantil-branco-tam-p-474561
853,http://www.promobit.com.br/oferta/cadeira-para-auto-pallas-2-fix-preto-cybex-474432
854,http://www.promobit.com.br/oferta/cadeira-para-auto-iconic-9-36-kg-vermelho-bb581-fisher-price-474431
855,http://www.promobit.com.br/promocoes/bebes-e-criancas/nojspage/2
856,https://www.promobit.com.br/cupons/
857,https://www.promobit.com.br/cupons/loja/pbkids
858,https://www.promobit.com.br/cupons/loja/netshoes/
859,https://www.promobit.com.br/cupons/loja/bebe-store/
860,https://www.promobit.com.br/cupons/loja/extra/
861,https://www.promobit.com.br/Promocoes/loja/dinda
862,https://www.promobit.com.br/Cupons/loja/dinda
863,http://www.promobit.com.br/cupons/loja/marisa/#cupom:19110
864,http://www.promobit.com.br/cupons/loja/cea/#cupom:19109
865,http://www.promobit.com.br/cupons/loja/posthaus/#cupom:19103
866,http://www.promobit.com.br/cupons/loja/paqueta-esportes/#cupom:19082
867,http://www.promobit.com.br/cupons/loja/cea/#cupom:19080
868,http://www.promobit.com.br/promocoes/bolsas-acessorios/s
869,http://www.promobit.com.br/promocoes/calcados/s
870,http://www.promobit.com.br/promocoes/oculos-feminino/s
871,http://www.promobit.com.br/promocoes/roupas-mulheres/s
872,http://www.promobit.com.br/oferta/top-adidas-all-me-framing-preto-474931
873,http://www.promobit.com.br/oferta/moletom-flanelado-fechado-element-color-rosa-474910
874,http://www.promobit.com.br/oferta/ray-ban-front-runner-rx7076l-2301-tartaruga-havana-lente-tam-53-474831
875,http://www.promobit.com.br/@gabeira
876,http://www.promobit.com.br/oferta/oculos-de-sol-kipling-kp4049-f298-roxo-lente-espelhada-roxo-tam-56-474822
877,http://www.promobit.com.br/oferta/oculos-emporio-armani-ea4070-551113-marrom-lente-marrom-degrade-tam-55-474821
878,http://www.promobit.com.br/@diogo_saimon_467881
879,http://www.promobit.com.br/oferta/ray-ban-rb4289l-632213-tartaruga-lente-marrom-degrade-tam-53-474818
880,http://www.promobit.com.br/oferta/mule-bottero-couro-croco-caramelo-feminino-474688
881,http://www.promobit.com.br/oferta/mule-via-marte-croco-19-7500-feminino-474692
882,http://www.promobit.com.br/oferta/mule-via-marte-croco-19-9900-feminino-474687
883,http://www.promobit.com.br/oferta/tenis-under-armour-hovr-phantom-running-feminino-474680
884,http://www.promobit.com.br/oferta/sandalia-salto-cesaretti-505142-474660
885,http://www.promobit.com.br/oferta/r-15-de-desconto-nas-compras-de-produtos-femininos-acima-de-r-150-474650
886,http://www.promobit.com.br/@genio
887,http://www.promobit.com.br/oferta/tenis-casual-moleca-5678101-feminino-474635
888,http://www.promobit.com.br/oferta/blusa-adidas-essentials-linear-azul-feminina-474589
889,http://www.promobit.com.br/oferta/sandalia-chiquiteira-salto-grosso-no-listra-rosa-bra-474545
890,http://www.promobit.com.br/promocoes/moda-e-calcados-femininos/nojspage/2
891,https://www.promobit.com.br/blog/blazer-como-usar-esta-peca-coringa-do-guarda-roupa
892,https://www.promobit.com.br/blog/author/luiza-lamas
893,https://www.promobit.com.br/blog/o-que-e-e-como-usar-cardigan-peca-atemporal-do-guarda-roupa
894,https://www.promobit.com.br/blog/calca-oversized-o-que-e-e-como-usa-la
895,https://www.promobit.com.br/cupons/loja/americanas/
896,https://www.promobit.com.br/cupons/loja/loja-dafiti
897,https://www.promobit.com.br/blog/oculos-de-sol-de-acordo-com-o-tipo-de-rosto-como-escolher
898,https://www.promobit.com.br/cupons/loja/rayban/
899,https://www.promobit.com.br/cupons/loja/cea/
900,https://www.promobit.com.br/ofertas/lista-de-desejos
901,http://www.promobit.com.br/promocoes/cerveja/s
902,http://www.promobit.com.br/promocoes/sem-alcool/s
903,http://www.promobit.com.br/promocoes/vinho/s
904,http://www.promobit.com.br/promocoes/vodka/s
905,http://www.promobit.com.br/promocoes/whisky/s
906,http://www.promobit.com.br/oferta/kit-3-garrafas-vinho-rose-piscine-stripes-750ml-474851
907,http://www.promobit.com.br/@luiza_souza_722901
908,http://www.promobit.com.br/oferta/whisky-importado-woodford-reserve-bourbon-750ml-474659
909,http://www.promobit.com.br/oferta/whisky-white-horse-gold-edition-1-litro-474297
910,http://www.promobit.com.br/oferta/whisky-chivas-regal-12-anos-1l-473996
911,http://www.promobit.com.br/oferta/whisky-johnnie-walker-black-label-1000ml-473983
912,http://www.promobit.com.br/oferta/whisky-johnnie-walker-double-black-1000ml-473982
913,http://www.promobit.com.br/oferta/whisky-royal-salute-21-anos-700ml-473981
914,http://www.promobit.com.br/oferta/whisky-jack-daniels-single-barrel-750ml-473980
915,http://www.promobit.com.br/oferta/30-de-desconto-em-selecao-de-vinhos-wine-473545
916,http://www.promobit.com.br/@jonas
917,http://www.promobit.com.br/oferta/ame-por-6153-kit-vodka-absolut-original-1l-2-tacas-473377
918,http://www.promobit.com.br/@moisesdeoliveira
919,http://www.promobit.com.br/oferta/whisky-johnnie-walker-double-black-1l-whisky-black-label-750ml-473231
920,http://www.promobit.com.br/oferta/whisky-johnnie-walker-gold-reserve-750ml-whisky-black-label-750ml-473223
921,http://www.promobit.com.br/oferta/whisky-johnnie-walker-white-walker-750ml-whisky-black-label-750ml-473222
922,http://www.promobit.com.br/oferta/whisky-johnnie-walker-black-label-1l-whisky-black-label-750ml-473217
923,http://www.promobit.com.br/oferta/promocao-concorra-a-recebidos-coca-cola-472955
924,http://www.promobit.com.br/oferta/30-de-cashback-em-bebidas-selecionadas-472933
925,http://www.promobit.com.br/promocoes/bebidas/nojspage/2
926,https://www.promobit.com.br/cupons/loja/emporio/
927,https://www.promobit.com.br/cupons/loja/submarino/
928,http://www.promobit.com.br/cupons/loja/centauro/#cupom:19083
929,http://www.promobit.com.br/cupons/loja/cea/#cupom:19081
930,http://www.promobit.com.br/cupons/loja/loja-kanui/#cupom:19047
931,http://www.promobit.com.br/promocoes/acessorios-masculino/s
932,http://www.promobit.com.br/promocoes/bones-chapeus/s
933,http://www.promobit.com.br/promocoes/calcados-masculinos/s
934,http://www.promobit.com.br/promocoes/oculos-masculino/s
935,http://www.promobit.com.br/promocoes/roupa-masculina/s
936,http://www.promobit.com.br/oferta/tenis-ecko-vision-masculino-cafe-475091
937,http://www.promobit.com.br/oferta/bota-bull-terrier-ranger-marrom-masculino-marrom-474991
938,http://www.promobit.com.br/@Tenchini
939,http://www.promobit.com.br/oferta/camisa-umbro-gremio-iii-2018-n-10-masculina-preto-474990
940,http://www.promobit.com.br/@jonas_queiros
941,http://www.promobit.com.br/oferta/bota-bull-terrier-truck-work-marrom-escuro-masculina-marrom-escuro-474943
942,http://www.promobit.com.br/oferta/camisa-fluminense-iii-17-18-s-n-torcedor-under-armour-masculina-474938
943,http://www.promobit.com.br/oferta/tenis-skechers-go-run-tr-charring-preto-masculino-474934
944,http://www.promobit.com.br/oferta/tenis-skechers-pure-azul-masculino-474933
945,http://www.promobit.com.br/oferta/moletom-flanelado-fechado-quiksilver-standard-fleece-azul-474915
946,http://www.promobit.com.br/oferta/moletom-flanelado-fechado-rip-curl-wetty-azul-marinho-474914
947,http://www.promobit.com.br/oferta/camiseta-rusty-silk-fractal-cinza-474913
948,http://www.promobit.com.br/promocoes/moda-e-calcados-masculinos/nojspage/2
949,https://www.promobit.com.br/blog/melhores-tenis-para-academia-diferentes-tipos-de-treino
950,https://www.promobit.com.br/blog/como-usar-tenis-de-cano-alto
951,https://www.promobit.com.br/blog/como-escolher-o-tenis-de-corrida
952,https://www.promobit.com.br/cupons
953,https://www.promobit.com.br/cupons/loja/centauro
954,https://www.promobit.com.br/promocoes/loja/loja-dafiti/
955,http://www.promobit.com.br/cupons/loja/casas-bahia/#cupom:19031
956,http://www.promobit.com.br/cupons/loja/extra/#cupom:19030
957,http://www.promobit.com.br/cupons/loja/extra/#cupom:19029
958,http://www.promobit.com.br/cupons/loja/extra/#cupom:19028
959,http://www.promobit.com.br/promocoes/barbie/s
960,http://www.promobit.com.br/promocoes/funko-pop/s
961,http://www.promobit.com.br/promocoes/jogos-tabuleiro/s
962,http://www.promobit.com.br/promocoes/lego/s
963,http://www.promobit.com.br/oferta/aquaman-mimo-brinquedos-dourado-474964
964,http://www.promobit.com.br/@ithalo_felipe_803211
965,http://www.promobit.com.br/oferta/smart-baby-bandeirante-535-confort-azul-474959
966,http://www.promobit.com.br/oferta/toca-encantada-braskit-660-2-vermelha-tocas-e-barracas-infantis-474948
967,http://www.promobit.com.br/oferta/toca-aranha-braskit-820-6-azul-tocas-e-barracas-infantis-474946
968,http://www.promobit.com.br/oferta/teclado-casio-61-teclas-120-timbres-70-ritmos-ctk-1500-474779
969,http://www.promobit.com.br/oferta/violao-acustico-6-cordas-cutway-preto-aubvo621-auburn-474778
970,http://www.promobit.com.br/oferta/veiculo-com-lancador-mattel-dc-comics-batman-batmobile-474704
971,http://www.promobit.com.br/@alice_3959
972,http://www.promobit.com.br/oferta/piano-digital-portatil-casio-cdp-s100bk-88-teclas-preto-474649
973,http://www.promobit.com.br/oferta/selecao-de-lanca-dardos-nerf-com-ate-60-de-desconto-474412
974,http://www.promobit.com.br/@fabio_carneiro
975,http://www.promobit.com.br/oferta/super-maleta-de-slime-fun-com-acessorios-474401
976,http://www.promobit.com.br/oferta/mesinha-xalingo-oficina-de-criacoes-04955-474262
977,http://www.promobit.com.br/@gerson_27512
978,http://www.promobit.com.br/oferta/teclado-arranjador-profissional-casio-ct-x3000-61-teclas-474156
979,http://www.promobit.com.br/oferta/toy-story-4-buzz-voo-espacial-ggh39-mattel-474159
980,http://www.promobit.com.br/oferta/barbie-conjunto-profissoes-apicultora-dhb63-frm17-mattel-473889
981,http://www.promobit.com.br/promocoes/brinquedos-e-hobbies/nojspage/2
982,https://www.promobit.com.br/Cupons/
983,https://www.promobit.com.br/cupons/loja/walmart/
984,https://www.promobit.com.br/blog/melhores-jogos-de-tabuleiro-disponiveis-no-brasil
985,https://www.promobit.com.br/blog/melhores-jogos-de-tabuleiro-online
986,https://www.promobit.com.br/cupons/loja/ri-happy/
987,https://www.promobit.com.br/promocoes/loja/americanas/
988,https://www.promobit.com.br/
989,http://www.promobit.com.br/cupons/loja/ponto-frio/#cupom:19058
990,http://www.promobit.com.br/cupons/loja/marabraz/#cupom:19036
991,http://www.promobit.com.br/promocoes/cadeiras/s
992,http://www.promobit.com.br/promocoes/cama-colchao/s
993,http://www.promobit.com.br/promocoes/guarda-roupa/s
994,http://www.promobit.com.br/promocoes/rack/s
995,http://www.promobit.com.br/promocoes/sofa/s
996,http://www.promobit.com.br/oferta/conjunto-de-mesa-clara-para-sala-de-jantar-com-6-cadeiras-tais-moldura-cimol-savana-offwhite-rose-474848
997,http://www.promobit.com.br/@asaph_medrado
998,http://www.promobit.com.br/oferta/conjunto-de-4-cadeiras-para-sala-de-jantar-130x80-agata-nicole-cimol-savana-offwhite-rose-474845
999,http://www.promobit.com.br/oferta/conjunto-de-mesa-sofia-com-6-cadeiras-grecia-rufato-animalle-chocolate-off-white-cafe-474844
1000,http://www.promobit.com.br/oferta/conjunto-de-mesa-para-sala-de-jantar-com-6-cadeiras-ibis-agata-rufato-animalle-chocolate-off-white-imbuia-474843
1001,http://www.promobit.com.br/oferta/balcao-para-cooktop-4-bocas-e-microondas-completa-moveis-branco-smoked-474747
1002,http://www.promobit.com.br/oferta/banqueta-estofada-preto-mor-474728
1003,http://www.promobit.com.br/@victor_cordero_802641
1004,http://www.promobit.com.br/oferta/mesa-escrivaninha-multiuso-trevalla-moveis-2-prateleiras-1-gaveta-474640
1005,http://www.promobit.com.br/oferta/cadeira-gamer-alpha-gamer-nova-junior-black-red-474494
1006,http://www.promobit.com.br/@rafael_souza
1007,http://www.promobit.com.br/oferta/conjunto-para-banheiro-baden-preto-e-branco-474337
1008,http://www.promobit.com.br/oferta/balcao-de-cozinha-livia-para-cooktop-5-bocas-1-pt-branco-474320
1009,http://www.promobit.com.br/oferta/kit-de-cachepot-com-prateleira-green-natural-fosco-474312
1010,http://www.promobit.com.br/oferta/kit-5-travesseiro-fibra-siliconada-antialergico-45x65cm-bf-colchoes-acessorios-para-cama-474363
1011,http://www.promobit.com.br/oferta/banco-dili-amendoa-e-preto-474309
1012,http://www.promobit.com.br/oferta/colchao-ortobom-solteiro-light-d23-liso-12x88x188-474286
1013,http://www.promobit.com.br/oferta/sofa-fixo-3-lugares-suede-istambul-hellen-474275
1014,http://www.promobit.com.br/promocoes/moveis-e-decoracao/nojspage/2
1015,https://www.promobit.com.br/cupons/loja/etna/
1016,https://www.promobit.com.br/cupons/loja/abra-casa/
