id,links
0,http://www.saraiva.com.br/#
1,http://www.saraiva.com.br/
2,http://www.saraiva.com.br/account
3,http://www.saraiva.com.br/_secure/wishlist/lista/?listindex=0
4,http://www.saraiva.com.br/checkout/#/cart
5,http://www.saraiva.com.br/especial/game-of-thrones
6,http://www.saraiva.com.br/livros/hqs
7,http://www.saraiva.com.br/especial/harry-potter
8,http://www.saraiva.com.br/especial/kids
9,http://www.saraiva.com.br/especial/universo-geek
10,http://www.saraiva.com.br/especial/star-wars
11,http://www.saraiva.com.br/especial/marvel
12,http://www.saraiva.com.br/especial/princesa-disney
13,https://www.saraiva.com.br/os-segredos-da-mente-milionaria-aprenda-a-enriquecer-mudando-seus-conceitos-sobre-o-dinheiro-1416781/p
14,https://www.saraiva.com.br/checkout/cart/add?sku=1416781&qty=1&seller=10024&sc=1&price=2792&cv=f142b8a31548f98d0aca016d0ef5416d_&sc=1
15,http://www.saraiva.com.br/checkout/cart/add?sku=1416781&qty=1&seller=1&redirect=true&sc=1
16,https://www.saraiva.com.br/o-milagre-da-manha-9358803/p
17,https://www.saraiva.com.br/checkout/cart/add?sku=9358803&qty=1&seller=10064&sc=1&price=2992&cv=45fb8dbf97b29e55469c2e6dd6fdfdcc_&sc=1
18,http://www.saraiva.com.br/checkout/cart/add?sku=9358803&qty=1&seller=1&redirect=true&sc=1
19,https://www.saraiva.com.br/a-sutil-arte-de-ligar-o-foda-se-9875730/p
20,https://www.saraiva.com.br/checkout/cart/add?sku=9875730&qty=1&seller=10064&sc=1&price=2789&cv=bf751b468660e226af8b8d6467a8efff_&sc=1
21,http://www.saraiva.com.br/checkout/cart/add?sku=9875730&qty=1&seller=1&redirect=true&sc=1
22,https://www.saraiva.com.br/nada-menos-que-tudo-bastidores-da-operacao-que-colocou-o-sistema-politico-em-xeque-10605269/p
23,https://www.saraiva.com.br/checkout/cart/add?sku=10605269&qty=1&seller=1&sc=1&price=4990&cv=b8741f7af863d0dbec7d28e0b0edee1e_&sc=1
24,http://www.saraiva.com.br/checkout/cart/add?sku=10605269&qty=1&seller=1&redirect=true&sc=1
25,https://www.saraiva.com.br/aquaman-blu-ray-10516032/p
26,https://www.saraiva.com.br/checkout/cart/add?sku=10516032&qty=1&seller=1&sc=1&price=4990&cv=a13715331f4ba7b8e5ffbcbf4a5e28fa_&sc=1
27,http://www.saraiva.com.br/checkout/cart/add?sku=10516032&qty=1&seller=1&redirect=true&sc=1
28,https://www.saraiva.com.br/o-poder-da-autorresponsabilidade-9955275/p
29,https://www.saraiva.com.br/checkout/cart/add?sku=9955275&qty=1&seller=1&sc=1&price=990&cv=121c72f550d269a04c79c1f9521d29b1_&sc=1
30,http://www.saraiva.com.br/checkout/cart/add?sku=9955275&qty=1&seller=1&redirect=true&sc=1
31,https://www.saraiva.com.br/do-mil-ao-milhao-10501613/p
32,https://www.saraiva.com.br/checkout/cart/add?sku=10501613&qty=1&seller=10024&sc=1&price=2373&cv=b0852ea18238f1033fc1b6dcfc95d741_&sc=1
33,http://www.saraiva.com.br/checkout/cart/add?sku=10501613&qty=1&seller=1&redirect=true&sc=1
34,https://www.saraiva.com.br/crash-team-racing-nitro-fueled-ps4-10562302/p
35,https://www.saraiva.com.br/checkout/cart/add?sku=10562302&qty=1&seller=1&sc=1&price=17990&cv=0574683401794b2ea36720d8ec1acf31_&sc=1
36,http://www.saraiva.com.br/checkout/cart/add?sku=10562302&qty=1&seller=1&redirect=true&sc=1
37,https://www.saraiva.com.br/como-fazer-amigos-e-influenciar-pessoas-4053082/p
38,https://www.saraiva.com.br/checkout/cart/add?sku=4053082&qty=1&seller=10057&sc=1&price=3146&cv=ec8894c13414625144a15adbb9cf43b5_&sc=1
39,http://www.saraiva.com.br/checkout/cart/add?sku=4053082&qty=1&seller=1&redirect=true&sc=1
40,https://www.saraiva.com.br/ansiedade-como-enfrentar-o-mal-do-seculo-a-sindrome-do-pensamento-acelerado-6278664/p
41,https://www.saraiva.com.br/checkout/cart/add?sku=6278664&qty=1&seller=1&sc=1&price=900&cv=0f378c5d24e1c3f4a699b5f3e30fb6ca_&sc=1
42,http://www.saraiva.com.br/checkout/cart/add?sku=6278664&qty=1&seller=1&redirect=true&sc=1
43,http://www.saraiva.com.br/produtos-digitais/cartoes-pre-pagos-online?PS=24&O=OrderByPriceASC
44,https://www.saraiva.com.br/editora?saraiva-educacao
45,https://busca.saraiva.com.br/busca?q=apple
46,https://www.saraiva.com.br/editora?sextante
47,https://busca.saraiva.com.br/busca?q=samsung
48,https://www.saraiva.com.br/editora?editora-intrinseca
49,https://busca.saraiva.com.br/busca?q=fabber+castell
50,https://www.saraiva.com.br/editora?leya
51,https://busca.saraiva.com.br/busca?q=bic
52,http://www.saraiva.com.br/temas-especiais-para-voce
53,http://www.saraiva.com.br/listas/livros/mais-vendidos-new-york-times
54,http://www.saraiva.com.br/listas/livros/mais-vendidos-veja
55,http://www.saraiva.com.br/listas/livros/feminismo
56,http://www.saraiva.com.br/listas/livros/administre-suas-financas
57,http://www.saraiva.com.br/listas/livros/saude-mental
58,http://www.saraiva.com.br/listas/livros/leitura-complementar-para-universitarios/leitura-essencial
59,http://www.saraiva.com.br/saraiva-plus
60,https://www.facebook.com/saraivaonline
61,https://twitter.com/saraiva
62,https://www.instagram.com/saraivaonline
63,https://www.youtube.com/saraivaonline
64,https://www.linkedin.com/company/livraria-saraiva/
65,http://www.saraiva.com.br/central-de-atendimento
66,http://www.saraiva.com.br/nossas-lojas
67,http://www.saraiva.com.br/cartao-saraiva
68,https://jobs.kenoby.com/saraiva
69,http://www.saraiva.com.br/garantia-estendida
70,http://www.saraiva.com.br/protecao-saraiva
71,http://www.saraiva.com.br/institucional/programa-de-afiliados
72,http://www.saraiva.com.br/marketplace
73,http://www.saraiva.com.br/central-de-atendimento/politica
74,http://www.saraivari.com.br/default_pt.asp?idioma=0&conta=28
75,https://blog.saraiva.com.br/eventos/
76,http://www.saraiva.com.br/institucional/termos-e-condicoes-de-compra
77,https://www.saraiva.com.br/checkout/cart/add?sku=9358803&qty=1&seller=10064&sc=1&price=2992&cv=912196685c83d855d69a2ed6cea84f86_&sc=1
78,https://www.saraiva.com.br/vade-mecum-tradicional-27-ed-2019-10504412/p
79,https://www.saraiva.com.br/checkout/cart/add?sku=10504412&qty=1&seller=1&sc=1&price=9990&cv=6f5686c965dc846958852f254e55353d_&sc=1
80,http://www.saraiva.com.br/checkout/cart/add?sku=10504412&qty=1&seller=1&redirect=true&sc=1
81,https://www.saraiva.com.br/pai-rico-pai-pobre-edicao-de-20-anos-9730193/p
82,https://www.saraiva.com.br/checkout/cart/add?sku=9730193&qty=1&seller=1&sc=1&price=3990&cv=a81803e3a91fa2d1b00ddc774fb49a94_&sc=1
83,http://www.saraiva.com.br/checkout/cart/add?sku=9730193&qty=1&seller=1&redirect=true&sc=1
84,http://www.saraiva.com.br/javascript:void(0);
85,http://www.saraiva.com.br/#/orderform
86,http://www.saraiva.com.br/#/cart
87,http://www.saraiva.com.br/#livros
88,http://www.saraiva.com.br/#ebooks
89,http://www.saraiva.com.br/#videos
90,http://www.saraiva.com.br/#dvds-blurays
91,http://www.saraiva.com.br/#importados
92,http://www.saraiva.com.br/estante/cersei-lannister
93,http://www.saraiva.com.br/estante/daenerys-targaryen
94,http://www.saraiva.com.br/estante/john-snow
95,http://www.saraiva.com.br/especial/game-of-thrones/livros
96,http://www.saraiva.com.br/game-of-thrones/e-books
97,http://www.saraiva.com.br/especial/game-of-thrones/serie-de-tv-dvds
98,http://www.saraiva.com.br/especial/game-of-thrones/livros-importados
99,http://www.saraiva.com.br/especial/game-of-thrones/hqs
100,http://www.saraiva.com.br/especial/game-of-thrones/wild-cards
101,http://www.saraiva.com.br/autor/?martin-george-r-r
102,http://www.saraiva.com.br/caderneta-moleskine-grande-sem-pauta-game-of-thrones-edicao-limitada-9342895/p
103,http://www.saraiva.com.br/influenciadores-indicam/carol-e-mikannn
104,https://blog.saraiva.com.br
105,https://blog.saraiva.com.br/game-of-thrones/
106,https://blog.saraiva.com.br/fogo-e-sangue/
107,https://blog.saraiva.com.br/conheca-as-2-melhores-teorias-sobre-o-final-da-ultima-temporada-de-game-of-thrones/
108,https://blog.saraiva.com.br/outros-livros-george-rr-martin/
109,http://www.saraiva.com.br/promocoes/livros/hqs-e-mangas/ate-50-off
110,http://www.saraiva.com.br/livros/hqs/mangas
111,http://www.saraiva.com.br/livros/hqs/quadrinhos
112,http://www.saraiva.com.br/livros/hqs/eroticos
113,http://www.saraiva.com.br/livros/hqs/shoujo
114,http://www.saraiva.com.br/livros/hqs/shounen
115,http://www.saraiva.com.br/livros/hqs/seinen
116,http://www.saraiva.com.br/livros/hqs/mangas-edicoes-especiais
117,http://www.saraiva.com.br/livros/hqs/dc-comics
118,http://www.saraiva.com.br/livros/hqs/marvel
119,http://www.saraiva.com.br/livros/hqs/nacionais
120,http://www.saraiva.com.br/livros/hqs/tirinhas
121,http://www.saraiva.com.br/livros/hqs/homem-aranha
122,http://www.saraiva.com.br/livros/hqs/capitao-america
123,http://www.saraiva.com.br/livros/hqs/deadpool
124,http://www.saraiva.com.br/livros/hqs/doutor-estranho
125,http://www.saraiva.com.br/livros/hqs/flash
126,http://www.saraiva.com.br/livros/hqs/batman
127,http://www.saraiva.com.br/livros/hqs/vingadores
128,http://www.saraiva.com.br/livros/hqs/x-men
129,http://www.saraiva.com.br/livros/hqs/star-wars
130,http://www.saraiva.com.br/livros/hqs/demolidor
131,http://www.saraiva.com.br/livros/hqs/mulher-maravilha
132,http://www.saraiva.com.br/livros/hqs/turma-da-monica
133,http://www.saraiva.com.br/livros/hqs/superman
134,http://www.saraiva.com.br/livros/hqs/thor
135,http://www.saraiva.com.br/livros/hqs/watchmen
136,http://www.saraiva.com.br/livros/hqs/graphic-novels
137,http://www.saraiva.com.br/#vitrine-universo
138,http://www.saraiva.com.br/#livros-e-books
139,http://www.saraiva.com.br/#bruxinho
140,http://www.saraiva.com.br/#potterheads
141,http://www.saraiva.com.br/beco-diagonal/colecoes-completas
142,http://www.saraiva.com.br/beco-diagonal/animais-fantasticos
143,http://www.saraiva.com.br/beco-diagonal/biblioteca-hogwarts
144,http://www.saraiva.com.br/beco-diagonal/edicoes-especiais
145,http://www.saraiva.com.br/beco-diagonal/destaques
146,http://www.saraiva.com.br/beco-diagonal/loja-olivaras
147,http://www.saraiva.com.br/beco-diagonal/ebooks
148,http://www.saraiva.com.br/beco-diagonal/importados
149,http://www.saraiva.com.br/beco-diagonal/filmes
150,http://www.saraiva.com.br/beco-diagonal/papelaria-presente
151,https://saraiva.rihappy.com.br/Harry%20Potter?qs=Harry%20Potter
152,https://saraiva.imaginarium.com.br/harry%20potter
153,https://saraiva.looke.com.br/search/harry%20potter
154,http://www.saraiva.com.br/#zeroadoze
155,http://www.saraiva.com.br/#umatres
156,http://www.saraiva.com.br/#tresacinco
157,http://www.saraiva.com.br/#cincoaoito
158,http://www.saraiva.com.br/#oitoaonze
159,https://www.saraiva.com.br/kids/primeira-leitura
160,https://www.saraiva.com.br/kids/hora-do-banho
161,https://www.saraiva.com.br/kids/historinhas-dormir
162,http://www.saraiva.com.br/especial/kids/0-12-meses
163,https://busca.saraiva.com.br/q/procurando-dory
164,https://busca.saraiva.com.br/q/frozen
165,https://busca.saraiva.com.br/q/moana
166,https://busca.saraiva.com.br/q/princesas-disney
167,https://busca.saraiva.com.br/q/monstros+disney
168,https://busca.saraiva.com.br/q/toy+story
169,https://busca.saraiva.com.br/q/mickey
170,https://busca.saraiva.com.br/q/carros-disney
171,https://busca.saraiva.com.br/q/rei-leao
172,https://busca.saraiva.com.br/q/pinoquio
173,http://www.saraiva.com.br/especial/kids/1-3-anos
174,https://busca.saraiva.com.br/q/patati-patata
175,https://busca.saraiva.com.br/q/charlie-e-lola
176,https://busca.saraiva.com.br/q/o-pequeno-principe
177,https://busca.saraiva.com.br/q/o-show-da-luna
178,https://busca.saraiva.com.br/q/menino-maluquinho
179,https://busca.saraiva.com.br/busca?q=ladybug+miracles
180,https://busca.saraiva.com.br/q/barbie
181,https://busca.saraiva.com.br/q/naruto
182,https://busca.saraiva.com.br/q/bob-esponja
183,https://busca.saraiva.com.br/q/hello-kitty
184,https://busca.saraiva.com.br/q/dora-aventureira
185,https://busca.saraiva.com.br/q/peppa-pig
186,https://busca.saraiva.com.br/q/minions
187,https://busca.saraiva.com.br/q/galinha-pintadinha
188,https://busca.saraiva.com.br/q/ben-10
189,http://www.saraiva.com.br/especial/kids/3-5-anos
190,https://busca.saraiva.com.br/q/minecraft
191,https://busca.saraiva.com.br/q/hora-da-aventura
192,https://busca.saraiva.com.br/q/turma-da-monica
193,https://busca.saraiva.com.br/q/lego
194,https://busca.saraiva.com.br/q/monster-high
195,https://busca.saraiva.com.br/q/pokemon
196,https://busca.saraiva.com.br/q/trolls
197,https://busca.saraiva.com.br/q/mundo-bita
198,https://busca.saraiva.com.br/q/palavra-cantada
199,https://busca.saraiva.com.br/q/my-little-poney
200,https://busca.saraiva.com.br/q/pororo
201,https://busca.saraiva.com.br/q/peixonauta
202,https://busca.saraiva.com.br/q/moranguinho
203,http://www.saraiva.com.br/especial/kids/5-8-anos
204,http://www.saraiva.com.br/especial/kids/8-11-anos
205,https://busca.saraiva.com.br/pages/livros/literatura-infantojuvenil
206,https://busca.saraiva.com.br/pages/filmes/dvd-filmes/infantil-animados
207,https://busca.saraiva.com.br/pages/musica/cd/infantil
208,https://www.saraiva.com.br/papelaria
209,https://www.saraiva.com.br/games
210,https://busca.saraiva.com.br/pages/informatica/tablets
211,http://www.saraiva.com.br/#ug-galaxy
212,http://www.saraiva.com.br/#ug-identity
213,http://www.saraiva.com.br/#ug-journey
214,http://www.saraiva.com.br/#ug-classics
215,http://www.saraiva.com.br/#ug-future
216,http://www.saraiva.com.br/listas/livros/dc-comics
217,http://www.saraiva.com.br/q/minecraft
218,http://www.saraiva.com.br/especial/universo-geek/outras-galaxias/livros
219,http://www.saraiva.com.br/especial/universo-geek/outras-galaxias/filmes
220,http://www.saraiva.com.br/especial/universo-geek/outras-galaxias/games
221,http://www.saraiva.com.br/especial/universo-geek/vida-de-heroi/games
222,http://www.saraiva.com.br/especial/universo-geek/vida-de-heroi/filmes
223,http://www.saraiva.com.br/especial/universo-geek/vida-de-heroi/livros
224,http://www.saraiva.com.br/listas/livros/zumbi
225,http://www.saraiva.com.br/listas/livros/livros-que-viraram-filmes
226,http://www.saraiva.com.br/listas/livros/especial-neil-gaiman
227,http://www.saraiva.com.br/listas/livros/literatura-games
228,http://www.saraiva.com.br/listas/livros/livros-de-series-tv
229,http://www.saraiva.com.br/listas/livros/marvel-books
230,http://www.saraiva.com.br/listas/livros/star-wars
231,http://www.saraiva.com.br/listas/livros/stephen-king
232,http://www.saraiva.com.br/especial/universo-geek/jornadas-incriveis/games
233,http://www.saraiva.com.br/especial/universo-geek/jornadas-incriveis/filmes
234,http://www.saraiva.com.br/especial/universo-geek/jornadas-incriveis/livros
235,http://www.saraiva.com.br/especial/universo-geek/grandes-classicos/games
236,http://www.saraiva.com.br/especial/universo-geek/grandes-classicos/filmes
237,http://www.saraiva.com.br/especial/universo-geek/grandes-classicos/livros
238,http://www.saraiva.com.br/especial/universo-geek/futuros-distopicos/games
239,http://www.saraiva.com.br/especial/universo-geek/futuros-distopicos/filmes
240,http://www.saraiva.com.br/especial/universo-geek/futuros-distopicos/livros
241,http://www.saraiva.com.br/livros
242,http://www.saraiva.com.br/games
243,http://www.saraiva.com.br/filmes
244,http://www.saraiva.com.br/games/colecionaveis
245,http://www.saraiva.com.br/papelaria
246,http://www.saraiva.com.br/#filmes
247,http://www.saraiva.com.br/#literatura
248,http://www.saraiva.com.br/#toys-decoracao
249,http://www.saraiva.com.br/#games
250,http://www.saraiva.com.br/#trailers
251,http://www.saraiva.com.br/especial/star-wars/filmes
252,https://www.saraiva.com.br/star-wars-propaganda-9528883.html
253,https://www.saraiva.com.br/star-wars-stormtroopers-9906202.html
254,http://www.saraiva.com.br/especial/star-wars/e-books
255,http://www.saraiva.com.br/especial/star-wars/livros
256,http://www.saraiva.com.br/especial/star-wars/presentes
257,http://www.saraiva.com.br/especial/star-wars/games
258,https://www.facebook.com/StarWars.br/
259,https://www.youtube.com/starwarsbr
260,https://twitter.com/starwarsbr
261,http://www.saraiva.com.br/#hqs
262,http://www.saraiva.com.br/#papelaria
263,http://www.saraiva.com.br/#jogos
264,http://www.saraiva.com.br/#extras
265,http://www.saraiva.com.br/marvel
266,http://www.saraiva.com.br/especial/marvel/filmes/dvds
267,http://www.saraiva.com.br/especial/marvel/filmes/blu-rays
268,http://www.saraiva.com.br/especial/marvel/presentes
269,http://www.saraiva.com.br/especial/marvel/hqs/importadas
270,http://www.saraiva.com.br/#bela
271,http://www.saraiva.com.br/#ariel
272,http://www.saraiva.com.br/#cinderela
273,http://www.saraiva.com.br/#rapunzel
274,http://www.saraiva.com.br/princesas/livros
275,https://www.saraiva.com.br/princesas/filmes
276,https://www.saraiva.com.br/princesas/papelaria
277,https://www.saraiva.com.br/princesas/importados
278,https://www.saraiva.com.br/
279,https://www.saraiva.com.br/livros
280,https://www.saraiva.com.br/livros/administracao
281,https://www.saraiva.com.br/livros/administracao/administracao-e-matematica-financeiras
282,http://www.saraiva.com.br/javascript:void(0)
283,https://lojasaraiva.vteximg.com.br/arquivos/ids/3451889-1000-1000/1008495141.jpg?v=637039467068300000
284,http://www.saraiva.com.br/seller-info?sellerId=10024
285,http://www.saraiva.com.br/#receba-em-casa
286,http://www.saraiva.com.br/#retirar-na-loja
287,https://bit.ly/2CIDLJa
288,https://apple.co/2w1Iu4Z
289,https://www.saraiva.com.br/livros/autoajuda
290,https://www.saraiva.com.br/livros/autoajuda/relacionamentos
291,https://lojasaraiva.vteximg.com.br/arquivos/ids/4305852-1000-1000/315682.jpg?v=637051010332930000
292,http://www.saraiva.com.br/seller-info?sellerId=10064
293,https://www.saraiva.com.br/o-milagre-da-manha-10062005/p
294,https://www.saraiva.com.br/checkout/cart/add?sku=9358803&qty=1&seller=10064&sc=1&price=2992&cv=93b010d444666409ac1819bd58564227_&sc=1
295,https://www.saraiva.com.br/livros/autoajuda/desenvolvimento-pessoal
296,https://lojasaraiva.vteximg.com.br/arquivos/ids/4314553-1000-1000/317698.jpg?v=637051268248400000
297,https://www.saraiva.com.br/livros/direito
298,https://www.saraiva.com.br/livros/direito/direito-constitucional
299,https://lojasaraiva.vteximg.com.br/arquivos/ids/3959897-1000-1000/1008838052.jpg?v=637048600091600000
300,http://www.saraiva.com.br/seller-info?sellerId=1
301,https://www.saraiva.com.br/nada-menos-que-tudo-10608657/p
302,https://www.saraiva.com.br/filmes
303,https://www.saraiva.com.br/filmes/blu-ray-filmes
304,https://www.saraiva.com.br/filmes/blu-ray-filmes/aventura---acao---policial
305,https://lojasaraiva.vteximg.com.br/arquivos/ids/673667-1000-1000/1006772918.jpg?v=636968113705470000
306,https://www.saraiva.com.br/livros/administracao/administracao-geral
307,https://lojasaraiva.vteximg.com.br/arquivos/ids/2374765-1000-1000/333833.jpg?v=637015879795330000
308,https://www.saraiva.com.br/livros/administracao/administracao-de-vendas-e-marketing
309,https://lojasaraiva.vteximg.com.br/arquivos/ids/3278125-1000-1000/1006831025.jpg?v=637034767066200000
310,https://www.saraiva.com.br/do-mil-ao-milhao-10511354/p
311,https://www.saraiva.com.br/games/playstation-4
312,https://www.saraiva.com.br/games/playstation-4/jogos-de-acao-e-aventura
313,https://lojasaraiva.vteximg.com.br/arquivos/ids/3200647-1000-1000/1008590205.jpg?v=637031074690270000
314,https://lojasaraiva.vteximg.com.br/arquivos/ids/2812962-1000-1000/1008160494.jpg?v=637025042526470000
315,http://www.saraiva.com.br/seller-info?sellerId=10057
316,https://lojasaraiva.vteximg.com.br/arquivos/ids/4282693-1000-1000/526432.jpg?v=637050743040300000
317,https://www.saraiva.com.br/ansiedade-como-enfrentar-o-mal-do-seculo-6335396/p
318,https://www.saraiva.com.br/checkout/cart/add?sku=6278664&qty=1&seller=1&sc=1&price=900&cv=2b39560a3039a0acec0de32f5a046c7d_&sc=1
319,https://www.saraiva.com.br/produtos-digitais
320,https://www.saraiva.com.br/produtos-digitais/cartoes-pre-pagos-online?O=OrderByPriceASC&PS=24
321,http://www.saraiva.com.br/departamento/cartoes-pre-pagos-online/31911
322,https://www.saraiva.com.br/produtos-digitais/cartoes-pre-pagos-online/incomm?O=OrderByPriceASC&PS=24
323,https://www.saraiva.com.br/cartao-pre-pago-neopets-ylana-r20-online-9735332/p
324,https://www.saraiva.com.br/checkout/cart/add?sku=9735332&qty=1&seller=1&sc=1&price=2000&cv=c6a8a70c09976ae9a77b905d68cbf4d0_&sc=1
325,http://www.saraiva.com.br/checkout/cart/add?sku=9735332&qty=1&seller=1&redirect=true&sc=1
326,https://www.saraiva.com.br/cartao-pre-pago-neopets-sophie-r20-online-9735331/p
327,https://www.saraiva.com.br/checkout/cart/add?sku=9735331&qty=1&seller=1&sc=1&price=2000&cv=cecd2f35f3e00ac7248bf88fe4fc2207_&sc=1
328,http://www.saraiva.com.br/checkout/cart/add?sku=9735331&qty=1&seller=1&redirect=true&sc=1
329,https://www.saraiva.com.br/cartao-pre-pago-brazil-imvu-r20-online-9720695/p
330,https://www.saraiva.com.br/checkout/cart/add?sku=9720695&qty=1&seller=1&sc=1&price=2000&cv=07b58e5477d07333d4d7118cd2920625_&sc=1
331,http://www.saraiva.com.br/checkout/cart/add?sku=9720695&qty=1&seller=1&redirect=true&sc=1
332,https://www.saraiva.com.br/cartao-pre-pago-escola-de-dragoes-hiccup-r20-online-9735327/p
333,https://www.saraiva.com.br/checkout/cart/add?sku=9735327&qty=1&seller=1&sc=1&price=2000&cv=1345def06b233878c2d08ba2ddc788a7_&sc=1
334,http://www.saraiva.com.br/checkout/cart/add?sku=9735327&qty=1&seller=1&redirect=true&sc=1
335,https://www.saraiva.com.br/cartao-pre-pago-escola-de-dragoes-astrid-r20-online-9735321/p
336,https://www.saraiva.com.br/checkout/cart/add?sku=9735321&qty=1&seller=1&sc=1&price=2000&cv=b38553e07320cb68f86f5ad066439c15_&sc=1
337,http://www.saraiva.com.br/checkout/cart/add?sku=9735321&qty=1&seller=1&redirect=true&sc=1
338,https://www.saraiva.com.br/cartao-pre-pago-uber-r25-online-9735362/p
339,https://www.saraiva.com.br/checkout/cart/add?sku=9735362&qty=1&seller=1&sc=1&price=2500&cv=54836baa6f6eba499801b693ee2a08ca_&sc=1
340,http://www.saraiva.com.br/checkout/cart/add?sku=9735362&qty=1&seller=1&redirect=true&sc=1
341,https://www.saraiva.com.br/brazil-xbox-game-pass-ddp-r-2900-online-10600104/p
342,https://www.saraiva.com.br/checkout/cart/add?sku=10600104&qty=1&seller=1&sc=1&price=2900&cv=436e75b8adf78b1d8d648de531c45389_&sc=1
343,http://www.saraiva.com.br/checkout/cart/add?sku=10600104&qty=1&seller=1&redirect=true&sc=1
344,https://www.saraiva.com.br/cartao-pre-pago-saldo-blizzard-battlenet-r3000-online-9894347/p
345,https://www.saraiva.com.br/checkout/cart/add?sku=9894347&qty=1&seller=1&sc=1&price=3000&cv=ea793e95110d01642006f1d0cdb47f14_&sc=1
346,http://www.saraiva.com.br/checkout/cart/add?sku=9894347&qty=1&seller=1&redirect=true&sc=1
347,https://www.saraiva.com.br/cartao-pre-pago-uber-r50-online-9735363/p
348,https://www.saraiva.com.br/checkout/cart/add?sku=9735363&qty=1&seller=1&sc=1&price=5000&cv=678663948fa2a9711b797cb9ac095119_&sc=1
349,http://www.saraiva.com.br/checkout/cart/add?sku=9735363&qty=1&seller=1&redirect=true&sc=1
350,https://www.saraiva.com.br/cartao-pre-pago-riot-league-of-legends-r50-online-9735346/p
351,https://www.saraiva.com.br/checkout/cart/add?sku=9735346&qty=1&seller=1&sc=1&price=5000&cv=19761e8ee24fe8771500c1efb1e283ba_&sc=1
352,http://www.saraiva.com.br/checkout/cart/add?sku=9735346&qty=1&seller=1&redirect=true&sc=1
353,https://www.saraiva.com.br/cartao-pre-pago-xbox-live-credits-r50-online-9735355/p
354,https://www.saraiva.com.br/checkout/cart/add?sku=9735355&qty=1&seller=1&sc=1&price=5000&cv=f15ffed2f5a71e1fc75c9bf6a00ad0f3_&sc=1
355,http://www.saraiva.com.br/checkout/cart/add?sku=9735355&qty=1&seller=1&redirect=true&sc=1
356,https://www.saraiva.com.br/cartao-pre-pago-r-5000-de-saldo-blizzard-battlenet-10606747/p
357,https://www.saraiva.com.br/checkout/cart/add?sku=10606747&qty=1&seller=1&sc=1&price=5000&cv=cba12b68a5b567f4447c13541e9955c5_&sc=1
358,http://www.saraiva.com.br/checkout/cart/add?sku=10606747&qty=1&seller=1&redirect=true&sc=1
359,https://www.saraiva.com.br/brazil-psn-sony-ddp-r60-online-10600096/p
360,https://www.saraiva.com.br/checkout/cart/add?sku=10600096&qty=1&seller=1&sc=1&price=6000&cv=483e45239a3ac81bee33192149de06de_&sc=1
361,http://www.saraiva.com.br/checkout/cart/add?sku=10600096&qty=1&seller=1&redirect=true&sc=1
362,https://www.saraiva.com.br/cartao-pre-pago-xbox-live-3-meses-online-9735350/p
363,https://www.saraiva.com.br/checkout/cart/add?sku=9735350&qty=1&seller=1&sc=1&price=6900&cv=628923884124cf3b2a5b1e03907d50f2_&sc=1
364,http://www.saraiva.com.br/checkout/cart/add?sku=9735350&qty=1&seller=1&redirect=true&sc=1
365,https://www.saraiva.com.br/cartao-pre-pago-netflix-r70-online-9735336/p
366,https://www.saraiva.com.br/checkout/cart/add?sku=9735336&qty=1&seller=1&sc=1&price=7000&cv=8e63045d7844575a123a219ff716598d_&sc=1
367,http://www.saraiva.com.br/checkout/cart/add?sku=9735336&qty=1&seller=1&redirect=true&sc=1
368,https://www.saraiva.com.br/brazil-xbox-game-pass-3-meses-ddp-r-8700-online-10600110/p
369,https://www.saraiva.com.br/checkout/cart/add?sku=10600110&qty=1&seller=1&sc=1&price=8700&cv=2a21b2517c73ded4a19a87b4068b7eb5_&sc=1
370,http://www.saraiva.com.br/checkout/cart/add?sku=10600110&qty=1&seller=1&redirect=true&sc=1
371,https://www.saraiva.com.br/cartao-pre-pago-psn-sony-r100-online-9735337/p
372,https://www.saraiva.com.br/checkout/cart/add?sku=9735337&qty=1&seller=1&sc=1&price=10000&cv=e9b83f2b993be8026b26f9acba6d2896_&sc=1
373,http://www.saraiva.com.br/checkout/cart/add?sku=9735337&qty=1&seller=1&redirect=true&sc=1
374,https://www.saraiva.com.br/cartao-pre-pago-riot-league-of-legends-r100-online-9735344/p
375,https://www.saraiva.com.br/checkout/cart/add?sku=9735344&qty=1&seller=1&sc=1&price=10000&cv=823f1b2e371ca6cffd74eda49f1b813d_&sc=1
376,http://www.saraiva.com.br/checkout/cart/add?sku=9735344&qty=1&seller=1&redirect=true&sc=1
377,https://www.saraiva.com.br/cartao-pre-pago-xbox-live-credits-r100-online-9735359/p
378,https://www.saraiva.com.br/checkout/cart/add?sku=9735359&qty=1&seller=1&sc=1&price=10000&cv=cb1ebed4e71d3fb390c8718a96686c0a_&sc=1
379,http://www.saraiva.com.br/checkout/cart/add?sku=9735359&qty=1&seller=1&redirect=true&sc=1
380,https://www.saraiva.com.br/cartao-pre-pago-r-10000-de-saldo-blizzard-battlenet-10606750/p
381,https://www.saraiva.com.br/checkout/cart/add?sku=10606750&qty=1&seller=1&sc=1&price=10000&cv=0b7ab0fe8705ac3e188804533da58825_&sc=1
382,http://www.saraiva.com.br/checkout/cart/add?sku=10606750&qty=1&seller=1&redirect=true&sc=1
383,https://www.saraiva.com.br/brazil-xbox-game-pass-ultimate-3-meses-ddp-r-11999-online-10600112/p
384,https://www.saraiva.com.br/checkout/cart/add?sku=10600112&qty=1&seller=1&sc=1&price=11999&cv=24364f5c00ef18d94abde7ca8284cb2f_&sc=1
385,http://www.saraiva.com.br/checkout/cart/add?sku=10600112&qty=1&seller=1&redirect=true&sc=1
386,https://www.saraiva.com.br/cartao-pre-pago-xbox-live-geoblocked-assinatura-12-meses-r149-online-9735353/p
387,https://www.saraiva.com.br/checkout/cart/add?sku=9735353&qty=1&seller=1&sc=1&price=14900&cv=2630685c62c7317e35cd579c053a8702_&sc=1
388,http://www.saraiva.com.br/checkout/cart/add?sku=9735353&qty=1&seller=1&redirect=true&sc=1
389,https://www.saraiva.com.br/cartao-pre-pago-xbox-live-credits-r200-online-9735357/p
390,https://www.saraiva.com.br/checkout/cart/add?sku=9735357&qty=1&seller=1&sc=1&price=20000&cv=8c5a13dd2e06c1b8ee2f9b5f42ff6ccc_&sc=1
391,http://www.saraiva.com.br/checkout/cart/add?sku=9735357&qty=1&seller=1&redirect=true&sc=1
392,https://www.saraiva.com.br/cartao-pre-pago-psn-sony-r250-online-9735326/p
393,https://www.saraiva.com.br/checkout/cart/add?sku=9735326&qty=1&seller=1&sc=1&price=25000&cv=e0eb6ea539cec3cd55746097bfed27a1_&sc=1
394,http://www.saraiva.com.br/checkout/cart/add?sku=9735326&qty=1&seller=1&redirect=true&sc=1
395,http://www.saraiva.com.br
396,http://www.saraiva.com.br/busca.saraiva.com.br/q/apple+notebook&sug=1
397,http://www.saraiva.com.br/busca.saraiva.com.br/q/apple+16gb&sug=1
398,http://www.saraiva.com.br/busca.saraiva.com.br/q/apple+8gb&sug=1
399,http://www.saraiva.com.br/busca.saraiva.com.br/q/apple+4+gb&sug=1
400,http://www.saraiva.com.br/busca.saraiva.com.br/q/apple+2gb&sug=1
401,http://www.saraiva.com.br/busca.saraiva.com.br/q/apple+iphone&sug=1
402,http://www.saraiva.com.br/busca.saraiva.com.br/busca?q=apple&common_filter[1]=6127
403,http://www.saraiva.com.br/busca.saraiva.com.br/busca?q=apple&common_filter[1]=6128
404,http://www.saraiva.com.br/busca.saraiva.com.br/busca?q=apple&common_filter[1]=6495
405,http://www.saraiva.com.br/busca.saraiva.com.br/busca?q=apple&common_filter[1]=6129
406,http://www.saraiva.com.br/busca.saraiva.com.br/busca?q=apple&common_filter[1]=6481
407,http://www.saraiva.com.br/busca.saraiva.com.br/busca?q=apple&common_filter[1]=6440
408,http://www.saraiva.com.br/busca.saraiva.com.br/busca?q=apple&common_filter[1]=6470
409,http://www.saraiva.com.br/busca.saraiva.com.br/busca?q=apple&common_filter[1]=6486
410,http://www.saraiva.com.br/busca.saraiva.com.br/busca?q=apple&common_filter[1]=6471
411,http://www.saraiva.com.br/busca.saraiva.com.br/busca?q=apple&common_filter[1]=6494
412,http://www.saraiva.com.br/busca.saraiva.com.br/busca?q=apple&common_filter[1]=122593
413,http://www.saraiva.com.br/busca.saraiva.com.br/busca?q=apple&common_filter[1]=6472
414,http://www.saraiva.com.br/busca.saraiva.com.br/busca?q=apple&common_filter[1]=190846
415,http://www.saraiva.com.br/busca.saraiva.com.br/busca?q=apple&common_filter[1]=192132
416,http://www.saraiva.com.br/busca.saraiva.com.br/busca?q=apple&common_filter[1]=190073
417,http://www.saraiva.com.br/busca.saraiva.com.br/busca?q=apple&common_filter[1]=36666
418,http://www.saraiva.com.br/busca.saraiva.com.br/busca?q=apple&common_filter[1]=36667
419,http://www.saraiva.com.br/busca.saraiva.com.br/busca?q=apple&common_filter[1]=122605
420,http://www.saraiva.com.br/busca.saraiva.com.br/busca?q=apple&common_filter[1]=122606
421,http://www.saraiva.com.br/busca.saraiva.com.br/busca?q=apple&common_filter[1]=6514
422,http://www.saraiva.com.br/busca.saraiva.com.br/busca?q=apple&common_filter[1]=6515
423,http://www.saraiva.com.br/busca.saraiva.com.br/busca?q=apple&common_filter[1]=6290
424,http://www.saraiva.com.br/busca.saraiva.com.br/busca?q=apple&common_filter[1]=189454
425,http://www.saraiva.com.br/busca.saraiva.com.br/busca?q=apple&common_filter[1]=6291
426,http://www.saraiva.com.br/busca.saraiva.com.br/busca?q=apple&common_filter[1]=18328
427,http://www.saraiva.com.br/busca.saraiva.com.br/busca?q=apple&common_filter[1]=191590
428,http://www.saraiva.com.br/busca.saraiva.com.br/busca?q=apple&common_filter[1]=218220
429,http://www.saraiva.com.br/busca.saraiva.com.br/busca?q=apple&common_filter[1]=1354
430,http://www.saraiva.com.br/busca.saraiva.com.br/busca?q=apple&common_filter[1]=113023
431,http://www.saraiva.com.br/busca.saraiva.com.br/busca?q=apple&common_filter[1]=113025
432,http://www.saraiva.com.br/busca.saraiva.com.br/busca?q=apple&common_filter[1]=148330
433,http://www.saraiva.com.br/busca.saraiva.com.br/busca?q=apple&common_filter[1]=113024
434,http://www.saraiva.com.br/busca.saraiva.com.br/busca?q=apple&common_filter[1]=122675
435,http://www.saraiva.com.br/busca.saraiva.com.br/busca?q=apple&common_filter[1]=186220
436,http://www.saraiva.com.br/busca.saraiva.com.br/busca?q=apple&common_filter[1]=187981
437,http://www.saraiva.com.br/busca.saraiva.com.br/busca?q=apple&common_filter[1]=186221
438,http://www.saraiva.com.br/busca.saraiva.com.br/busca?q=apple&common_filter[1]=186564
439,http://www.saraiva.com.br/busca.saraiva.com.br/busca?q=apple&common_filter[1]=187933
440,http://www.saraiva.com.br/busca.saraiva.com.br/busca?q=apple&common_filter[1]=189331
441,http://www.saraiva.com.br/busca.saraiva.com.br/busca?q=apple&common_filter[1]=186303
442,http://www.saraiva.com.br/busca.saraiva.com.br/busca?q=apple&common_filter[1]=185987
443,http://www.saraiva.com.br/busca.saraiva.com.br/busca?q=apple&common_filter[1]=185988
444,http://www.saraiva.com.br/busca.saraiva.com.br/busca?q=apple&common_filter[1]=185489
445,http://www.saraiva.com.br/busca.saraiva.com.br/busca?q=apple&common_filter[1]=185506
446,http://www.saraiva.com.br/busca.saraiva.com.br/busca?q=apple&common_filter[1]=185490
447,http://www.saraiva.com.br/busca.saraiva.com.br/busca?q=apple&common_filter[1]=189460
448,http://www.saraiva.com.br/busca.saraiva.com.br/busca?q=apple&common_filter[1]=218221
449,http://www.saraiva.com.br/busca.saraiva.com.br/busca?q=apple&common_filter[1]=31
450,http://www.saraiva.com.br/busca.saraiva.com.br/busca?q=apple&common_filter[1]=5607
451,http://www.saraiva.com.br/busca.saraiva.com.br/busca?q=apple&common_filter[1]=5608
452,http://www.saraiva.com.br/busca.saraiva.com.br/busca?q=apple&common_filter[1]=6163
453,http://www.saraiva.com.br/busca.saraiva.com.br/busca?q=apple&common_filter[1]=18187
454,http://www.saraiva.com.br/busca.saraiva.com.br/busca?q=apple&common_filter[1]=6164
455,http://www.saraiva.com.br/busca.saraiva.com.br/busca?q=apple&common_filter[1]=18223
456,http://www.saraiva.com.br/busca.saraiva.com.br/busca?q=apple&common_filter[1]=6171
457,http://www.saraiva.com.br/busca.saraiva.com.br/busca?q=apple&common_filter[1]=18260
458,http://www.saraiva.com.br/busca.saraiva.com.br/busca?q=apple&common_filter[1]=186224
459,http://www.saraiva.com.br/busca.saraiva.com.br/busca?q=apple&common_filter[1]=97322
460,http://www.saraiva.com.br/busca.saraiva.com.br/busca?q=apple&common_filter[1]=18261
461,http://www.saraiva.com.br/busca.saraiva.com.br/busca?q=apple&common_filter[1]=6165
462,http://www.saraiva.com.br/busca.saraiva.com.br/busca?q=apple&common_filter[1]=6367
463,http://www.saraiva.com.br/busca.saraiva.com.br/busca?q=apple&common_filter[1]=186461
464,http://www.saraiva.com.br/busca.saraiva.com.br/busca?q=apple&common_filter[1]=6169
465,http://www.saraiva.com.br/busca.saraiva.com.br/busca?q=apple&common_filter[1]=6309
466,http://www.saraiva.com.br/busca.saraiva.com.br/busca?q=apple&common_filter[1]=80594
467,http://www.saraiva.com.br/busca.saraiva.com.br/busca?q=apple&common_filter[1]=32
468,http://www.saraiva.com.br/busca.saraiva.com.br/busca?q=apple&common_filter[1]=33
469,http://www.saraiva.com.br/busca.saraiva.com.br/busca?q=apple&common_filter[1]=6170
470,http://www.saraiva.com.br/busca.saraiva.com.br/busca?q=apple&common_filter[1]=123893
471,http://www.saraiva.com.br/busca.saraiva.com.br/busca?q=apple&common_filter[1]=186169
472,http://www.saraiva.com.br/busca.saraiva.com.br/busca?q=apple&common_filter[1]=2748
473,http://www.saraiva.com.br/busca.saraiva.com.br/busca?q=apple&common_filter[1]=2749
474,http://www.saraiva.com.br/busca.saraiva.com.br/busca?q=apple&common_filter[1]=440
475,http://www.saraiva.com.br/busca.saraiva.com.br/busca?q=apple&common_filter[1]=6204
476,http://www.saraiva.com.br/busca.saraiva.com.br/busca?q=apple&common_filter[1]=6341
477,http://www.saraiva.com.br/busca.saraiva.com.br/busca?q=apple&common_filter[1]=6342
478,http://www.saraiva.com.br/busca.saraiva.com.br/busca?q=apple&common_filter[1]=187914
479,http://www.saraiva.com.br/busca.saraiva.com.br/busca?q=apple&common_filter[1]=6177
480,http://www.saraiva.com.br/busca.saraiva.com.br/busca?q=apple&common_filter[1]=6178
481,http://www.saraiva.com.br/busca.saraiva.com.br/busca?q=apple&common_filter[1]=6160
482,http://www.saraiva.com.br/busca.saraiva.com.br/busca?q=apple&common_filter[1]=6161
483,http://www.saraiva.com.br/busca.saraiva.com.br/busca?q=apple&common_filter[1]=18227
484,http://www.saraiva.com.br/busca.saraiva.com.br/busca?q=apple&common_filter[1]=18228
485,http://www.saraiva.com.br/busca.saraiva.com.br/busca?q=apple&common_filter[1]=42
486,http://www.saraiva.com.br/busca.saraiva.com.br/busca?q=apple&common_filter[1]=43
487,http://www.saraiva.com.br/busca.saraiva.com.br/busca?q=apple&common_filter[1]=44
488,http://www.saraiva.com.br/busca.saraiva.com.br/busca?q=apple&common_filter[1]=589
489,http://www.saraiva.com.br/busca.saraiva.com.br/busca?q=apple&common_filter[1]=330
490,http://www.saraiva.com.br/busca.saraiva.com.br/busca?q=apple&common_filter[1]=6572
491,http://www.saraiva.com.br/busca.saraiva.com.br/busca?q=apple&common_filter[1]=661
492,http://www.saraiva.com.br/busca.saraiva.com.br/busca?q=apple&common_filter[1]=480
493,http://www.saraiva.com.br/busca.saraiva.com.br/busca?q=apple&common_filter[1]=6392
494,http://www.saraiva.com.br/busca.saraiva.com.br/busca?q=apple&common_filter[1]=484
495,http://www.saraiva.com.br/busca.saraiva.com.br/busca?q=apple&common_filter[1]=522
496,http://www.saraiva.com.br/busca.saraiva.com.br/busca?q=apple&common_filter[1]=490
497,http://www.saraiva.com.br/busca.saraiva.com.br/busca?q=apple&common_filter[1]=491
498,http://www.saraiva.com.br/busca.saraiva.com.br/busca?q=apple&common_filter[1]=497
499,http://www.saraiva.com.br/busca.saraiva.com.br/busca?q=apple&common_filter[1]=462
500,http://www.saraiva.com.br/busca.saraiva.com.br/busca?q=apple&common_filter[1]=481
501,http://www.saraiva.com.br/busca.saraiva.com.br/busca?q=apple&common_filter[1]=487
502,http://www.saraiva.com.br/busca.saraiva.com.br/busca?q=apple&common_filter[1]=572
503,http://www.saraiva.com.br/busca.saraiva.com.br/busca?q=apple&common_filter[1]=463
504,http://www.saraiva.com.br/busca.saraiva.com.br/busca?q=apple&common_filter[1]=473
505,http://www.saraiva.com.br/busca.saraiva.com.br/busca?q=apple&common_filter[1]=590
506,http://www.saraiva.com.br/busca.saraiva.com.br/busca?q=apple&common_filter[1]=604
507,http://www.saraiva.com.br/busca.saraiva.com.br/busca?q=apple&common_filter[1]=464
508,http://www.saraiva.com.br/busca.saraiva.com.br/busca?q=apple&common_filter[1]=606
509,http://www.saraiva.com.br/busca.saraiva.com.br/busca?q=apple&common_filter[1]=1368
510,http://www.saraiva.com.br/busca.saraiva.com.br/busca?q=apple&common_filter[1]=342
511,http://www.saraiva.com.br/busca.saraiva.com.br/busca?q=apple&common_filter[1]=509
512,http://www.saraiva.com.br/busca.saraiva.com.br/busca?q=apple&common_filter[1]=594
513,http://www.saraiva.com.br/busca.saraiva.com.br/busca?q=apple&common_filter[1]=520
514,http://www.saraiva.com.br/busca.saraiva.com.br/busca?q=apple&common_filter[1]=596
515,http://www.saraiva.com.br/busca.saraiva.com.br/busca?q=apple&common_filter[1]=343
516,http://www.saraiva.com.br/busca.saraiva.com.br/busca?q=apple&common_filter[1]=540
517,http://www.saraiva.com.br/busca.saraiva.com.br/busca?q=apple&common_filter[1]=6387
518,http://www.saraiva.com.br/busca.saraiva.com.br/busca?q=apple&common_filter[1]=579
519,http://www.saraiva.com.br/busca.saraiva.com.br/busca?q=apple&common_filter[1]=580
520,http://www.saraiva.com.br/busca.saraiva.com.br/busca?q=apple&common_filter[1]=624
521,http://www.saraiva.com.br/busca.saraiva.com.br/busca?q=apple&common_filter[1]=445
522,http://www.saraiva.com.br/busca.saraiva.com.br/busca?q=apple&common_filter[1]=560
523,http://www.saraiva.com.br/busca.saraiva.com.br/busca?q=apple&common_filter[1]=561
524,http://www.saraiva.com.br/busca.saraiva.com.br/busca?q=apple&common_filter[1]=576
525,http://www.saraiva.com.br/busca.saraiva.com.br/busca?q=apple&common_filter[1]=306
526,http://www.saraiva.com.br/busca.saraiva.com.br/busca?q=apple&common_filter[1]=475
527,http://www.saraiva.com.br/busca.saraiva.com.br/busca?q=apple&common_filter[1]=469
528,http://www.saraiva.com.br/busca.saraiva.com.br/busca?q=apple&common_filter[1]=477
529,http://www.saraiva.com.br/busca.saraiva.com.br/busca?q=apple&common_filter[1]=2812
530,http://www.saraiva.com.br/busca.saraiva.com.br/busca?q=apple&common_filter[1]=482
531,http://www.saraiva.com.br/busca.saraiva.com.br/busca?q=apple&common_filter[1]=578
532,http://www.saraiva.com.br/busca.saraiva.com.br/busca?q=apple&common_filter[1]=532
533,http://www.saraiva.com.br/busca.saraiva.com.br/busca?q=apple&common_filter[1]=558
534,http://www.saraiva.com.br/busca.saraiva.com.br/busca?q=apple&common_filter[1]=601
535,http://www.saraiva.com.br/busca.saraiva.com.br/busca?q=apple&common_filter[1]=610
536,http://www.saraiva.com.br/busca.saraiva.com.br/busca?q=apple&common_filter[1]=6033
537,http://www.saraiva.com.br/busca.saraiva.com.br/busca?q=apple&common_filter[1]=613
538,http://www.saraiva.com.br/busca.saraiva.com.br/busca?q=apple&common_filter[1]=615
539,http://www.saraiva.com.br/busca.saraiva.com.br/busca?q=apple&common_filter[1]=616
540,http://www.saraiva.com.br/busca.saraiva.com.br/busca?q=apple&common_filter[1]=617
541,http://www.saraiva.com.br/busca.saraiva.com.br/busca?q=apple&common_filter[1]=618
542,http://www.saraiva.com.br/busca.saraiva.com.br/busca?q=apple&common_filter[1]=485
543,http://www.saraiva.com.br/busca.saraiva.com.br/busca?q=apple&common_filter[1]=599
544,http://www.saraiva.com.br/busca.saraiva.com.br/busca?q=apple&common_filter[1]=498
545,http://www.saraiva.com.br/busca.saraiva.com.br/busca?q=apple&common_filter[1]=348
546,http://www.saraiva.com.br/busca.saraiva.com.br/busca?q=apple&common_filter[1]=2839
547,http://www.saraiva.com.br/busca.saraiva.com.br/busca?q=apple&common_filter[1]=378
548,http://www.saraiva.com.br/busca.saraiva.com.br/busca?q=apple&common_filter[1]=541
549,http://www.saraiva.com.br/busca.saraiva.com.br/busca?q=apple&common_filter[1]=507
550,http://www.saraiva.com.br/busca.saraiva.com.br/busca?q=apple&common_filter[1]=508
551,http://www.saraiva.com.br/busca.saraiva.com.br/busca?q=apple&common_filter[1]=360
552,http://www.saraiva.com.br/busca.saraiva.com.br/busca?q=apple&common_filter[1]=361
553,http://www.saraiva.com.br/busca.saraiva.com.br/busca?q=apple&common_filter[1]=457
554,http://www.saraiva.com.br/busca.saraiva.com.br/busca?q=apple&common_filter[1]=588
555,http://www.saraiva.com.br/busca.saraiva.com.br/busca?q=apple&common_filter[1]=465
556,http://www.saraiva.com.br/busca.saraiva.com.br/busca?q=apple&common_filter[1]=493
557,http://www.saraiva.com.br/busca.saraiva.com.br/busca?q=apple&common_filter[1]=527
558,http://www.saraiva.com.br/busca.saraiva.com.br/busca?q=apple&common_filter[1]=876
559,http://www.saraiva.com.br/busca.saraiva.com.br/busca?q=apple&common_filter[1]=583
560,http://www.saraiva.com.br/busca.saraiva.com.br/busca?q=apple&common_filter[1]=584
561,http://www.saraiva.com.br/busca.saraiva.com.br/busca?q=apple&common_filter[1]=591
562,http://www.saraiva.com.br/busca.saraiva.com.br/busca?q=apple&common_filter[1]=592
563,http://www.saraiva.com.br/busca.saraiva.com.br/busca?q=apple&common_filter[1]=607
564,http://www.saraiva.com.br/busca.saraiva.com.br/busca?q=apple&common_filter[1]=608
565,http://www.saraiva.com.br/busca.saraiva.com.br/busca?q=apple&common_filter[1]=2766
566,http://www.saraiva.com.br/busca.saraiva.com.br/busca?q=apple&common_filter[1]=2767
567,http://www.saraiva.com.br/busca.saraiva.com.br/busca?q=apple&common_filter[1]=6088
568,http://www.saraiva.com.br/busca.saraiva.com.br/busca?q=apple&common_filter[1]=2768
569,http://www.saraiva.com.br/busca.saraiva.com.br/busca?q=apple&common_filter[1]=2769
570,http://www.saraiva.com.br/busca.saraiva.com.br/busca?q=apple&common_filter[1]=18279
571,http://www.saraiva.com.br/busca.saraiva.com.br/busca?q=apple&common_filter[1]=2770
572,http://www.saraiva.com.br/busca.saraiva.com.br/busca?q=apple&common_filter[1]=189424
573,http://www.saraiva.com.br/busca.saraiva.com.br/busca?q=apple&common_filter[1]=6183
574,http://www.saraiva.com.br/busca.saraiva.com.br/busca?q=apple&common_filter[1]=18222
575,http://www.saraiva.com.br/busca.saraiva.com.br/busca?q=apple&common_filter[1]=405
576,http://www.saraiva.com.br/busca.saraiva.com.br/busca?q=apple&common_filter[1]=2795
577,http://www.saraiva.com.br/busca.saraiva.com.br/busca?q=apple&common_filter[1]=2797
578,http://www.saraiva.com.br/busca.saraiva.com.br/busca?q=apple&common_filter[1]=406
579,http://www.saraiva.com.br/busca.saraiva.com.br/busca?q=apple&common_filter[1]=18290
580,http://www.saraiva.com.br/busca.saraiva.com.br/busca?q=apple&common_filter[1]=4
581,http://www.saraiva.com.br/busca.saraiva.com.br/busca?q=apple&common_filter[1]=317
582,http://www.saraiva.com.br/busca.saraiva.com.br/busca?q=apple&common_filter[1]=374
583,http://www.saraiva.com.br/busca.saraiva.com.br/busca?q=apple&common_filter[1]=333
584,http://www.saraiva.com.br/busca.saraiva.com.br/busca?q=apple&common_filter[1]=347
585,http://www.saraiva.com.br/busca.saraiva.com.br/busca?q=apple&common_filter[1]=1318
586,http://www.saraiva.com.br/busca.saraiva.com.br/busca?q=apple&common_filter[1]=362
587,http://www.saraiva.com.br/busca.saraiva.com.br/busca?q=apple&common_filter[1]=5
588,http://www.saraiva.com.br/busca.saraiva.com.br/busca?q=apple&common_filter[1]=37
589,http://www.saraiva.com.br/busca.saraiva.com.br/busca?q=apple&common_filter[1]=399
590,http://www.saraiva.com.br/busca.saraiva.com.br/busca?q=apple&common_filter[1]=6
591,http://www.saraiva.com.br/busca.saraiva.com.br/busca?q=apple&common_filter[1]=315
592,http://www.saraiva.com.br/busca.saraiva.com.br/busca?q=apple&common_filter[1]=341
593,http://www.saraiva.com.br/busca.saraiva.com.br/busca?q=apple&common_filter[1]=873
594,http://www.saraiva.com.br/busca.saraiva.com.br/busca?q=apple&common_filter[1]=11
595,http://www.saraiva.com.br/busca.saraiva.com.br/busca?q=apple&common_filter[1]=377
596,http://www.saraiva.com.br/busca.saraiva.com.br/busca?q=apple&common_filter[1]=412
597,http://www.saraiva.com.br/busca.saraiva.com.br/busca?q=apple&common_filter[1]=649
598,http://www.saraiva.com.br/busca.saraiva.com.br/busca?q=apple&common_filter[1]=23
599,http://www.saraiva.com.br/busca.saraiva.com.br/busca?q=apple&common_filter[1]=27
600,http://www.saraiva.com.br/busca.saraiva.com.br/busca?q=apple&common_filter[1]=15
601,http://www.saraiva.com.br/busca.saraiva.com.br/busca?q=apple&common_filter[1]=6026
602,http://www.saraiva.com.br/busca.saraiva.com.br/busca?q=apple&common_filter[1]=1371
603,http://www.saraiva.com.br/busca.saraiva.com.br/busca?q=apple&common_filter[1]=313
604,http://www.saraiva.com.br/busca.saraiva.com.br/busca?q=apple&common_filter[1]=356
605,http://www.saraiva.com.br/busca.saraiva.com.br/busca?q=apple&common_filter[1]=297
606,http://www.saraiva.com.br/busca.saraiva.com.br/busca?q=apple&common_filter[1]=870
607,http://www.saraiva.com.br/busca.saraiva.com.br/busca?q=apple&common_filter[1]=38
608,http://www.saraiva.com.br/busca.saraiva.com.br/busca?q=apple&common_filter[1]=609
609,http://www.saraiva.com.br/busca.saraiva.com.br/busca?q=apple&common_filter[1]=55
610,http://www.saraiva.com.br/busca.saraiva.com.br/busca?q=apple&common_filter[1]=439
611,http://www.saraiva.com.br/busca.saraiva.com.br/busca?q=apple&common_filter[1]=303
612,http://www.saraiva.com.br/busca.saraiva.com.br/busca?q=apple&common_filter[1]=345
613,http://www.saraiva.com.br/busca.saraiva.com.br/busca?q=apple&common_filter[1]=346
614,http://www.saraiva.com.br/busca.saraiva.com.br/busca?q=apple&common_filter[1]=6092
615,http://www.saraiva.com.br/busca.saraiva.com.br/busca?q=apple&common_filter[1]=18254
616,http://www.saraiva.com.br/busca.saraiva.com.br/busca?q=apple&common_filter[1]=18325
617,http://www.saraiva.com.br/busca.saraiva.com.br/busca?q=apple&common_filter[1]=36679
618,http://www.saraiva.com.br/busca.saraiva.com.br/busca?q=apple&common_filter[1]=18255
619,http://www.saraiva.com.br/busca.saraiva.com.br/busca?q=apple&common_filter[1]=42826
620,http://www.saraiva.com.br/busca.saraiva.com.br/busca?q=apple&common_filter[1]=122939
621,http://www.saraiva.com.br/busca.saraiva.com.br/busca?q=apple&common_filter[1]=6093
622,http://www.saraiva.com.br/busca.saraiva.com.br/busca?q=apple&common_filter[1]=6094
623,http://www.saraiva.com.br/busca.saraiva.com.br/busca?q=apple&common_filter[1]=18304
624,http://www.saraiva.com.br/busca.saraiva.com.br/busca?q=apple&common_filter[1]=42019
625,http://www.saraiva.com.br/busca.saraiva.com.br/busca?q=apple&common_filter[1]=42020
626,http://www.saraiva.com.br/busca.saraiva.com.br/busca?q=apple&common_filter[1]=122582
627,http://www.saraiva.com.br/busca.saraiva.com.br/busca?q=apple&common_filter[1]=123923
628,http://www.saraiva.com.br/busca.saraiva.com.br/busca?q=apple&common_filter[1]=123964
629,http://www.saraiva.com.br/busca.saraiva.com.br/busca?q=apple&common_filter[1]=6276
630,http://www.saraiva.com.br/busca.saraiva.com.br/busca?q=apple&common_filter[1]=6277
631,http://www.saraiva.com.br/busca.saraiva.com.br/busca?q=apple&common_filter[1]=18292
632,http://www.saraiva.com.br/busca.saraiva.com.br/busca?q=apple&common_filter[1]=42025
633,http://www.saraiva.com.br/busca.saraiva.com.br/busca?q=apple&common_filter[1]=42037
634,http://www.saraiva.com.br/busca.saraiva.com.br/busca?q=apple&common_filter[1]=42000
635,http://www.saraiva.com.br/busca.saraiva.com.br/busca?q=apple&common_filter[1]=42008
636,http://www.saraiva.com.br/busca.saraiva.com.br/busca?q=apple&common_filter[1]=42016
637,http://www.saraiva.com.br/busca.saraiva.com.br/busca?q=apple&common_filter[1]=123927
638,http://www.saraiva.com.br/busca.saraiva.com.br/busca?q=apple&common_filter[1]=123928
639,http://www.saraiva.com.br/busca.saraiva.com.br/busca?q=apple&common_filter[1]=6064
640,http://www.saraiva.com.br/busca.saraiva.com.br/busca?q=apple&common_filter[1]=6065
641,http://www.saraiva.com.br/busca.saraiva.com.br/busca?q=apple&common_filter[1]=6351
642,http://www.saraiva.com.br/busca.saraiva.com.br/busca?q=apple&common_filter[1]=6354
643,http://www.saraiva.com.br/busca.saraiva.com.br/busca?q=apple&common_filter[1]=6355
644,http://www.saraiva.com.br/busca.saraiva.com.br/busca?q=apple&common_filter[1]=6144
645,http://www.saraiva.com.br/busca.saraiva.com.br/busca?q=apple&common_filter[1]=6239
646,http://www.saraiva.com.br/busca.saraiva.com.br/busca?q=apple&common_filter[1]=6323
647,http://www.saraiva.com.br/busca.saraiva.com.br/busca?q=apple&common_filter[1]=6364
648,http://www.saraiva.com.br/busca.saraiva.com.br/busca?q=apple&common_filter[1]=6186
649,http://www.saraiva.com.br/busca.saraiva.com.br/busca?q=apple&common_filter[1]=6200
650,http://www.saraiva.com.br/busca.saraiva.com.br/busca?q=apple&common_filter[1]=6232
651,http://www.saraiva.com.br/busca.saraiva.com.br/busca?q=apple&common_filter[1]=6333
652,http://www.saraiva.com.br/busca.saraiva.com.br/busca?q=apple&common_filter[1]=6201
653,http://www.saraiva.com.br/busca.saraiva.com.br/busca?q=apple&common_filter[1]=6294
654,http://www.saraiva.com.br/busca.saraiva.com.br/busca?q=apple&common_filter[1]=6295
655,http://www.saraiva.com.br/busca.saraiva.com.br/busca?q=apple&common_filter[1]=6085
656,http://www.saraiva.com.br/busca.saraiva.com.br/busca?q=apple&common_filter[1]=6327
657,http://www.saraiva.com.br/busca.saraiva.com.br/busca?q=apple&common_filter[1]=1309
658,http://www.saraiva.com.br/busca.saraiva.com.br/busca?q=apple&common_filter[1]=1363
659,http://www.saraiva.com.br/busca.saraiva.com.br/busca?q=apple&common_filter[1]=1364
660,http://www.saraiva.com.br/busca.saraiva.com.br/busca?q=apple&common_filter[1]=189434
661,http://www.saraiva.com.br/busca.saraiva.com.br/busca?q=apple&common_filter[1]=189435
662,http://www.saraiva.com.br/busca.saraiva.com.br/busca?q=apple&common_filter[1]=192136
663,http://www.saraiva.com.br/busca.saraiva.com.br/busca?q=apple&common_filter[1]=6220
664,http://www.saraiva.com.br/busca.saraiva.com.br/busca?q=apple&common_filter[1]=6221
665,http://www.saraiva.com.br/busca.saraiva.com.br/busca?q=apple&common_filter[1]=18225
666,http://www.saraiva.com.br/busca.saraiva.com.br/busca?q=apple&common_filter[1]=186103
667,http://www.saraiva.com.br/busca.saraiva.com.br/busca?q=apple&common_filter[1]=186104
668,http://www.saraiva.com.br/busca.saraiva.com.br/busca?q=apple&common_filter[1]=186237
669,http://www.saraiva.com.br/busca.saraiva.com.br/busca?q=apple&common_filter[1]=186238
670,http://www.saraiva.com.br/busca.saraiva.com.br/busca?q=apple&common_filter[1]=189446
671,http://www.saraiva.com.br/busca.saraiva.com.br/busca?q=apple&common_filter[1]=190049
672,http://www.saraiva.com.br/busca.saraiva.com.br/busca?q=apple&common_filter[1]=192121
673,http://www.saraiva.com.br/busca.saraiva.com.br/busca?q=apple&common_filter[1]=197461
674,http://www.saraiva.com.br/busca.saraiva.com.br/busca?q=apple&common_filter[1]=2735
675,http://www.saraiva.com.br/busca.saraiva.com.br/busca?q=apple&common_filter[1]=6213
676,http://www.saraiva.com.br/busca.saraiva.com.br/busca?q=apple&common_filter[1]=6214
677,http://www.saraiva.com.br/busca.saraiva.com.br/busca?q=apple&common_filter[1]=5980
678,http://www.saraiva.com.br/busca.saraiva.com.br/busca?q=apple&common_filter[1]=5984
679,http://www.saraiva.com.br/busca.saraiva.com.br/busca?q=apple&common_filter[1]=6556
680,http://www.saraiva.com.br/busca.saraiva.com.br/busca?q=apple&common_filter[1]=6021
681,http://www.saraiva.com.br/busca.saraiva.com.br/busca?q=apple&common_filter[1]=18070
682,http://www.saraiva.com.br/busca.saraiva.com.br/busca?q=apple&common_filter[1]=5986
683,http://www.saraiva.com.br/busca.saraiva.com.br/busca?q=apple&common_filter[1]=5987
684,http://www.saraiva.com.br/busca.saraiva.com.br/busca?q=apple&common_filter[1]=5989
685,http://www.saraiva.com.br/busca.saraiva.com.br/busca?q=apple&common_filter[1]=123820
686,http://www.saraiva.com.br/busca.saraiva.com.br/busca?q=apple&common_filter[1]=6009
687,http://www.saraiva.com.br/busca.saraiva.com.br/busca?q=apple&common_filter[1]=6010
688,http://www.saraiva.com.br/busca.saraiva.com.br/busca?q=apple&common_filter[1]=18075
689,http://www.saraiva.com.br/busca.saraiva.com.br/busca?q=apple&common_filter[1]=18076
690,http://www.saraiva.com.br/busca.saraiva.com.br/busca?q=apple&common_filter[1]=18346
691,http://www.saraiva.com.br/busca.saraiva.com.br/busca?q=apple&common_filter[1]=18347
692,http://www.saraiva.com.br/busca.saraiva.com.br/busca?q=apple&common_filter[1]=2822
693,http://www.saraiva.com.br/busca.saraiva.com.br/busca?q=apple&common_filter[1]=535
694,http://www.saraiva.com.br/busca.saraiva.com.br/busca?q=apple&common_filter[1]=502
695,http://www.saraiva.com.br/busca.saraiva.com.br/busca?q=apple&common_filter[1]=2825
696,http://www.saraiva.com.br/busca.saraiva.com.br/busca?q=apple&common_filter[1]=6087
697,http://www.saraiva.com.br/busca.saraiva.com.br/busca?q=apple&common_filter[1]=192097
698,http://www.saraiva.com.br/busca.saraiva.com.br/busca?q=apple&common_filter[1]=192098
699,http://www.saraiva.com.br/busca.saraiva.com.br/busca?q=apple&common_filter[1]=18126
700,http://www.saraiva.com.br/busca.saraiva.com.br/busca?q=apple&common_filter[1]=191586
701,http://www.saraiva.com.br/busca.saraiva.com.br/busca?q=apple&common_filter[1]=191959
702,http://www.saraiva.com.br/busca.saraiva.com.br/busca?q=apple&common_filter[1]=191961
703,http://www.saraiva.com.br/busca.saraiva.com.br/busca?q=apple&common_filter[1]=334
704,http://www.saraiva.com.br/busca.saraiva.com.br/busca?q=apple&common_filter[1]=335
705,http://www.saraiva.com.br/busca.saraiva.com.br/busca?q=apple&common_filter[1]=6228
706,http://www.saraiva.com.br/busca.saraiva.com.br/busca?q=apple&common_filter[1]=124063
707,http://www.saraiva.com.br/busca.saraiva.com.br/busca?q=apple&common_filter[1]=124064
708,http://www.saraiva.com.br/busca.saraiva.com.br/busca?q=apple&common_filter[1]=190633
709,http://www.saraiva.com.br/busca.saraiva.com.br/busca?q=apple&range_filter[2]=0:50:3
710,http://www.saraiva.com.br/busca.saraiva.com.br/busca?q=apple&range_filter[2]=50:80:3
711,http://www.saraiva.com.br/busca.saraiva.com.br/busca?q=apple&range_filter[2]=80:120:3
712,http://www.saraiva.com.br/busca.saraiva.com.br/busca?q=apple&range_filter[2]=140:230:3
713,http://www.saraiva.com.br/busca.saraiva.com.br/busca?q=apple&range_filter[2]=270:320:3
714,http://www.saraiva.com.br/busca.saraiva.com.br/busca?q=apple&range_filter[2]=320:650:3
715,http://www.saraiva.com.br/busca.saraiva.com.br/busca?q=apple&range_filter[2]=790:2500:3
716,http://www.saraiva.com.br/busca.saraiva.com.br/busca?q=apple&common_filter[278]=1307
717,http://www.saraiva.com.br/busca.saraiva.com.br/busca?q=apple&common_filter[278]=190590
718,http://www.saraiva.com.br/busca.saraiva.com.br/busca?q=apple&common_filter[278]=793
719,http://www.saraiva.com.br/busca.saraiva.com.br/busca?q=apple&common_filter[278]=19909
720,http://www.saraiva.com.br/busca.saraiva.com.br/busca?q=apple&common_filter[278]=192147
721,http://www.saraiva.com.br/busca.saraiva.com.br/busca?q=apple&common_filter[278]=192399
722,http://www.saraiva.com.br/busca.saraiva.com.br/busca?q=apple&common_filter[278]=6591
723,http://www.saraiva.com.br/busca.saraiva.com.br/busca?q=apple&common_filter[278]=18643
724,http://www.saraiva.com.br/busca.saraiva.com.br/busca?q=apple&common_filter[278]=192146
725,http://www.saraiva.com.br/busca.saraiva.com.br/busca?q=apple&common_filter[8350]=8351
726,http://www.saraiva.com.br/smart-cover-azul-para-ipad-mini-4-apple-9209566/p
727,http://www.saraiva.com.br/ipod-touch-loop-apple-md974bza-azul-4853987/p
728,http://www.saraiva.com.br/capa-para-iphone-6s-plus-silicone-apple-branca-9239686/p
729,http://www.saraiva.com.br/case-de-silicone-azul-meia-noite-para-ipad-mini-4-apple-9209458/p
730,http://www.saraiva.com.br/case-de-silicone-branco-para-9209456/p
731,http://www.saraiva.com.br/smart-cover-lavanda-para-ipad-mini-4-apple-9209574/p
732,http://www.saraiva.com.br/smart-cover-vermelho-para-ipad-mini-4-apple-9209521/p
733,http://www.saraiva.com.br/case-de-silicone-lavanda-para-9209476/p
734,http://www.saraiva.com.br/case-de-silicone-azul-para-ipad-mini-4-apple-9209466/p
735,http://www.saraiva.com.br/case-de-silicone-rosa-para-ipad-mini-4-apple-9209472/p
736,http://www.saraiva.com.br/ipod-universal-dock-adapter-3-pack-for-ipod-nano-3g-mb568ga-apple-2603253/p
737,http://www.saraiva.com.br/ipod-touch-loop-apple-md971bza-preto-4853958/p
738,http://www.saraiva.com.br/case-de-silicone-areia-para-i-9209465/p
739,http://www.saraiva.com.br/pen-drive-128gb-adam-elements-iklips-duo-dourado-para-iphone-9428559/p
740,http://www.saraiva.com.br/ipod-touch-loop-apple-md829bza-vermelho-4853946/p
741,http://www.saraiva.com.br/case-de-silicone-laranja-para-9209470/p
742,http://www.saraiva.com.br/capa-para-iphone-7-thule-atmos-x3-preto-e-branco-9390287/p
743,http://www.saraiva.com.br/smart-cover-turquesa-para-ipad-mini-4-apple-9209578/p
744,http://www.saraiva.com.br/case-de-silicone-turquesa-par-9209479/p
745,http://www.saraiva.com.br/adaptador-universal-apple-i-2538462/p
746,http://www.saraiva.com.br/dock-universal-apple-mb127g-2538572/p
747,http://www.saraiva.com.br/cabo-composto-av-apple-mc74-2538581/p
748,http://www.saraiva.com.br/ipod-touch-loop-apple-md973bza-amarelo-4853978/p
749,http://www.saraiva.com.br/ipod-touch-loop-apple-md972bza-rosa-4853964/p
750,http://www.saraiva.com.br/busca.saraiva.com.br/busca?q=apple&page=2
751,http://www.saraiva.com.br/busca.saraiva.com.br/busca?q=apple&page=3
752,http://www.saraiva.com.br/busca.saraiva.com.br/busca?q=apple&page=4
753,http://www.saraiva.com.br/busca.saraiva.com.br/busca?q=apple&page=5
754,http://www.saraiva.com.br/busca.saraiva.com.br/busca?q=apple&page=132
755,http://neemu.com/
756,http://www.saraiva.com.br/busca.saraiva.com.br/q/samsung+wireless&sug=1
757,http://www.saraiva.com.br/busca.saraiva.com.br/q/samsung+16gb&sug=1
758,http://www.saraiva.com.br/busca.saraiva.com.br/q/samsung+8gb&sug=1
759,http://www.saraiva.com.br/busca.saraiva.com.br/q/samsung+3g&sug=1
760,http://www.saraiva.com.br/busca.saraiva.com.br/q/samsung+android&sug=1
761,http://www.saraiva.com.br/busca.saraiva.com.br/q/samsung+notebook&sug=1
762,http://www.saraiva.com.br/busca.saraiva.com.br/busca?q=samsung&common_filter[1]=6127
763,http://www.saraiva.com.br/busca.saraiva.com.br/busca?q=samsung&common_filter[1]=6128
764,http://www.saraiva.com.br/busca.saraiva.com.br/busca?q=samsung&common_filter[1]=6481
765,http://www.saraiva.com.br/busca.saraiva.com.br/busca?q=samsung&common_filter[1]=6440
766,http://www.saraiva.com.br/busca.saraiva.com.br/busca?q=samsung&common_filter[1]=6495
767,http://www.saraiva.com.br/busca.saraiva.com.br/busca?q=samsung&common_filter[1]=6129
768,http://www.saraiva.com.br/busca.saraiva.com.br/busca?q=samsung&common_filter[1]=6470
769,http://www.saraiva.com.br/busca.saraiva.com.br/busca?q=samsung&common_filter[1]=6492
770,http://www.saraiva.com.br/busca.saraiva.com.br/busca?q=samsung&common_filter[1]=6290
771,http://www.saraiva.com.br/busca.saraiva.com.br/busca?q=samsung&common_filter[1]=6291
772,http://www.saraiva.com.br/busca.saraiva.com.br/busca?q=samsung&common_filter[1]=6513
773,http://www.saraiva.com.br/busca.saraiva.com.br/busca?q=samsung&common_filter[1]=122605
774,http://www.saraiva.com.br/busca.saraiva.com.br/busca?q=samsung&common_filter[1]=190634
775,http://www.saraiva.com.br/busca.saraiva.com.br/busca?q=samsung&common_filter[1]=122606
776,http://www.saraiva.com.br/busca.saraiva.com.br/busca?q=samsung&common_filter[1]=6471
777,http://www.saraiva.com.br/busca.saraiva.com.br/busca?q=samsung&common_filter[1]=6494
778,http://www.saraiva.com.br/busca.saraiva.com.br/busca?q=samsung&common_filter[1]=122593
779,http://www.saraiva.com.br/busca.saraiva.com.br/busca?q=samsung&common_filter[1]=6472
780,http://www.saraiva.com.br/busca.saraiva.com.br/busca?q=samsung&common_filter[1]=192132
781,http://www.saraiva.com.br/busca.saraiva.com.br/busca?q=samsung&common_filter[1]=190073
782,http://www.saraiva.com.br/busca.saraiva.com.br/busca?q=samsung&common_filter[1]=190846
783,http://www.saraiva.com.br/busca.saraiva.com.br/busca?q=samsung&common_filter[1]=6514
784,http://www.saraiva.com.br/busca.saraiva.com.br/busca?q=samsung&common_filter[1]=6515
785,http://www.saraiva.com.br/busca.saraiva.com.br/busca?q=samsung&common_filter[1]=191953
786,http://www.saraiva.com.br/busca.saraiva.com.br/busca?q=samsung&common_filter[1]=192071
787,http://www.saraiva.com.br/busca.saraiva.com.br/busca?q=samsung&common_filter[1]=192076
788,http://www.saraiva.com.br/busca.saraiva.com.br/busca?q=samsung&common_filter[1]=192077
789,http://www.saraiva.com.br/busca.saraiva.com.br/busca?q=samsung&common_filter[1]=192525
790,http://www.saraiva.com.br/busca.saraiva.com.br/busca?q=samsung&common_filter[1]=192526
791,http://www.saraiva.com.br/busca.saraiva.com.br/busca?q=samsung&common_filter[1]=1354
792,http://www.saraiva.com.br/busca.saraiva.com.br/busca?q=samsung&common_filter[1]=186220
793,http://www.saraiva.com.br/busca.saraiva.com.br/busca?q=samsung&common_filter[1]=186303
794,http://www.saraiva.com.br/busca.saraiva.com.br/busca?q=samsung&common_filter[1]=187981
795,http://www.saraiva.com.br/busca.saraiva.com.br/busca?q=samsung&common_filter[1]=189331
796,http://www.saraiva.com.br/busca.saraiva.com.br/busca?q=samsung&common_filter[1]=186564
797,http://www.saraiva.com.br/busca.saraiva.com.br/busca?q=samsung&common_filter[1]=113023
798,http://www.saraiva.com.br/busca.saraiva.com.br/busca?q=samsung&common_filter[1]=113024
799,http://www.saraiva.com.br/busca.saraiva.com.br/busca?q=samsung&common_filter[1]=113025
800,http://www.saraiva.com.br/busca.saraiva.com.br/busca?q=samsung&common_filter[1]=122675
801,http://www.saraiva.com.br/busca.saraiva.com.br/busca?q=samsung&common_filter[1]=148330
802,http://www.saraiva.com.br/busca.saraiva.com.br/busca?q=samsung&common_filter[1]=185489
803,http://www.saraiva.com.br/busca.saraiva.com.br/busca?q=samsung&common_filter[1]=185506
804,http://www.saraiva.com.br/busca.saraiva.com.br/busca?q=samsung&common_filter[1]=186508
805,http://www.saraiva.com.br/busca.saraiva.com.br/busca?q=samsung&common_filter[1]=31
806,http://www.saraiva.com.br/busca.saraiva.com.br/busca?q=samsung&common_filter[1]=6165
807,http://www.saraiva.com.br/busca.saraiva.com.br/busca?q=samsung&common_filter[1]=6166
808,http://www.saraiva.com.br/busca.saraiva.com.br/busca?q=samsung&common_filter[1]=186461
809,http://www.saraiva.com.br/busca.saraiva.com.br/busca?q=samsung&common_filter[1]=189359
810,http://www.saraiva.com.br/busca.saraiva.com.br/busca?q=samsung&common_filter[1]=189320
811,http://www.saraiva.com.br/busca.saraiva.com.br/busca?q=samsung&common_filter[1]=189355
812,http://www.saraiva.com.br/busca.saraiva.com.br/busca?q=samsung&common_filter[1]=189403
813,http://www.saraiva.com.br/busca.saraiva.com.br/busca?q=samsung&common_filter[1]=6173
814,http://www.saraiva.com.br/busca.saraiva.com.br/busca?q=samsung&common_filter[1]=18208
815,http://www.saraiva.com.br/busca.saraiva.com.br/busca?q=samsung&common_filter[1]=6309
816,http://www.saraiva.com.br/busca.saraiva.com.br/busca?q=samsung&common_filter[1]=18213
817,http://www.saraiva.com.br/busca.saraiva.com.br/busca?q=samsung&common_filter[1]=18270
818,http://www.saraiva.com.br/busca.saraiva.com.br/busca?q=samsung&common_filter[1]=6310
819,http://www.saraiva.com.br/busca.saraiva.com.br/busca?q=samsung&common_filter[1]=187796
820,http://www.saraiva.com.br/busca.saraiva.com.br/busca?q=samsung&common_filter[1]=190850
821,http://www.saraiva.com.br/busca.saraiva.com.br/busca?q=samsung&common_filter[1]=165934
822,http://www.saraiva.com.br/busca.saraiva.com.br/busca?q=samsung&common_filter[1]=186281
823,http://www.saraiva.com.br/busca.saraiva.com.br/busca?q=samsung&common_filter[1]=189315
824,http://www.saraiva.com.br/busca.saraiva.com.br/busca?q=samsung&common_filter[1]=6197
825,http://www.saraiva.com.br/busca.saraiva.com.br/busca?q=samsung&common_filter[1]=6371
826,http://www.saraiva.com.br/busca.saraiva.com.br/busca?q=samsung&common_filter[1]=6271
827,http://www.saraiva.com.br/busca.saraiva.com.br/busca?q=samsung&common_filter[1]=6272
828,http://www.saraiva.com.br/busca.saraiva.com.br/busca?q=samsung&common_filter[1]=18211
829,http://www.saraiva.com.br/busca.saraiva.com.br/busca?q=samsung&common_filter[1]=192082
830,http://www.saraiva.com.br/busca.saraiva.com.br/busca?q=samsung&common_filter[1]=6175
831,http://www.saraiva.com.br/busca.saraiva.com.br/busca?q=samsung&common_filter[1]=186106
832,http://www.saraiva.com.br/busca.saraiva.com.br/busca?q=samsung&common_filter[1]=6176
833,http://www.saraiva.com.br/busca.saraiva.com.br/busca?q=samsung&common_filter[1]=6180
834,http://www.saraiva.com.br/busca.saraiva.com.br/busca?q=samsung&common_filter[1]=6233
835,http://www.saraiva.com.br/busca.saraiva.com.br/busca?q=samsung&common_filter[1]=189398
836,http://www.saraiva.com.br/busca.saraiva.com.br/busca?q=samsung&common_filter[1]=18227
837,http://www.saraiva.com.br/busca.saraiva.com.br/busca?q=samsung&common_filter[1]=186479
838,http://www.saraiva.com.br/busca.saraiva.com.br/busca?q=samsung&common_filter[1]=32
839,http://www.saraiva.com.br/busca.saraiva.com.br/busca?q=samsung&common_filter[1]=33
840,http://www.saraiva.com.br/busca.saraiva.com.br/busca?q=samsung&common_filter[1]=186286
841,http://www.saraiva.com.br/busca.saraiva.com.br/busca?q=samsung&common_filter[1]=186287
842,http://www.saraiva.com.br/busca.saraiva.com.br/busca?q=samsung&common_filter[1]=440
843,http://www.saraiva.com.br/busca.saraiva.com.br/busca?q=samsung&common_filter[1]=18215
844,http://www.saraiva.com.br/busca.saraiva.com.br/busca?q=samsung&common_filter[1]=18123
845,http://www.saraiva.com.br/busca.saraiva.com.br/busca?q=samsung&common_filter[1]=18124
846,http://www.saraiva.com.br/busca.saraiva.com.br/busca?q=samsung&common_filter[1]=18310
847,http://www.saraiva.com.br/busca.saraiva.com.br/busca?q=samsung&common_filter[1]=189317
848,http://www.saraiva.com.br/busca.saraiva.com.br/busca?q=samsung&common_filter[1]=123893
849,http://www.saraiva.com.br/busca.saraiva.com.br/busca?q=samsung&common_filter[1]=191982
850,http://www.saraiva.com.br/busca.saraiva.com.br/busca?q=samsung&common_filter[1]=1312
851,http://www.saraiva.com.br/busca.saraiva.com.br/busca?q=samsung&common_filter[1]=186489
852,http://www.saraiva.com.br/busca.saraiva.com.br/busca?q=samsung&common_filter[1]=191972
853,http://www.saraiva.com.br/busca.saraiva.com.br/busca?q=samsung&common_filter[1]=6100
854,http://www.saraiva.com.br/busca.saraiva.com.br/busca?q=samsung&common_filter[1]=6101
855,http://www.saraiva.com.br/busca.saraiva.com.br/busca?q=samsung&common_filter[1]=191983
856,http://www.saraiva.com.br/busca.saraiva.com.br/busca?q=samsung&common_filter[1]=1350
857,http://www.saraiva.com.br/busca.saraiva.com.br/busca?q=samsung&common_filter[1]=6215
858,http://www.saraiva.com.br/busca.saraiva.com.br/busca?q=samsung&common_filter[1]=6216
859,http://www.saraiva.com.br/busca.saraiva.com.br/busca?q=samsung&common_filter[1]=18275
860,http://www.saraiva.com.br/busca.saraiva.com.br/busca?q=samsung&common_filter[1]=186282
861,http://www.saraiva.com.br/busca.saraiva.com.br/busca?q=samsung&common_filter[1]=18287
862,http://www.saraiva.com.br/busca.saraiva.com.br/busca?q=samsung&common_filter[1]=189365
863,http://www.saraiva.com.br/busca.saraiva.com.br/busca?q=samsung&common_filter[1]=2766
864,http://www.saraiva.com.br/busca.saraiva.com.br/busca?q=samsung&common_filter[1]=6183
865,http://www.saraiva.com.br/busca.saraiva.com.br/busca?q=samsung&common_filter[1]=6184
866,http://www.saraiva.com.br/busca.saraiva.com.br/busca?q=samsung&common_filter[1]=2767
867,http://www.saraiva.com.br/busca.saraiva.com.br/busca?q=samsung&common_filter[1]=2768
868,http://www.saraiva.com.br/busca.saraiva.com.br/busca?q=samsung&common_filter[1]=6088
869,http://www.saraiva.com.br/busca.saraiva.com.br/busca?q=samsung&common_filter[1]=187496
870,http://www.saraiva.com.br/busca.saraiva.com.br/busca?q=samsung&common_filter[1]=187497
871,http://www.saraiva.com.br/busca.saraiva.com.br/busca?q=samsung&common_filter[1]=2769
872,http://www.saraiva.com.br/busca.saraiva.com.br/busca?q=samsung&common_filter[1]=2770
873,http://www.saraiva.com.br/busca.saraiva.com.br/busca?q=samsung&common_filter[1]=6281
874,http://www.saraiva.com.br/busca.saraiva.com.br/busca?q=samsung&common_filter[1]=6282
875,http://www.saraiva.com.br/busca.saraiva.com.br/busca?q=samsung&common_filter[1]=6092
876,http://www.saraiva.com.br/busca.saraiva.com.br/busca?q=samsung&common_filter[1]=18254
877,http://www.saraiva.com.br/busca.saraiva.com.br/busca?q=samsung&common_filter[1]=18325
878,http://www.saraiva.com.br/busca.saraiva.com.br/busca?q=samsung&common_filter[1]=36679
879,http://www.saraiva.com.br/busca.saraiva.com.br/busca?q=samsung&common_filter[1]=6093
880,http://www.saraiva.com.br/busca.saraiva.com.br/busca?q=samsung&common_filter[1]=6094
881,http://www.saraiva.com.br/busca.saraiva.com.br/busca?q=samsung&common_filter[1]=1309
882,http://www.saraiva.com.br/busca.saraiva.com.br/busca?q=samsung&common_filter[1]=6187
883,http://www.saraiva.com.br/busca.saraiva.com.br/busca?q=samsung&common_filter[1]=6188
884,http://www.saraiva.com.br/busca.saraiva.com.br/busca?q=samsung&common_filter[1]=192121
885,http://www.saraiva.com.br/busca.saraiva.com.br/busca?q=samsung&common_filter[1]=192122
886,http://www.saraiva.com.br/busca.saraiva.com.br/busca?q=samsung&common_filter[1]=405
887,http://www.saraiva.com.br/busca.saraiva.com.br/busca?q=samsung&common_filter[1]=2795
888,http://www.saraiva.com.br/busca.saraiva.com.br/busca?q=samsung&common_filter[1]=2797
889,http://www.saraiva.com.br/busca.saraiva.com.br/busca?q=samsung&common_filter[1]=414
890,http://www.saraiva.com.br/busca.saraiva.com.br/busca?q=samsung&common_filter[1]=459
891,http://www.saraiva.com.br/busca.saraiva.com.br/busca?q=samsung&common_filter[1]=18243
892,http://www.saraiva.com.br/busca.saraiva.com.br/busca?q=samsung&common_filter[1]=36672
893,http://www.saraiva.com.br/busca.saraiva.com.br/busca?q=samsung&common_filter[1]=42
894,http://www.saraiva.com.br/busca.saraiva.com.br/busca?q=samsung&common_filter[1]=330
895,http://www.saraiva.com.br/busca.saraiva.com.br/busca?q=samsung&common_filter[1]=6572
896,http://www.saraiva.com.br/busca.saraiva.com.br/busca?q=samsung&common_filter[1]=43
897,http://www.saraiva.com.br/busca.saraiva.com.br/busca?q=samsung&common_filter[1]=44
898,http://www.saraiva.com.br/busca.saraiva.com.br/busca?q=samsung&common_filter[1]=445
899,http://www.saraiva.com.br/busca.saraiva.com.br/busca?q=samsung&common_filter[1]=560
900,http://www.saraiva.com.br/busca.saraiva.com.br/busca?q=samsung&common_filter[1]=18126
901,http://www.saraiva.com.br/busca.saraiva.com.br/busca?q=samsung&common_filter[1]=124063
902,http://www.saraiva.com.br/busca.saraiva.com.br/busca?q=samsung&common_filter[1]=124064
903,http://www.saraiva.com.br/busca.saraiva.com.br/busca?q=samsung&common_filter[1]=190633
904,http://www.saraiva.com.br/busca.saraiva.com.br/busca?q=samsung&common_filter[1]=190635
905,http://www.saraiva.com.br/busca.saraiva.com.br/busca?q=samsung&common_filter[1]=221733
906,http://www.saraiva.com.br/busca.saraiva.com.br/busca?q=samsung&common_filter[1]=192072
907,http://www.saraiva.com.br/busca.saraiva.com.br/busca?q=samsung&common_filter[1]=192099
908,http://www.saraiva.com.br/busca.saraiva.com.br/busca?q=samsung&common_filter[1]=192100
909,http://www.saraiva.com.br/busca.saraiva.com.br/busca?q=samsung&common_filter[1]=191586
910,http://www.saraiva.com.br/busca.saraiva.com.br/busca?q=samsung&common_filter[1]=191959
911,http://www.saraiva.com.br/busca.saraiva.com.br/busca?q=samsung&common_filter[1]=191961
912,http://www.saraiva.com.br/busca.saraiva.com.br/busca?q=samsung&common_filter[1]=191587
913,http://www.saraiva.com.br/busca.saraiva.com.br/busca?q=samsung&common_filter[1]=191588
914,http://www.saraiva.com.br/busca.saraiva.com.br/busca?q=samsung&common_filter[1]=368
915,http://www.saraiva.com.br/busca.saraiva.com.br/busca?q=samsung&common_filter[1]=369
916,http://www.saraiva.com.br/busca.saraiva.com.br/busca?q=samsung&common_filter[1]=655
917,http://www.saraiva.com.br/busca.saraiva.com.br/busca?q=samsung&common_filter[1]=1198
918,http://www.saraiva.com.br/busca.saraiva.com.br/busca?q=samsung&common_filter[1]=18146
919,http://www.saraiva.com.br/busca.saraiva.com.br/busca?q=samsung&common_filter[1]=192392
920,http://www.saraiva.com.br/busca.saraiva.com.br/busca?q=samsung&common_filter[1]=192393
921,http://www.saraiva.com.br/busca.saraiva.com.br/busca?q=samsung&common_filter[1]=4
922,http://www.saraiva.com.br/busca.saraiva.com.br/busca?q=samsung&common_filter[1]=17
923,http://www.saraiva.com.br/busca.saraiva.com.br/busca?q=samsung&common_filter[1]=216116
924,http://www.saraiva.com.br/busca.saraiva.com.br/busca?q=samsung&range_filter[2]=240:850:3
925,http://www.saraiva.com.br/busca.saraiva.com.br/busca?q=samsung&range_filter[2]=940:1000:3
926,http://www.saraiva.com.br/busca.saraiva.com.br/busca?q=samsung&range_filter[2]=1090:1530:3
927,http://www.saraiva.com.br/busca.saraiva.com.br/busca?q=samsung&range_filter[2]=1630:2100:3
928,http://www.saraiva.com.br/busca.saraiva.com.br/busca?q=samsung&range_filter[2]=2190:3100:3
929,http://www.saraiva.com.br/busca.saraiva.com.br/busca?q=samsung&range_filter[2]=3390:4300:3
930,http://www.saraiva.com.br/busca.saraiva.com.br/busca?q=samsung&range_filter[2]=4820:5400:3
931,http://www.saraiva.com.br/busca.saraiva.com.br/busca?q=samsung&common_filter[278]=1299
932,http://www.saraiva.com.br/busca.saraiva.com.br/busca?q=samsung&common_filter[278]=13393
933,http://www.saraiva.com.br/busca.saraiva.com.br/busca?q=samsung&common_filter[278]=20701
934,http://www.saraiva.com.br/busca.saraiva.com.br/busca?q=samsung&common_filter[5892]=190589
935,http://www.saraiva.com.br/busca.saraiva.com.br/busca?q=samsung&common_filter[5892]=41356
936,http://www.saraiva.com.br/busca.saraiva.com.br/busca?q=samsung&common_filter[5892]=190562
937,http://www.saraiva.com.br/busca.saraiva.com.br/busca?q=samsung&common_filter[5892]=148126
938,http://www.saraiva.com.br/busca.saraiva.com.br/busca?q=samsung&common_filter[5890]=190588
939,http://www.saraiva.com.br/busca.saraiva.com.br/busca?q=samsung&common_filter[5890]=196726
940,http://www.saraiva.com.br/busca.saraiva.com.br/busca?q=samsung&common_filter[5890]=190640
941,http://www.saraiva.com.br/busca.saraiva.com.br/busca?q=samsung&common_filter[5890]=170464
942,http://www.saraiva.com.br/busca.saraiva.com.br/busca?q=samsung&common_filter[5890]=190639
943,http://www.saraiva.com.br/smartphone-samsung-galaxy-s9-ultravioleta-tela-de-58-android-80-camera-12mp-128gb-10116157/p
944,http://www.saraiva.com.br/capa-galaxy-a8-samsung-kicktok-cover-transparente-10124662/p
945,http://www.saraiva.com.br/smartphone-samsung-galaxy-j4-prata-tela-55-android-80-camera-13mp-32gb-10170994/p
946,http://www.saraiva.com.br/smartphone-samsung-galaxy-s10--sm-g975-128gb-8gb-64--4g-camera-tripla-12-12-16mp-dual-chip-branco-3172065/p
947,http://www.saraiva.com.br/smartphone-samsung-galaxy-s10--sm-g975-128gb-8gb-64--4g-camera-tripla-12-12-16mp-dual-chip-azul-3172064/p
948,http://www.saraiva.com.br/smartphone-samsung-galaxy-j4--sm-j415gzdqzto-tela-6--32gb-wifi-4g-2gb-13mp-e-5mp-dual-chip-cobre-2934406/p
949,http://www.saraiva.com.br/smartphone-samsung-galaxy-s9-preto-tela-de-58-android-80-camera-12mp-128gb-10116110/p
950,http://www.saraiva.com.br/smartphone-lg-k11-alpha-lmx410btw-tela-53---16gb-8mp-e-5mp-2gb-preto-2934413/p
951,http://www.saraiva.com.br/smartphone-samsung-galaxy-note-9-preto-tela-64-android-81-dual-cam-12-12mp-128gb-10287454/p
952,http://www.saraiva.com.br/smartphone-samsung-galaxy-j4-preto-tela-55-android-80-camera-13mp-32gb-10170639/p
953,http://www.saraiva.com.br/smartphone-samsung-galaxy-s9-cinza-tela-de-62-android-80-camera-12mp-128gb-10116212/p
954,http://www.saraiva.com.br/smartphone-samsung-galaxy-s9-cinza-tela-de-58-android-80-camera-12mp-128gb-10116149/p
955,http://www.saraiva.com.br/smartphone-samsung-galaxy-s9-ultravioleta-tela-de-62-android-80-camera-12mp-128gb-10116219/p
956,http://www.saraiva.com.br/smartphone-samsung-galaxy-s10e-smg970fz-128gb-6gb-58--4g-camera-dupla-12-16mp-dual-chip-preto-2885524/p
957,http://www.saraiva.com.br/smartphone-samsung-galaxy-a50-64gb-dual-chip-android-90-tela-64-camera-25mp-5mp-8mp-branco-s980c724122225/p
958,http://www.saraiva.com.br/smartphone-samsung-galaxy-a30-64gb-dual-chip-android-9-0-tela-6-4--octa-core-4g-camera-16mp---5mp---branco-2842608/p
959,http://www.saraiva.com.br/smartphone-samsung-galaxy-a10-32gb-dual-chip-android-9-0-tela-6-2--octa-core-2g-camera-13mp---vermelho-2842975/p
960,http://www.saraiva.com.br/smartphone-samsung-galaxy-a6--dual-chip-android-8-0-tela-6-0--64gb-4g-camera-16mp-5mp--dual-cam----dourado-2842981/p
961,http://www.saraiva.com.br/smartphone-samsung-galaxy-a20-32gb-dual-chip-android-9-0-tela-6-4--octa-core-camera-13mp---5mp---preto-2842611/p
962,http://www.saraiva.com.br/smartphone-samsung-galaxy-a20-32gb-dual-chip-android-9-0-tela-6-4--octa-core-camera-13mp---5mp-–-vermelho-2842612/p
963,http://www.saraiva.com.br/smartphone-samsung-galaxy-a30-64gb-dual-chip-android-9-0-tela-6-4-polegadas-octa-core-4g-camera-16mp-e-5mp-azul-2842609/p
964,http://www.saraiva.com.br/smartphone-samsung-galaxy-a30-64gb-dual-chip-android-9-0-tela-6-4--octa-core-4g-camera-16mp---5mp---preto-2842610/p
965,http://www.saraiva.com.br/smartphone-samsung-galaxy-s10-128gb-dual-chip-android-tela-6-1”-octa-core-4g-camera-tripla-traseira-12mp---12mp---16mp---preto-2455851/p
966,http://www.saraiva.com.br/smartphone-samsung-galaxy-s10--128gb-dual-chip-android-9-0-tela-6-4”-octa-core-4g-camera-tripla-traseira-12mp---12mp---16mp---preto-2455850/p
967,http://www.saraiva.com.br/busca.saraiva.com.br/busca?q=samsung&page=2
968,http://www.saraiva.com.br/busca.saraiva.com.br/busca?q=samsung&page=3
969,http://www.saraiva.com.br/busca.saraiva.com.br/busca?q=samsung&page=4
970,http://www.saraiva.com.br/busca.saraiva.com.br/busca?q=samsung&page=5
971,http://www.saraiva.com.br/busca.saraiva.com.br/busca?q=samsung&page=81
972,http://www.saraiva.com.br/busca.saraiva.com.br/q/faber+castell+lapis+de+cor&sug=1
973,http://www.saraiva.com.br/busca.saraiva.com.br/q/faber+castell+tinteiro&sug=1
974,http://www.saraiva.com.br/busca.saraiva.com.br/q/bic+intensity&sug=1
975,http://www.saraiva.com.br/busca.saraiva.com.br/q/faber+castell+fine+pen&sug=1
976,http://www.saraiva.com.br/busca.saraiva.com.br/q/faber+castel&sug=1
977,http://www.saraiva.com.br/busca.saraiva.com.br/q/caneta+pincel&sug=1
978,http://www.saraiva.com.br/busca.saraiva.com.br/busca?q=fabber+castell&common_filter[1]=502
979,http://www.saraiva.com.br/busca.saraiva.com.br/busca?q=fabber+castell&common_filter[1]=555
980,http://www.saraiva.com.br/busca.saraiva.com.br/busca?q=fabber+castell&common_filter[1]=556
981,http://www.saraiva.com.br/busca.saraiva.com.br/busca?q=fabber+castell&common_filter[1]=2744
982,http://www.saraiva.com.br/busca.saraiva.com.br/busca?q=fabber+castell&common_filter[1]=6505
983,http://www.saraiva.com.br/busca.saraiva.com.br/busca?q=fabber+castell&common_filter[1]=6475
984,http://www.saraiva.com.br/busca.saraiva.com.br/busca?q=fabber+castell&common_filter[1]=6477
985,http://www.saraiva.com.br/busca.saraiva.com.br/busca?q=fabber+castell&common_filter[1]=6478
986,http://www.saraiva.com.br/busca.saraiva.com.br/busca?q=fabber+castell&common_filter[1]=5605
987,http://www.saraiva.com.br/busca.saraiva.com.br/busca?q=fabber+castell&common_filter[1]=503
988,http://www.saraiva.com.br/busca.saraiva.com.br/busca?q=fabber+castell&common_filter[1]=6561
989,http://www.saraiva.com.br/busca.saraiva.com.br/busca?q=fabber+castell&common_filter[1]=2745
990,http://www.saraiva.com.br/busca.saraiva.com.br/busca?q=fabber+castell&common_filter[1]=6141
991,http://www.saraiva.com.br/busca.saraiva.com.br/busca?q=fabber+castell&common_filter[1]=6462
992,http://www.saraiva.com.br/busca.saraiva.com.br/busca?q=fabber+castell&common_filter[1]=6458
993,http://www.saraiva.com.br/busca.saraiva.com.br/busca?q=fabber+castell&common_filter[1]=552
994,http://www.saraiva.com.br/busca.saraiva.com.br/busca?q=fabber+castell&common_filter[1]=1348
995,http://www.saraiva.com.br/busca.saraiva.com.br/busca?q=fabber+castell&common_filter[1]=6521
996,http://www.saraiva.com.br/busca.saraiva.com.br/busca?q=fabber+castell&common_filter[1]=553
997,http://www.saraiva.com.br/busca.saraiva.com.br/busca?q=fabber+castell&common_filter[1]=6510
998,http://www.saraiva.com.br/busca.saraiva.com.br/busca?q=fabber+castell&common_filter[1]=18119
999,http://www.saraiva.com.br/busca.saraiva.com.br/busca?q=fabber+castell&common_filter[1]=6508
1000,http://www.saraiva.com.br/busca.saraiva.com.br/busca?q=fabber+castell&common_filter[1]=6089
1001,http://www.saraiva.com.br/busca.saraiva.com.br/busca?q=fabber+castell&common_filter[1]=6090
1002,http://www.saraiva.com.br/busca.saraiva.com.br/busca?q=fabber+castell&common_filter[1]=6565
1003,http://www.saraiva.com.br/busca.saraiva.com.br/busca?q=fabber+castell&common_filter[1]=18111
1004,http://www.saraiva.com.br/busca.saraiva.com.br/busca?q=fabber+castell&common_filter[1]=6566
1005,http://www.saraiva.com.br/busca.saraiva.com.br/busca?q=fabber+castell&common_filter[1]=6423
1006,http://www.saraiva.com.br/busca.saraiva.com.br/busca?q=fabber+castell&common_filter[1]=6424
1007,http://www.saraiva.com.br/busca.saraiva.com.br/busca?q=fabber+castell&common_filter[1]=6426
1008,http://www.saraiva.com.br/busca.saraiva.com.br/busca?q=fabber+castell&common_filter[1]=6506
1009,http://www.saraiva.com.br/busca.saraiva.com.br/busca?q=fabber+castell&common_filter[1]=6568
1010,http://www.saraiva.com.br/busca.saraiva.com.br/busca?q=fabber+castell&common_filter[1]=6531
1011,http://www.saraiva.com.br/busca.saraiva.com.br/busca?q=fabber+castell&common_filter[1]=6532
1012,http://www.saraiva.com.br/busca.saraiva.com.br/busca?q=fabber+castell&common_filter[1]=6459
1013,http://www.saraiva.com.br/busca.saraiva.com.br/busca?q=fabber+castell&common_filter[1]=6460
1014,http://www.saraiva.com.br/busca.saraiva.com.br/busca?q=fabber+castell&range_filter[2]=0:10:3
1015,http://www.saraiva.com.br/busca.saraiva.com.br/busca?q=fabber+castell&range_filter[2]=10:20:3
1016,http://www.saraiva.com.br/busca.saraiva.com.br/busca?q=fabber+castell&range_filter[2]=20:30:3
1017,http://www.saraiva.com.br/busca.saraiva.com.br/busca?q=fabber+castell&range_filter[2]=30:40:3
1018,http://www.saraiva.com.br/busca.saraiva.com.br/busca?q=fabber+castell&range_filter[2]=40:50:3
1019,http://www.saraiva.com.br/busca.saraiva.com.br/busca?q=fabber+castell&range_filter[2]=50:80:3
1020,http://www.saraiva.com.br/busca.saraiva.com.br/busca?q=fabber+castell&range_filter[2]=80:150:3
1021,http://www.saraiva.com.br/busca.saraiva.com.br/busca?q=fabber+castell&common_filter[1285]=189469
1022,http://www.saraiva.com.br/busca.saraiva.com.br/busca?q=fabber+castell&common_filter[278]=1152
1023,http://www.saraiva.com.br/busca.saraiva.com.br/busca?q=fabber+castell&common_filter[1300]=1994
1024,http://www.saraiva.com.br/busca.saraiva.com.br/busca?q=fabber+castell&common_filter[1300]=1648
1025,http://www.saraiva.com.br/lapis-de-cor-aquarelavel-faber-castell-60-cores-9866520/p
1026,http://www.saraiva.com.br/lapis-faber-castell-ecolapis-marshmallow-tons-pasteis-c1-unidade-sortido-10172789/p
1027,http://www.saraiva.com.br/caneta-ponta-porosa-faber-castell-10mm-preta-8175665/p
1028,http://www.saraiva.com.br/lapis-grafite-faber-castell-eco-grip-black-solucao-comp-apontador-borracha-preto-2851612/p
1029,http://www.saraiva.com.br/caneta-hidrografica-ponta-vai-e-vem-faber-castell-12-cores-4253425/p
1030,http://www.saraiva.com.br/lapis-grafite-faber-castell-eco-grip-black-solucao-comp-apontador-borracha-rosa-2851611/p
1031,http://www.saraiva.com.br/caneta-hidrografica-faber-castell-fine-pen-04-mm-cereja-sem-blister-5685376/p
1032,http://www.saraiva.com.br/caneta-hidrografica-faber-castell-fine-pen-04-mm-preto-8175793/p
1033,http://www.saraiva.com.br/lapis-grafite-faber-castell-max-metallic-n-2-hb-com-4-unidades-9345118/p
1034,http://www.saraiva.com.br/lapis-grafite-faber-castell-max-preto-1205-n-2-sextavado-l6p5-3699419/p
1035,http://www.saraiva.com.br/lapis-grafite-faber-castell-ecolapis-9000-sextavado-com-3-2b6b8b-8973793/p
1036,http://www.saraiva.com.br/ecolapis-grafite-supersoft-com-4-faber-castell-10172793/p
1037,http://www.saraiva.com.br/caneta-hidrografica-faber-castell-fine-pen-04-mm-azul-e-preta-3300168/p
1038,http://www.saraiva.com.br/grip-fine-pen-04mm-amarelo-2865867/p
1039,http://www.saraiva.com.br/caneta-hidrografica-faber-castell-fine-pen-04-mm-laranja-sem-blister-2865863/p
1040,http://www.saraiva.com.br/caneta-hidrografica-jumbo-faber-castell-12-cores-376109/p
1041,http://www.saraiva.com.br/lapiseria-faber-castell-poly-matic-super-07mm-grafite-sortido-3162689/p
1042,http://www.saraiva.com.br/estojo-escolar-de-nylon-faber-castell-caveira-3d-azul-24-cores-9866553/p
1043,http://www.saraiva.com.br/lapis-grafite-faber-castell-glitz-n-2-4-unidades-4075688/p
1044,http://www.saraiva.com.br/lapis-grafite-faber-castell-max-neon-n-2-hb-com-4-unidades-9345122/p
1045,http://www.saraiva.com.br/caneta-hidrografica-colors-faber-castell-24-cores-4253564/p
1046,http://www.saraiva.com.br/caneta-hidrografica-faber-castell-fine-pen-04-mm-uva-sem-blister-5685386/p
1047,http://www.saraiva.com.br/caneta-hidrografica-faber-castell-fine-pen-04-mm-roxo-sem-blister-2865856/p
1048,http://www.saraiva.com.br/caneta-hidrografica-colors-faber-castell-12-cores-4253379/p
1049,http://www.saraiva.com.br/busca.saraiva.com.br/busca?q=fabber+castell&page=2
1050,http://www.saraiva.com.br/busca.saraiva.com.br/busca?q=fabber+castell&page=3
1051,http://www.saraiva.com.br/busca.saraiva.com.br/busca?q=fabber+castell&page=4
1052,http://www.saraiva.com.br/busca.saraiva.com.br/busca?q=fabber+castell&page=5
1053,http://www.saraiva.com.br/busca.saraiva.com.br/busca?q=fabber+castell&page=11
