id,links
0,/gp/redirect.html?location=http://amazon.com.br/music/prime&token=0F69BC196495C0306B1349E33AB616D988BAFEE0&source=standards&pf_rd_p=585b2edf-5872-4a90-ac93-d0585f673c34&pf_rd_r=VXMHXGQ3PE60471VB492
1,/gp/redirect.html?location=https://twitch.amazon.com/tp&token=2E031E089C97810FAF6A486B92DE1BAF5811B527&source=standards&pf_rd_p=585b2edf-5872-4a90-ac93-d0585f673c34&pf_rd_r=VXMHXGQ3PE60471VB492
2,/gp/redirect.html?location=http://amazon.com.br/music/prime&token=0F69BC196495C0306B1349E33AB616D988BAFEE0&source=standards&pf_rd_p=585b2edf-5872-4a90-ac93-d0585f673c34&pf_rd_r=65Y6RB6067YNNW6YE6CJ
3,/gp/redirect.html?location=https://twitch.amazon.com/tp&token=2E031E089C97810FAF6A486B92DE1BAF5811B527&source=standards&pf_rd_p=585b2edf-5872-4a90-ac93-d0585f673c34&pf_rd_r=65Y6RB6067YNNW6YE6CJ
4,/ap/cnep/141-3311515-2391652?_encoding=UTF8&openid.assoc_handle=brflex&openid.claimed_id=http%3A%2F%2Fspecs.openid.net%2Fauth%2F2.0%2Fidentifier_select&openid.identity=http%3A%2F%2Fspecs.openid.net%2Fauth%2F2.0%2Fidentifier_select&openid.mode=checkid_setup&openid.ns=http%3A%2F%2Fspecs.openid.net%2Fauth%2F2.0&openid.ns.pape=http%3A%2F%2Fspecs.openid.net%2Fextensions%2Fpape%2F1.0&openid.pape.max_auth_age=0&openid.return_to=https%3A%2F%2Fwww.amazon.com.mx%2Fgp%2Fcss%2Fhomepage.html%3F%20%20ie%3DUTF8%26ref_%3Dya_cnep&ref_=hp_ss_v3_as_t4
5,/ap/cnep/141-3311515-2391652?_encoding=UTF8&openid.assoc_handle=brflex&openid.claimed_id=http%3A%2F%2Fspecs.openid.net%2Fauth%2F2.0%2Fidentifier_select&openid.identity=http%3A%2F%2Fspecs.openid.net%2Fauth%2F2.0%2Fidentifier_select&openid.mode=checkid_setup&openid.ns=http%3A%2F%2Fspecs.openid.net%2Fauth%2F2.0&openid.ns.pape=http%3A%2F%2Fspecs.openid.net%2Fextensions%2Fpape%2F1.0&openid.pape.max_auth_age=0&openid.return_to=https%3A%2F%2Fwww.amazon.com.mx%2Fgp%2Fcss%2Fhomepage.html%3F%20%20ie%3DUTF8%26ref_%3Dya_cnep&ref_=hp_ss_v3_as_t4
6,/gp/redirect.html?location=http://amazon.com.br/music/prime&token=0F69BC196495C0306B1349E33AB616D988BAFEE0&source=standards&pf_rd_p=585b2edf-5872-4a90-ac93-d0585f673c34&pf_rd_r=88YC13AS0ESGNSRHJ0JN
7,/gp/redirect.html?location=https://twitch.amazon.com/tp&token=2E031E089C97810FAF6A486B92DE1BAF5811B527&source=standards&pf_rd_p=585b2edf-5872-4a90-ac93-d0585f673c34&pf_rd_r=88YC13AS0ESGNSRHJ0JN
