id,links
0,http://www.cartaoclubmais.com.br/ 
1,http://www.cartaoclubmais.com.br/ 
2,http://www.cartaoclubmais.com.br/ 
3,http://www.cartaoclubmais.com.br/ 
4,http://www.cartaoclubmais.com.br/ 
5,http://www.cartaoclubmais.com.br/ 
6,http://www.cartaoclubmais.com.br/ 
7,http://www.cartaoclubmais.com.br/ 
8,http://www.cartaoclubmais.com.br/ 
9,http://www.cartaoclubmais.com.br/ 
10,http://www.cartaoclubmais.com.br/ 
11,http://www.cartaoclubmais.com.br/ 
12,http://www.cartaoclubmais.com.br/ 
13,http://www.cartaoclubmais.com.br/ 
14,http://www.cartaoclubmais.com.br/ 
15,http://www.cartaoclubmais.com.br/ 
16,http://www.cartaoclubmais.com.br/ 
17,http://www.cartaoclubmais.com.br/ 
18,http://www.cartaoclubmais.com.br/ 
19,http://www.cartaoclubmais.com.br/ 
20,http://www.cartaoclubmais.com.br/ 
