id,links
0,http://www.magazineluiza.com.br/javascript: void(0);
1,http://www.magazineluiza.com.br/javascript: void(0);
2,http://www.magazineluiza.com.br/nossas-lojas/busca/?city=Delmiro gouveia&state=AL
3,http://www.magazineluiza.com.br/nossas-lojas/busca/?city=Palmeira dos indios&state=AL
4,http://www.magazineluiza.com.br/nossas-lojas/busca/?city=Rio largo&state=AL
5,http://www.magazineluiza.com.br/nossas-lojas/busca/?city=Santana do ipanema&state=AL
6,http://www.magazineluiza.com.br/nossas-lojas/busca/?city=Sao miguel dos campos&state=AL
7,http://www.magazineluiza.com.br/nossas-lojas/busca/?city=Teotonio vilela&state=AL
8,http://www.magazineluiza.com.br/nossas-lojas/busca/?city=Uniao dos palmares&state=AL
9,http://www.magazineluiza.com.br/nossas-lojas/busca/?city=Bom jesus da lapa&state=BA
10,http://www.magazineluiza.com.br/nossas-lojas/busca/?city=Campo formoso&state=BA
11,http://www.magazineluiza.com.br/nossas-lojas/busca/?city=Conceicao do coite&state=BA
12,http://www.magazineluiza.com.br/nossas-lojas/busca/?city=Cruz das almas&state=BA
13,http://www.magazineluiza.com.br/nossas-lojas/busca/?city=Dias davila&state=BA
14,http://www.magazineluiza.com.br/nossas-lojas/busca/?city=Euclides da cunha&state=BA
15,http://www.magazineluiza.com.br/nossas-lojas/busca/?city=Feira de santana&state=BA
16,http://www.magazineluiza.com.br/nossas-lojas/busca/?city=Lauro de freitas&state=BA
17,http://www.magazineluiza.com.br/nossas-lojas/busca/?city=Luis eduardo magalhaes&state=BA
18,http://www.magazineluiza.com.br/nossas-lojas/busca/?city=Paulo afonso&state=BA
19,http://www.magazineluiza.com.br/nossas-lojas/busca/?city=Porto seguro&state=BA
20,http://www.magazineluiza.com.br/nossas-lojas/busca/?city=Ribeira do pombal&state=BA
21,http://www.magazineluiza.com.br/nossas-lojas/busca/?city=Santo amaro&state=BA
22,http://www.magazineluiza.com.br/nossas-lojas/busca/?city=Santo antonio de jesus&state=BA
23,http://www.magazineluiza.com.br/nossas-lojas/busca/?city=Santo estevao&state=BA
24,http://www.magazineluiza.com.br/nossas-lojas/busca/?city=Senhor do bonfim&state=BA
25,http://www.magazineluiza.com.br/nossas-lojas/busca/?city=Simoes filho&state=BA
26,http://www.magazineluiza.com.br/nossas-lojas/busca/?city=Teixeira de freitas&state=BA
27,http://www.magazineluiza.com.br/nossas-lojas/busca/?city=Vitoria da conquista&state=BA
28,http://www.magazineluiza.com.br/nossas-lojas/busca/?city=Brejo santo&state=CE
29,http://www.magazineluiza.com.br/nossas-lojas/busca/?city=Juazeiro do norte&state=CE
30,http://www.magazineluiza.com.br/nossas-lojas/busca/?city=Aguas lindas de goias&state=GO
31,http://www.magazineluiza.com.br/nossas-lojas/busca/?city=Aparecida de goiania&state=GO
32,http://www.magazineluiza.com.br/nossas-lojas/busca/?city=Caldas novas&state=GO
33,http://www.magazineluiza.com.br/nossas-lojas/busca/?city=Novo gama&state=GO
34,http://www.magazineluiza.com.br/nossas-lojas/busca/?city=Rio verde&state=GO
35,http://www.magazineluiza.com.br/nossas-lojas/busca/?city=Santa helena de goias&state=GO
36,http://www.magazineluiza.com.br/nossas-lojas/busca/?city=Senador canedo&state=GO
37,http://www.magazineluiza.com.br/nossas-lojas/busca/?city=Valparaiso de goias&state=GO
38,http://www.magazineluiza.com.br/nossas-lojas/busca/?city=Barra do corda&state=MA
39,http://www.magazineluiza.com.br/nossas-lojas/busca/?city=Itapecuru mirim&state=MA
40,http://www.magazineluiza.com.br/nossas-lojas/busca/?city=Presidente dutra&state=MA
41,http://www.magazineluiza.com.br/nossas-lojas/busca/?city=Santa ines&state=MA
42,http://www.magazineluiza.com.br/nossas-lojas/busca/?city=Santa luzia&state=MA
43,http://www.magazineluiza.com.br/nossas-lojas/busca/?city=Sao jose de ribamar&state=MA
44,http://www.magazineluiza.com.br/nossas-lojas/busca/?city=Sao luis&state=MA
45,http://www.magazineluiza.com.br/nossas-lojas/busca/?city=Sao mateus do maranhao&state=MA
46,http://www.magazineluiza.com.br/nossas-lojas/busca/?city=Alta floresta&state=MT
47,http://www.magazineluiza.com.br/nossas-lojas/busca/?city=Barra do garcas&state=MT
48,http://www.magazineluiza.com.br/nossas-lojas/busca/?city=Campo novo do parecis&state=MT
49,http://www.magazineluiza.com.br/nossas-lojas/busca/?city=Campo verde&state=MT
50,http://www.magazineluiza.com.br/nossas-lojas/busca/?city=Guaranta do norte&state=MT
51,http://www.magazineluiza.com.br/nossas-lojas/busca/?city=Lucas do rio verde&state=MT
52,http://www.magazineluiza.com.br/nossas-lojas/busca/?city=Mirassol doeste&state=MT
53,http://www.magazineluiza.com.br/nossas-lojas/busca/?city=Peixoto de azevedo&state=MT
54,http://www.magazineluiza.com.br/nossas-lojas/busca/?city=Tangara da serra&state=MT
55,http://www.magazineluiza.com.br/nossas-lojas/busca/?city=Varzea grande&state=MT
56,http://www.magazineluiza.com.br/nossas-lojas/busca/?city=Aparecida do taboado&state=MS
57,http://www.magazineluiza.com.br/nossas-lojas/busca/?city=Campo grande&state=MS
58,http://www.magazineluiza.com.br/nossas-lojas/busca/?city=Nova andradina&state=MS
59,http://www.magazineluiza.com.br/nossas-lojas/busca/?city=Ponta pora&state=MS
60,http://www.magazineluiza.com.br/nossas-lojas/busca/?city=Tres lagoas&state=MS
61,http://www.magazineluiza.com.br/nossas-lojas/busca/?city=Belo horizonte&state=MG
62,http://www.magazineluiza.com.br/nossas-lojas/busca/?city=Boa esperanca&state=MG
63,http://www.magazineluiza.com.br/nossas-lojas/busca/?city=Brasilia de minas&state=MG
64,http://www.magazineluiza.com.br/nossas-lojas/busca/?city=Campo belo&state=MG
65,http://www.magazineluiza.com.br/nossas-lojas/busca/?city=Carmo do paranaiba&state=MG
66,http://www.magazineluiza.com.br/nossas-lojas/busca/?city=Conceicao das alagoas&state=MG
67,http://www.magazineluiza.com.br/nossas-lojas/busca/?city=Conselheiro lafaiete&state=MG
68,http://www.magazineluiza.com.br/nossas-lojas/busca/?city=Coronel fabriciano&state=MG
69,http://www.magazineluiza.com.br/nossas-lojas/busca/?city=Governador valadares&state=MG
70,http://www.magazineluiza.com.br/nossas-lojas/busca/?city=Itau de minas&state=MG
71,http://www.magazineluiza.com.br/nossas-lojas/busca/?city=Joao monlevade&state=MG
72,http://www.magazineluiza.com.br/nossas-lojas/busca/?city=Joao pinheiro&state=MG
73,http://www.magazineluiza.com.br/nossas-lojas/busca/?city=Juiz de fora&state=MG
74,http://www.magazineluiza.com.br/nossas-lojas/busca/?city=Lagoa da prata&state=MG
75,http://www.magazineluiza.com.br/nossas-lojas/busca/?city=Lagoa santa&state=MG
76,http://www.magazineluiza.com.br/nossas-lojas/busca/?city=Mateus leme&state=MG
77,http://www.magazineluiza.com.br/nossas-lojas/busca/?city=Monte carmelo&state=MG
78,http://www.magazineluiza.com.br/nossas-lojas/busca/?city=Monte santo de minas&state=MG
79,http://www.magazineluiza.com.br/nossas-lojas/busca/?city=Montes claros&state=MG
80,http://www.magazineluiza.com.br/nossas-lojas/busca/?city=Nova serrana&state=MG
81,http://www.magazineluiza.com.br/nossas-lojas/busca/?city=Ouro branco&state=MG
82,http://www.magazineluiza.com.br/nossas-lojas/busca/?city=Ouro fino&state=MG
83,http://www.magazineluiza.com.br/nossas-lojas/busca/?city=Para de minas&state=MG
84,http://www.magazineluiza.com.br/nossas-lojas/busca/?city=Patos de minas&state=MG
85,http://www.magazineluiza.com.br/nossas-lojas/busca/?city=Pedro leopoldo&state=MG
86,http://www.magazineluiza.com.br/nossas-lojas/busca/?city=Pocos de caldas&state=MG
87,http://www.magazineluiza.com.br/nossas-lojas/busca/?city=Ponte nova&state=MG
88,http://www.magazineluiza.com.br/nossas-lojas/busca/?city=Pouso alegre&state=MG
89,http://www.magazineluiza.com.br/nossas-lojas/busca/?city=Ribeirao das neves&state=MG
90,http://www.magazineluiza.com.br/nossas-lojas/busca/?city=Santa luzia&state=MG
91,http://www.magazineluiza.com.br/nossas-lojas/busca/?city=Santa rita do sapucai&state=MG
92,http://www.magazineluiza.com.br/nossas-lojas/busca/?city=Santo antonio do monte&state=MG
93,http://www.magazineluiza.com.br/nossas-lojas/busca/?city=Santos dumont&state=MG
94,http://www.magazineluiza.com.br/nossas-lojas/busca/?city=Sao gotardo&state=MG
95,http://www.magazineluiza.com.br/nossas-lojas/busca/?city=Sao joao del rei&state=MG
96,http://www.magazineluiza.com.br/nossas-lojas/busca/?city=Sao lourenco&state=MG
97,http://www.magazineluiza.com.br/nossas-lojas/busca/?city=Sao sebastiao do paraiso&state=MG
98,http://www.magazineluiza.com.br/nossas-lojas/busca/?city=Sete lagoas&state=MG
99,http://www.magazineluiza.com.br/nossas-lojas/busca/?city=Teofilo otoni&state=MG
100,http://www.magazineluiza.com.br/nossas-lojas/busca/?city=Tres coracoes&state=MG
101,http://www.magazineluiza.com.br/nossas-lojas/busca/?city=Tres pontas&state=MG
102,http://www.magazineluiza.com.br/nossas-lojas/busca/?city=Varzea da palma&state=MG
103,http://www.magazineluiza.com.br/nossas-lojas/busca/?city=Canaa dos carajas&state=PA
104,http://www.magazineluiza.com.br/nossas-lojas/busca/?city=Conceicao do araguaia&state=PA
105,http://www.magazineluiza.com.br/nossas-lojas/busca/?city=Dom eliseu&state=PA
106,http://www.magazineluiza.com.br/nossas-lojas/busca/?city=Novo repartimento&state=PA
107,http://www.magazineluiza.com.br/nossas-lojas/busca/?city=Rondon do para&state=PA
108,http://www.magazineluiza.com.br/nossas-lojas/busca/?city=Santa isabel do para&state=PA
109,http://www.magazineluiza.com.br/nossas-lojas/busca/?city=Santana do araguaia&state=PA
110,http://www.magazineluiza.com.br/nossas-lojas/busca/?city=Sao domingos do araguaia&state=PA
111,http://www.magazineluiza.com.br/nossas-lojas/busca/?city=Sao domingos do capim&state=PA
112,http://www.magazineluiza.com.br/nossas-lojas/busca/?city=Sao felix do xingu&state=PA
113,http://www.magazineluiza.com.br/nossas-lojas/busca/?city=Campina grande&state=PB
114,http://www.magazineluiza.com.br/nossas-lojas/busca/?city=Joao pessoa&state=PB
115,http://www.magazineluiza.com.br/nossas-lojas/busca/?city=Pedras de fogo&state=PB
116,http://www.magazineluiza.com.br/nossas-lojas/busca/?city=Santa rita&state=PB
117,http://www.magazineluiza.com.br/nossas-lojas/busca/?city=Almirante tamandare&state=PR
118,http://www.magazineluiza.com.br/nossas-lojas/busca/?city=Assis chateaubriand&state=PR
119,http://www.magazineluiza.com.br/nossas-lojas/busca/?city=Campina grande do sul&state=PR
120,http://www.magazineluiza.com.br/nossas-lojas/busca/?city=Campo largo&state=PR
121,http://www.magazineluiza.com.br/nossas-lojas/busca/?city=Campo mourao&state=PR
122,http://www.magazineluiza.com.br/nossas-lojas/busca/?city=Cornelio procopio&state=PR
123,http://www.magazineluiza.com.br/nossas-lojas/busca/?city=Cruzeiro do oeste&state=PR
124,http://www.magazineluiza.com.br/nossas-lojas/busca/?city=Dois vizinhos&state=PR
125,http://www.magazineluiza.com.br/nossas-lojas/busca/?city=Fazenda rio grande&state=PR
126,http://www.magazineluiza.com.br/nossas-lojas/busca/?city=Foz do iguacu&state=PR
127,http://www.magazineluiza.com.br/nossas-lojas/busca/?city=Francisco beltrao&state=PR
128,http://www.magazineluiza.com.br/nossas-lojas/busca/?city=General carneiro&state=PR
129,http://www.magazineluiza.com.br/nossas-lojas/busca/?city=Jandaia do sul&state=PR
130,http://www.magazineluiza.com.br/nossas-lojas/busca/?city=Laranjeiras do sul&state=PR
131,http://www.magazineluiza.com.br/nossas-lojas/busca/?city=Marechal candido rondon&state=PR
132,http://www.magazineluiza.com.br/nossas-lojas/busca/?city=Nova esperanca&state=PR
133,http://www.magazineluiza.com.br/nossas-lojas/busca/?city=Nova londrina&state=PR
134,http://www.magazineluiza.com.br/nossas-lojas/busca/?city=Pato branco&state=PR
135,http://www.magazineluiza.com.br/nossas-lojas/busca/?city=Pirai do sul&state=PR
136,http://www.magazineluiza.com.br/nossas-lojas/busca/?city=Ponta grossa&state=PR
137,http://www.magazineluiza.com.br/nossas-lojas/busca/?city=Quedas do iguacu&state=PR
138,http://www.magazineluiza.com.br/nossas-lojas/busca/?city=Rio branco do sul&state=PR
139,http://www.magazineluiza.com.br/nossas-lojas/busca/?city=Santa helena&state=PR
140,http://www.magazineluiza.com.br/nossas-lojas/busca/?city=Santa terezinha de itaipu&state=PR
141,http://www.magazineluiza.com.br/nossas-lojas/busca/?city=Santo antonio da platina&state=PR
142,http://www.magazineluiza.com.br/nossas-lojas/busca/?city=Santo antonio do sudoeste&state=PR
143,http://www.magazineluiza.com.br/nossas-lojas/busca/?city=Sao jose dos pinhais&state=PR
144,http://www.magazineluiza.com.br/nossas-lojas/busca/?city=Sao mateus do sul&state=PR
145,http://www.magazineluiza.com.br/nossas-lojas/busca/?city=Sao miguel do iguacu&state=PR
146,http://www.magazineluiza.com.br/nossas-lojas/busca/?city=Telemaco borba&state=PR
147,http://www.magazineluiza.com.br/nossas-lojas/busca/?city=Uniao da vitoria&state=PR
148,http://www.magazineluiza.com.br/nossas-lojas/busca/?city=Wenceslau braz&state=PR
149,http://www.magazineluiza.com.br/nossas-lojas/busca/?city=Abreu e lima&state=PE
150,http://www.magazineluiza.com.br/nossas-lojas/busca/?city=Afogados da ingazeira&state=PE
151,http://www.magazineluiza.com.br/nossas-lojas/busca/?city=Belo jardim&state=PE
152,http://www.magazineluiza.com.br/nossas-lojas/busca/?city=Cabo de santo agostinho&state=PE
153,http://www.magazineluiza.com.br/nossas-lojas/busca/?city=Jaboatao dos guararapes&state=PE
154,http://www.magazineluiza.com.br/nossas-lojas/busca/?city=Santa cruz do capibaribe&state=PE
155,http://www.magazineluiza.com.br/nossas-lojas/busca/?city=Sao lourenco da mata&state=PE
156,http://www.magazineluiza.com.br/nossas-lojas/busca/?city=Serra talhada&state=PE
157,http://www.magazineluiza.com.br/nossas-lojas/busca/?city=Vitoria de santo antao&state=PE
158,http://www.magazineluiza.com.br/nossas-lojas/busca/?city=Joao camara&state=RN
159,http://www.magazineluiza.com.br/nossas-lojas/busca/?city=Pau dos ferros&state=RN
160,http://www.magazineluiza.com.br/nossas-lojas/busca/?city=Santa cruz&state=RN
161,http://www.magazineluiza.com.br/nossas-lojas/busca/?city=Bento goncalves&state=RS
162,http://www.magazineluiza.com.br/nossas-lojas/busca/?city=Cachoeira do sul&state=RS
163,http://www.magazineluiza.com.br/nossas-lojas/busca/?city=Campo bom&state=RS
164,http://www.magazineluiza.com.br/nossas-lojas/busca/?city=Capao da canoa&state=RS
165,http://www.magazineluiza.com.br/nossas-lojas/busca/?city=Caxias do sul&state=RS
166,http://www.magazineluiza.com.br/nossas-lojas/busca/?city=Cruz alta&state=RS
167,http://www.magazineluiza.com.br/nossas-lojas/busca/?city=Dois irmaos&state=RS
168,http://www.magazineluiza.com.br/nossas-lojas/busca/?city=Flores da cunha&state=RS
169,http://www.magazineluiza.com.br/nossas-lojas/busca/?city=Frederico westphalen&state=RS
170,http://www.magazineluiza.com.br/nossas-lojas/busca/?city=Lagoa vermelha&state=RS
171,http://www.magazineluiza.com.br/nossas-lojas/busca/?city=Nova petropolis&state=RS
172,http://www.magazineluiza.com.br/nossas-lojas/busca/?city=Novo hamburgo&state=RS
173,http://www.magazineluiza.com.br/nossas-lojas/busca/?city=Passo fundo&state=RS
174,http://www.magazineluiza.com.br/nossas-lojas/busca/?city=Porto alegre&state=RS
175,http://www.magazineluiza.com.br/nossas-lojas/busca/?city=Rio grande&state=RS
176,http://www.magazineluiza.com.br/nossas-lojas/busca/?city=Rio pardo&state=RS
177,http://www.magazineluiza.com.br/nossas-lojas/busca/?city=Rosario do sul&state=RS
178,http://www.magazineluiza.com.br/nossas-lojas/busca/?city=Santa cruz do sul&state=RS
179,http://www.magazineluiza.com.br/nossas-lojas/busca/?city=Santa maria&state=RS
180,http://www.magazineluiza.com.br/nossas-lojas/busca/?city=Santa rosa&state=RS
181,http://www.magazineluiza.com.br/nossas-lojas/busca/?city=Santana do livramento&state=RS
182,http://www.magazineluiza.com.br/nossas-lojas/busca/?city=Santo angelo&state=RS
183,http://www.magazineluiza.com.br/nossas-lojas/busca/?city=Santo antonio da patrulha&state=RS
184,http://www.magazineluiza.com.br/nossas-lojas/busca/?city=Sao borja&state=RS
185,http://www.magazineluiza.com.br/nossas-lojas/busca/?city=Sao gabriel&state=RS
186,http://www.magazineluiza.com.br/nossas-lojas/busca/?city=Sao jeronimo&state=RS
187,http://www.magazineluiza.com.br/nossas-lojas/busca/?city=Sao leopoldo&state=RS
188,http://www.magazineluiza.com.br/nossas-lojas/busca/?city=Sao lourenco do sul&state=RS
189,http://www.magazineluiza.com.br/nossas-lojas/busca/?city=Sao luiz gonzaga&state=RS
190,http://www.magazineluiza.com.br/nossas-lojas/busca/?city=Sao marcos&state=RS
191,http://www.magazineluiza.com.br/nossas-lojas/busca/?city=Sapucaia do sul&state=RS
192,http://www.magazineluiza.com.br/nossas-lojas/busca/?city=Tres de maio&state=RS
193,http://www.magazineluiza.com.br/nossas-lojas/busca/?city=Venancio aires&state=RS
194,http://www.magazineluiza.com.br/nossas-lojas/busca/?city=Balneario camboriu&state=SC
195,http://www.magazineluiza.com.br/nossas-lojas/busca/?city=Braco do norte&state=SC
196,http://www.magazineluiza.com.br/nossas-lojas/busca/?city=Campos novos&state=SC
197,http://www.magazineluiza.com.br/nossas-lojas/busca/?city=Cocal do sul&state=SC
198,http://www.magazineluiza.com.br/nossas-lojas/busca/?city=Jaragua do sul&state=SC
199,http://www.magazineluiza.com.br/nossas-lojas/busca/?city=Morro da fumaca&state=SC
200,http://www.magazineluiza.com.br/nossas-lojas/busca/?city=Santo amaro da imperatriz&state=SC
201,http://www.magazineluiza.com.br/nossas-lojas/busca/?city=Sao bento do sul&state=SC
202,http://www.magazineluiza.com.br/nossas-lojas/busca/?city=Sao francisco do sul&state=SC
203,http://www.magazineluiza.com.br/nossas-lojas/busca/?city=Sao joaquim&state=SC
204,http://www.magazineluiza.com.br/nossas-lojas/busca/?city=Sao jose&state=SC
205,http://www.magazineluiza.com.br/nossas-lojas/busca/?city=Sao miguel do oeste&state=SC
206,http://www.magazineluiza.com.br/nossas-lojas/busca/?city=Americo brasiliense&state=SP
207,http://www.magazineluiza.com.br/nossas-lojas/busca/?city=Artur nogueira&state=SP
208,http://www.magazineluiza.com.br/nossas-lojas/busca/?city=Barra bonita&state=SP
209,http://www.magazineluiza.com.br/nossas-lojas/busca/?city=Braganca paulista&state=SP
210,http://www.magazineluiza.com.br/nossas-lojas/busca/?city=Candido mota&state=SP
211,http://www.magazineluiza.com.br/nossas-lojas/busca/?city=Casa branca&state=SP
212,http://www.magazineluiza.com.br/nossas-lojas/busca/?city=Dois corregos&state=SP
213,http://www.magazineluiza.com.br/nossas-lojas/busca/?city=Espirito santo do pinhal&state=SP
214,http://www.magazineluiza.com.br/nossas-lojas/busca/?city=Ferraz de vasconcelos&state=SP
215,http://www.magazineluiza.com.br/nossas-lojas/busca/?city=Francisco morato&state=SP
216,http://www.magazineluiza.com.br/nossas-lojas/busca/?city=Franco da rocha&state=SP
217,http://www.magazineluiza.com.br/nossas-lojas/busca/?city=Igaracu do tiete&state=SP
218,http://www.magazineluiza.com.br/nossas-lojas/busca/?city=Ilha solteira&state=SP
219,http://www.magazineluiza.com.br/nossas-lojas/busca/?city=Itapecerica da serra&state=SP
220,http://www.magazineluiza.com.br/nossas-lojas/busca/?city=Jose bonifacio&state=SP
221,http://www.magazineluiza.com.br/nossas-lojas/busca/?city=Laranjal paulista&state=SP
222,http://www.magazineluiza.com.br/nossas-lojas/busca/?city=Lencois paulista&state=SP
223,http://www.magazineluiza.com.br/nossas-lojas/busca/?city=Mogi das cruzes&state=SP
224,http://www.magazineluiza.com.br/nossas-lojas/busca/?city=Mogi guacu&state=SP
225,http://www.magazineluiza.com.br/nossas-lojas/busca/?city=Mogi mirim&state=SP
226,http://www.magazineluiza.com.br/nossas-lojas/busca/?city=Monte alto&state=SP
227,http://www.magazineluiza.com.br/nossas-lojas/busca/?city=Monte aprazivel&state=SP
228,http://www.magazineluiza.com.br/nossas-lojas/busca/?city=Monte azul paulista&state=SP
229,http://www.magazineluiza.com.br/nossas-lojas/busca/?city=Monte mor&state=SP
230,http://www.magazineluiza.com.br/nossas-lojas/busca/?city=Morro agudo&state=SP
231,http://www.magazineluiza.com.br/nossas-lojas/busca/?city=Nova granada&state=SP
232,http://www.magazineluiza.com.br/nossas-lojas/busca/?city=Nova odessa&state=SP
233,http://www.magazineluiza.com.br/nossas-lojas/busca/?city=Novo horizonte&state=SP
234,http://www.magazineluiza.com.br/nossas-lojas/busca/?city=Osvaldo cruz&state=SP
235,http://www.magazineluiza.com.br/nossas-lojas/busca/?city=Paraguacu paulista&state=SP
236,http://www.magazineluiza.com.br/nossas-lojas/busca/?city=Pereira barreto&state=SP
237,http://www.magazineluiza.com.br/nossas-lojas/busca/?city=Porto feliz&state=SP
238,http://www.magazineluiza.com.br/nossas-lojas/busca/?city=Porto ferreira&state=SP
239,http://www.magazineluiza.com.br/nossas-lojas/busca/?city=Praia grande&state=SP
240,http://www.magazineluiza.com.br/nossas-lojas/busca/?city=Presidente epitacio&state=SP
241,http://www.magazineluiza.com.br/nossas-lojas/busca/?city=Presidente prudente&state=SP
242,http://www.magazineluiza.com.br/nossas-lojas/busca/?city=Presidente venceslau&state=SP
243,http://www.magazineluiza.com.br/nossas-lojas/busca/?city=Regente feijo&state=SP
244,http://www.magazineluiza.com.br/nossas-lojas/busca/?city=Ribeirao preto&state=SP
245,http://www.magazineluiza.com.br/nossas-lojas/busca/?city=Rio claro&state=SP
246,http://www.magazineluiza.com.br/nossas-lojas/busca/?city=Rio das pedras&state=SP
247,http://www.magazineluiza.com.br/nossas-lojas/busca/?city=Santa barbara doeste&state=SP
248,http://www.magazineluiza.com.br/nossas-lojas/busca/?city=Santa cruz das palmeiras&state=SP
249,http://www.magazineluiza.com.br/nossas-lojas/busca/?city=Santa cruz do rio pardo&state=SP
250,http://www.magazineluiza.com.br/nossas-lojas/busca/?city=Santa fe do sul&state=SP
251,http://www.magazineluiza.com.br/nossas-lojas/busca/?city=Santa isabel&state=SP
252,http://www.magazineluiza.com.br/nossas-lojas/busca/?city=Santa rita do passa quatro&state=SP
253,http://www.magazineluiza.com.br/nossas-lojas/busca/?city=Santa rosa de viterbo&state=SP
254,http://www.magazineluiza.com.br/nossas-lojas/busca/?city=Santana de parnaiba&state=SP
255,http://www.magazineluiza.com.br/nossas-lojas/busca/?city=Santo anastacio&state=SP
256,http://www.magazineluiza.com.br/nossas-lojas/busca/?city=Santo andre&state=SP
257,http://www.magazineluiza.com.br/nossas-lojas/busca/?city=Santo antonio de posse&state=SP
258,http://www.magazineluiza.com.br/nossas-lojas/busca/?city=Sao bernardo do campo&state=SP
259,http://www.magazineluiza.com.br/nossas-lojas/busca/?city=Sao caetano do sul&state=SP
260,http://www.magazineluiza.com.br/nossas-lojas/busca/?city=Sao carlos&state=SP
261,http://www.magazineluiza.com.br/nossas-lojas/busca/?city=Sao joao da boa vista&state=SP
262,http://www.magazineluiza.com.br/nossas-lojas/busca/?city=Sao joaquim da barra&state=SP
263,http://www.magazineluiza.com.br/nossas-lojas/busca/?city=Sao jose do rio pardo&state=SP
264,http://www.magazineluiza.com.br/nossas-lojas/busca/?city=Sao jose do rio preto&state=SP
265,http://www.magazineluiza.com.br/nossas-lojas/busca/?city=Sao jose dos campos&state=SP
266,http://www.magazineluiza.com.br/nossas-lojas/busca/?city=Sao manuel&state=SP
267,http://www.magazineluiza.com.br/nossas-lojas/busca/?city=Sao paulo&state=SP
268,http://www.magazineluiza.com.br/nossas-lojas/busca/?city=Sao pedro&state=SP
269,http://www.magazineluiza.com.br/nossas-lojas/busca/?city=Sao roque&state=SP
270,http://www.magazineluiza.com.br/nossas-lojas/busca/?city=Sao sebastiao&state=SP
271,http://www.magazineluiza.com.br/nossas-lojas/busca/?city=Sao vicente&state=SP
272,http://www.magazineluiza.com.br/nossas-lojas/busca/?city=Serra negra&state=SP
273,http://www.magazineluiza.com.br/nossas-lojas/busca/?city=Taboao da serra&state=SP
274,http://www.magazineluiza.com.br/nossas-lojas/busca/?city=Teodoro sampaio&state=SP
275,http://www.magazineluiza.com.br/nossas-lojas/busca/?city=Vargem grande do sul&state=SP
276,http://www.magazineluiza.com.br/nossas-lojas/busca/?city=Caninde de sao francisco&state=SE
277,http://www.magazineluiza.com.br/nossas-lojas/busca/?city=Nossa senhora da gloria&state=SE
278,http://www.magazineluiza.com.br/nossas-lojas/busca/?city=Nossa senhora do socorro&state=SE
279,http://www.magazineluiza.com.br/nossas-lojas/busca/?city=Tobias barreto&state=SE
280,http://www.magazineluiza.com.br/javascript: void(0);
281,http://www.magazineluiza.com.br/javascript: void(0);
282,http://www.magazineluiza.com.br/javascript: void(0);
283,http://www.magazineluiza.com.br/javascript: void(0);
284,https://www.magazineluiza.com.brsamsung-galaxy-s9-e-s9/celulares-e-smartphones/s/te/gas9/
285,http://www.magazineluiza.com.br/javascript: void(0);
286,http://www.magazineluiza.com.br/javascript: void(0);
287,http://www.magazineluiza.com.br/javascript: void(0);
288,http://www.magazineluiza.com.br/javascript: void(0);
289,http://www.magazineluiza.com.br/javascript: void(0);
290,http://www.magazineluiza.com.br/javascript: void(0);
291,http://www.magazineluiza.com.br/javascript: void(0);
